2025-12-06T00:00:01.945+02:00  WARN 18296 --- [HikariPool-POSTGRE:connection-adder] com.zaxxer.hikari.pool.PoolBase          : HikariPool-POSTGRE - Pool is empty, failed to create/setup connection (9a2ca22e-3fb0-4bc9-bd9c-cde42d0aa28a)

org.postgresql.util.PSQLException: The connection attempt failed.
	at org.postgresql.core.v3.ConnectionFactoryImpl.openConnectionImpl(ConnectionFactoryImpl.java:385) ~[postgresql-42.7.8.jar:42.7.8]
	at org.postgresql.core.ConnectionFactory.openConnection(ConnectionFactory.java:57) ~[postgresql-42.7.8.jar:42.7.8]
	at org.postgresql.jdbc.PgConnection.<init>(PgConnection.java:279) ~[postgresql-42.7.8.jar:42.7.8]
	at org.postgresql.Driver.makeConnection(Driver.java:448) ~[postgresql-42.7.8.jar:42.7.8]
	at org.postgresql.Driver.connect(Driver.java:298) ~[postgresql-42.7.8.jar:42.7.8]
	at com.zaxxer.hikari.util.DriverDataSource.getConnection(DriverDataSource.java:144) ~[HikariCP-7.0.2.jar:na]
	at com.zaxxer.hikari.pool.PoolBase.newConnection(PoolBase.java:373) ~[HikariCP-7.0.2.jar:na]
	at com.zaxxer.hikari.pool.PoolBase.newPoolEntry(PoolBase.java:210) ~[HikariCP-7.0.2.jar:na]
	at com.zaxxer.hikari.pool.HikariPool.createPoolEntry(HikariPool.java:488) ~[HikariCP-7.0.2.jar:na]
	at com.zaxxer.hikari.pool.HikariPool$PoolEntryCreator.call(HikariPool.java:752) ~[HikariCP-7.0.2.jar:na]
	at com.zaxxer.hikari.pool.HikariPool$PoolEntryCreator.call(HikariPool.java:731) ~[HikariCP-7.0.2.jar:na]
	at java.base/java.util.concurrent.FutureTask.run(FutureTask.java:317) ~[na:na]
	at java.base/java.util.concurrent.ThreadPoolExecutor.runWorker(ThreadPoolExecutor.java:1144) ~[na:na]
	at java.base/java.util.concurrent.ThreadPoolExecutor$Worker.run(ThreadPoolExecutor.java:642) ~[na:na]
	at java.base/java.lang.Thread.run(Thread.java:1583) ~[na:na]
Caused by: java.net.UnknownHostException: dpg-d4i2omjuibrs73du8tbg-a.oregon-postgres.render.com
	at java.base/sun.nio.ch.NioSocketImpl.connect(NioSocketImpl.java:567) ~[na:na]
	at java.base/java.net.SocksSocketImpl.connect(SocksSocketImpl.java:327) ~[na:na]
	at java.base/java.net.Socket.connect(Socket.java:751) ~[na:na]
	at org.postgresql.core.PGStream.createSocket(PGStream.java:261) ~[postgresql-42.7.8.jar:42.7.8]
	at org.postgresql.core.PGStream.<init>(PGStream.java:122) ~[postgresql-42.7.8.jar:42.7.8]
	at org.postgresql.core.v3.ConnectionFactoryImpl.tryConnect(ConnectionFactoryImpl.java:146) ~[postgresql-42.7.8.jar:42.7.8]
	at org.postgresql.core.v3.ConnectionFactoryImpl.openConnectionImpl(ConnectionFactoryImpl.java:289) ~[postgresql-42.7.8.jar:42.7.8]
	... 14 common frames omitted

2025-12-06T00:01:07.340+02:00  WARN 18296 --- [HikariPool-POSTGRE:connection-adder] com.zaxxer.hikari.pool.PoolBase          : HikariPool-POSTGRE - Pool is empty, failed to create/setup connection (c7d54148-f0bd-4320-a215-5c08bd882f37)

org.postgresql.util.PSQLException: The connection attempt failed.
	at org.postgresql.core.v3.ConnectionFactoryImpl.openConnectionImpl(ConnectionFactoryImpl.java:385) ~[postgresql-42.7.8.jar:42.7.8]
	at org.postgresql.core.ConnectionFactory.openConnection(ConnectionFactory.java:57) ~[postgresql-42.7.8.jar:42.7.8]
	at org.postgresql.jdbc.PgConnection.<init>(PgConnection.java:279) ~[postgresql-42.7.8.jar:42.7.8]
	at org.postgresql.Driver.makeConnection(Driver.java:448) ~[postgresql-42.7.8.jar:42.7.8]
	at org.postgresql.Driver.connect(Driver.java:298) ~[postgresql-42.7.8.jar:42.7.8]
	at com.zaxxer.hikari.util.DriverDataSource.getConnection(DriverDataSource.java:144) ~[HikariCP-7.0.2.jar:na]
	at com.zaxxer.hikari.pool.PoolBase.newConnection(PoolBase.java:373) ~[HikariCP-7.0.2.jar:na]
	at com.zaxxer.hikari.pool.PoolBase.newPoolEntry(PoolBase.java:210) ~[HikariCP-7.0.2.jar:na]
	at com.zaxxer.hikari.pool.HikariPool.createPoolEntry(HikariPool.java:488) ~[HikariCP-7.0.2.jar:na]
	at com.zaxxer.hikari.pool.HikariPool$PoolEntryCreator.call(HikariPool.java:752) ~[HikariCP-7.0.2.jar:na]
	at com.zaxxer.hikari.pool.HikariPool$PoolEntryCreator.call(HikariPool.java:731) ~[HikariCP-7.0.2.jar:na]
	at java.base/java.util.concurrent.FutureTask.run(FutureTask.java:317) ~[na:na]
	at java.base/java.util.concurrent.ThreadPoolExecutor.runWorker(ThreadPoolExecutor.java:1144) ~[na:na]
	at java.base/java.util.concurrent.ThreadPoolExecutor$Worker.run(ThreadPoolExecutor.java:642) ~[na:na]
	at java.base/java.lang.Thread.run(Thread.java:1583) ~[na:na]
Caused by: java.net.UnknownHostException: dpg-d4i2omjuibrs73du8tbg-a.oregon-postgres.render.com
	at java.base/sun.nio.ch.NioSocketImpl.connect(NioSocketImpl.java:567) ~[na:na]
	at java.base/java.net.SocksSocketImpl.connect(SocksSocketImpl.java:327) ~[na:na]
	at java.base/java.net.Socket.connect(Socket.java:751) ~[na:na]
	at org.postgresql.core.PGStream.createSocket(PGStream.java:261) ~[postgresql-42.7.8.jar:42.7.8]
	at org.postgresql.core.PGStream.<init>(PGStream.java:122) ~[postgresql-42.7.8.jar:42.7.8]
	at org.postgresql.core.v3.ConnectionFactoryImpl.tryConnect(ConnectionFactoryImpl.java:146) ~[postgresql-42.7.8.jar:42.7.8]
	at org.postgresql.core.v3.ConnectionFactoryImpl.openConnectionImpl(ConnectionFactoryImpl.java:289) ~[postgresql-42.7.8.jar:42.7.8]
	... 14 common frames omitted

2025-12-06T00:02:12.472+02:00  WARN 18296 --- [HikariPool-POSTGRE:connection-adder] com.zaxxer.hikari.pool.PoolBase          : HikariPool-POSTGRE - Pool is empty, failed to create/setup connection (f7ba2d0a-bf2d-4012-9509-3690519f1f78)

org.postgresql.util.PSQLException: The connection attempt failed.
	at org.postgresql.core.v3.ConnectionFactoryImpl.openConnectionImpl(ConnectionFactoryImpl.java:385) ~[postgresql-42.7.8.jar:42.7.8]
	at org.postgresql.core.ConnectionFactory.openConnection(ConnectionFactory.java:57) ~[postgresql-42.7.8.jar:42.7.8]
	at org.postgresql.jdbc.PgConnection.<init>(PgConnection.java:279) ~[postgresql-42.7.8.jar:42.7.8]
	at org.postgresql.Driver.makeConnection(Driver.java:448) ~[postgresql-42.7.8.jar:42.7.8]
	at org.postgresql.Driver.connect(Driver.java:298) ~[postgresql-42.7.8.jar:42.7.8]
	at com.zaxxer.hikari.util.DriverDataSource.getConnection(DriverDataSource.java:144) ~[HikariCP-7.0.2.jar:na]
	at com.zaxxer.hikari.pool.PoolBase.newConnection(PoolBase.java:373) ~[HikariCP-7.0.2.jar:na]
	at com.zaxxer.hikari.pool.PoolBase.newPoolEntry(PoolBase.java:210) ~[HikariCP-7.0.2.jar:na]
	at com.zaxxer.hikari.pool.HikariPool.createPoolEntry(HikariPool.java:488) ~[HikariCP-7.0.2.jar:na]
	at com.zaxxer.hikari.pool.HikariPool$PoolEntryCreator.call(HikariPool.java:752) ~[HikariCP-7.0.2.jar:na]
	at com.zaxxer.hikari.pool.HikariPool$PoolEntryCreator.call(HikariPool.java:731) ~[HikariCP-7.0.2.jar:na]
	at java.base/java.util.concurrent.FutureTask.run(FutureTask.java:317) ~[na:na]
	at java.base/java.util.concurrent.ThreadPoolExecutor.runWorker(ThreadPoolExecutor.java:1144) ~[na:na]
	at java.base/java.util.concurrent.ThreadPoolExecutor$Worker.run(ThreadPoolExecutor.java:642) ~[na:na]
	at java.base/java.lang.Thread.run(Thread.java:1583) ~[na:na]
Caused by: java.net.UnknownHostException: dpg-d4i2omjuibrs73du8tbg-a.oregon-postgres.render.com
	at java.base/sun.nio.ch.NioSocketImpl.connect(NioSocketImpl.java:567) ~[na:na]
	at java.base/java.net.SocksSocketImpl.connect(SocksSocketImpl.java:327) ~[na:na]
	at java.base/java.net.Socket.connect(Socket.java:751) ~[na:na]
	at org.postgresql.core.PGStream.createSocket(PGStream.java:261) ~[postgresql-42.7.8.jar:42.7.8]
	at org.postgresql.core.PGStream.<init>(PGStream.java:122) ~[postgresql-42.7.8.jar:42.7.8]
	at org.postgresql.core.v3.ConnectionFactoryImpl.tryConnect(ConnectionFactoryImpl.java:146) ~[postgresql-42.7.8.jar:42.7.8]
	at org.postgresql.core.v3.ConnectionFactoryImpl.openConnectionImpl(ConnectionFactoryImpl.java:289) ~[postgresql-42.7.8.jar:42.7.8]
	... 14 common frames omitted

2025-12-06T00:03:17.606+02:00  WARN 18296 --- [HikariPool-POSTGRE:connection-adder] com.zaxxer.hikari.pool.PoolBase          : HikariPool-POSTGRE - Pool is empty, failed to create/setup connection (f7032595-a53d-4b13-8ba7-1680a3044aed)

org.postgresql.util.PSQLException: The connection attempt failed.
	at org.postgresql.core.v3.ConnectionFactoryImpl.openConnectionImpl(ConnectionFactoryImpl.java:385) ~[postgresql-42.7.8.jar:42.7.8]
	at org.postgresql.core.ConnectionFactory.openConnection(ConnectionFactory.java:57) ~[postgresql-42.7.8.jar:42.7.8]
	at org.postgresql.jdbc.PgConnection.<init>(PgConnection.java:279) ~[postgresql-42.7.8.jar:42.7.8]
	at org.postgresql.Driver.makeConnection(Driver.java:448) ~[postgresql-42.7.8.jar:42.7.8]
	at org.postgresql.Driver.connect(Driver.java:298) ~[postgresql-42.7.8.jar:42.7.8]
	at com.zaxxer.hikari.util.DriverDataSource.getConnection(DriverDataSource.java:144) ~[HikariCP-7.0.2.jar:na]
	at com.zaxxer.hikari.pool.PoolBase.newConnection(PoolBase.java:373) ~[HikariCP-7.0.2.jar:na]
	at com.zaxxer.hikari.pool.PoolBase.newPoolEntry(PoolBase.java:210) ~[HikariCP-7.0.2.jar:na]
	at com.zaxxer.hikari.pool.HikariPool.createPoolEntry(HikariPool.java:488) ~[HikariCP-7.0.2.jar:na]
	at com.zaxxer.hikari.pool.HikariPool$PoolEntryCreator.call(HikariPool.java:752) ~[HikariCP-7.0.2.jar:na]
	at com.zaxxer.hikari.pool.HikariPool$PoolEntryCreator.call(HikariPool.java:731) ~[HikariCP-7.0.2.jar:na]
	at java.base/java.util.concurrent.FutureTask.run(FutureTask.java:317) ~[na:na]
	at java.base/java.util.concurrent.ThreadPoolExecutor.runWorker(ThreadPoolExecutor.java:1144) ~[na:na]
	at java.base/java.util.concurrent.ThreadPoolExecutor$Worker.run(ThreadPoolExecutor.java:642) ~[na:na]
	at java.base/java.lang.Thread.run(Thread.java:1583) ~[na:na]
Caused by: java.net.UnknownHostException: dpg-d4i2omjuibrs73du8tbg-a.oregon-postgres.render.com
	at java.base/sun.nio.ch.NioSocketImpl.connect(NioSocketImpl.java:567) ~[na:na]
	at java.base/java.net.SocksSocketImpl.connect(SocksSocketImpl.java:327) ~[na:na]
	at java.base/java.net.Socket.connect(Socket.java:751) ~[na:na]
	at org.postgresql.core.PGStream.createSocket(PGStream.java:261) ~[postgresql-42.7.8.jar:42.7.8]
	at org.postgresql.core.PGStream.<init>(PGStream.java:122) ~[postgresql-42.7.8.jar:42.7.8]
	at org.postgresql.core.v3.ConnectionFactoryImpl.tryConnect(ConnectionFactoryImpl.java:146) ~[postgresql-42.7.8.jar:42.7.8]
	at org.postgresql.core.v3.ConnectionFactoryImpl.openConnectionImpl(ConnectionFactoryImpl.java:289) ~[postgresql-42.7.8.jar:42.7.8]
	... 14 common frames omitted

2025-12-06T00:04:22.758+02:00  WARN 18296 --- [HikariPool-POSTGRE:connection-adder] com.zaxxer.hikari.pool.PoolBase          : HikariPool-POSTGRE - Pool is empty, failed to create/setup connection (cecda5d0-0d9e-4445-82f0-ed9821687fb0)

org.postgresql.util.PSQLException: The connection attempt failed.
	at org.postgresql.core.v3.ConnectionFactoryImpl.openConnectionImpl(ConnectionFactoryImpl.java:385) ~[postgresql-42.7.8.jar:42.7.8]
	at org.postgresql.core.ConnectionFactory.openConnection(ConnectionFactory.java:57) ~[postgresql-42.7.8.jar:42.7.8]
	at org.postgresql.jdbc.PgConnection.<init>(PgConnection.java:279) ~[postgresql-42.7.8.jar:42.7.8]
	at org.postgresql.Driver.makeConnection(Driver.java:448) ~[postgresql-42.7.8.jar:42.7.8]
	at org.postgresql.Driver.connect(Driver.java:298) ~[postgresql-42.7.8.jar:42.7.8]
	at com.zaxxer.hikari.util.DriverDataSource.getConnection(DriverDataSource.java:144) ~[HikariCP-7.0.2.jar:na]
	at com.zaxxer.hikari.pool.PoolBase.newConnection(PoolBase.java:373) ~[HikariCP-7.0.2.jar:na]
	at com.zaxxer.hikari.pool.PoolBase.newPoolEntry(PoolBase.java:210) ~[HikariCP-7.0.2.jar:na]
	at com.zaxxer.hikari.pool.HikariPool.createPoolEntry(HikariPool.java:488) ~[HikariCP-7.0.2.jar:na]
	at com.zaxxer.hikari.pool.HikariPool$PoolEntryCreator.call(HikariPool.java:752) ~[HikariCP-7.0.2.jar:na]
	at com.zaxxer.hikari.pool.HikariPool$PoolEntryCreator.call(HikariPool.java:731) ~[HikariCP-7.0.2.jar:na]
	at java.base/java.util.concurrent.FutureTask.run(FutureTask.java:317) ~[na:na]
	at java.base/java.util.concurrent.ThreadPoolExecutor.runWorker(ThreadPoolExecutor.java:1144) ~[na:na]
	at java.base/java.util.concurrent.ThreadPoolExecutor$Worker.run(ThreadPoolExecutor.java:642) ~[na:na]
	at java.base/java.lang.Thread.run(Thread.java:1583) ~[na:na]
Caused by: java.net.UnknownHostException: dpg-d4i2omjuibrs73du8tbg-a.oregon-postgres.render.com
	at java.base/sun.nio.ch.NioSocketImpl.connect(NioSocketImpl.java:567) ~[na:na]
	at java.base/java.net.SocksSocketImpl.connect(SocksSocketImpl.java:327) ~[na:na]
	at java.base/java.net.Socket.connect(Socket.java:751) ~[na:na]
	at org.postgresql.core.PGStream.createSocket(PGStream.java:261) ~[postgresql-42.7.8.jar:42.7.8]
	at org.postgresql.core.PGStream.<init>(PGStream.java:122) ~[postgresql-42.7.8.jar:42.7.8]
	at org.postgresql.core.v3.ConnectionFactoryImpl.tryConnect(ConnectionFactoryImpl.java:146) ~[postgresql-42.7.8.jar:42.7.8]
	at org.postgresql.core.v3.ConnectionFactoryImpl.openConnectionImpl(ConnectionFactoryImpl.java:289) ~[postgresql-42.7.8.jar:42.7.8]
	... 14 common frames omitted

2025-12-06T00:05:27.910+02:00  WARN 18296 --- [HikariPool-POSTGRE:connection-adder] com.zaxxer.hikari.pool.PoolBase          : HikariPool-POSTGRE - Pool is empty, failed to create/setup connection (62e012f1-4c75-4d25-80dc-463e4be6c41f)

org.postgresql.util.PSQLException: The connection attempt failed.
	at org.postgresql.core.v3.ConnectionFactoryImpl.openConnectionImpl(ConnectionFactoryImpl.java:385) ~[postgresql-42.7.8.jar:42.7.8]
	at org.postgresql.core.ConnectionFactory.openConnection(ConnectionFactory.java:57) ~[postgresql-42.7.8.jar:42.7.8]
	at org.postgresql.jdbc.PgConnection.<init>(PgConnection.java:279) ~[postgresql-42.7.8.jar:42.7.8]
	at org.postgresql.Driver.makeConnection(Driver.java:448) ~[postgresql-42.7.8.jar:42.7.8]
	at org.postgresql.Driver.connect(Driver.java:298) ~[postgresql-42.7.8.jar:42.7.8]
	at com.zaxxer.hikari.util.DriverDataSource.getConnection(DriverDataSource.java:144) ~[HikariCP-7.0.2.jar:na]
	at com.zaxxer.hikari.pool.PoolBase.newConnection(PoolBase.java:373) ~[HikariCP-7.0.2.jar:na]
	at com.zaxxer.hikari.pool.PoolBase.newPoolEntry(PoolBase.java:210) ~[HikariCP-7.0.2.jar:na]
	at com.zaxxer.hikari.pool.HikariPool.createPoolEntry(HikariPool.java:488) ~[HikariCP-7.0.2.jar:na]
	at com.zaxxer.hikari.pool.HikariPool$PoolEntryCreator.call(HikariPool.java:752) ~[HikariCP-7.0.2.jar:na]
	at com.zaxxer.hikari.pool.HikariPool$PoolEntryCreator.call(HikariPool.java:731) ~[HikariCP-7.0.2.jar:na]
	at java.base/java.util.concurrent.FutureTask.run(FutureTask.java:317) ~[na:na]
	at java.base/java.util.concurrent.ThreadPoolExecutor.runWorker(ThreadPoolExecutor.java:1144) ~[na:na]
	at java.base/java.util.concurrent.ThreadPoolExecutor$Worker.run(ThreadPoolExecutor.java:642) ~[na:na]
	at java.base/java.lang.Thread.run(Thread.java:1583) ~[na:na]
Caused by: java.net.UnknownHostException: dpg-d4i2omjuibrs73du8tbg-a.oregon-postgres.render.com
	at java.base/sun.nio.ch.NioSocketImpl.connect(NioSocketImpl.java:567) ~[na:na]
	at java.base/java.net.SocksSocketImpl.connect(SocksSocketImpl.java:327) ~[na:na]
	at java.base/java.net.Socket.connect(Socket.java:751) ~[na:na]
	at org.postgresql.core.PGStream.createSocket(PGStream.java:261) ~[postgresql-42.7.8.jar:42.7.8]
	at org.postgresql.core.PGStream.<init>(PGStream.java:122) ~[postgresql-42.7.8.jar:42.7.8]
	at org.postgresql.core.v3.ConnectionFactoryImpl.tryConnect(ConnectionFactoryImpl.java:146) ~[postgresql-42.7.8.jar:42.7.8]
	at org.postgresql.core.v3.ConnectionFactoryImpl.openConnectionImpl(ConnectionFactoryImpl.java:289) ~[postgresql-42.7.8.jar:42.7.8]
	... 14 common frames omitted

2025-12-06T00:06:33.063+02:00  WARN 18296 --- [HikariPool-POSTGRE:connection-adder] com.zaxxer.hikari.pool.PoolBase          : HikariPool-POSTGRE - Pool is empty, failed to create/setup connection (0c8a0dc5-96c2-46ca-ac0c-559d605c9861)

org.postgresql.util.PSQLException: The connection attempt failed.
	at org.postgresql.core.v3.ConnectionFactoryImpl.openConnectionImpl(ConnectionFactoryImpl.java:385) ~[postgresql-42.7.8.jar:42.7.8]
	at org.postgresql.core.ConnectionFactory.openConnection(ConnectionFactory.java:57) ~[postgresql-42.7.8.jar:42.7.8]
	at org.postgresql.jdbc.PgConnection.<init>(PgConnection.java:279) ~[postgresql-42.7.8.jar:42.7.8]
	at org.postgresql.Driver.makeConnection(Driver.java:448) ~[postgresql-42.7.8.jar:42.7.8]
	at org.postgresql.Driver.connect(Driver.java:298) ~[postgresql-42.7.8.jar:42.7.8]
	at com.zaxxer.hikari.util.DriverDataSource.getConnection(DriverDataSource.java:144) ~[HikariCP-7.0.2.jar:na]
	at com.zaxxer.hikari.pool.PoolBase.newConnection(PoolBase.java:373) ~[HikariCP-7.0.2.jar:na]
	at com.zaxxer.hikari.pool.PoolBase.newPoolEntry(PoolBase.java:210) ~[HikariCP-7.0.2.jar:na]
	at com.zaxxer.hikari.pool.HikariPool.createPoolEntry(HikariPool.java:488) ~[HikariCP-7.0.2.jar:na]
	at com.zaxxer.hikari.pool.HikariPool$PoolEntryCreator.call(HikariPool.java:752) ~[HikariCP-7.0.2.jar:na]
	at com.zaxxer.hikari.pool.HikariPool$PoolEntryCreator.call(HikariPool.java:731) ~[HikariCP-7.0.2.jar:na]
	at java.base/java.util.concurrent.FutureTask.run(FutureTask.java:317) ~[na:na]
	at java.base/java.util.concurrent.ThreadPoolExecutor.runWorker(ThreadPoolExecutor.java:1144) ~[na:na]
	at java.base/java.util.concurrent.ThreadPoolExecutor$Worker.run(ThreadPoolExecutor.java:642) ~[na:na]
	at java.base/java.lang.Thread.run(Thread.java:1583) ~[na:na]
Caused by: java.net.UnknownHostException: dpg-d4i2omjuibrs73du8tbg-a.oregon-postgres.render.com
	at java.base/sun.nio.ch.NioSocketImpl.connect(NioSocketImpl.java:567) ~[na:na]
	at java.base/java.net.SocksSocketImpl.connect(SocksSocketImpl.java:327) ~[na:na]
	at java.base/java.net.Socket.connect(Socket.java:751) ~[na:na]
	at org.postgresql.core.PGStream.createSocket(PGStream.java:261) ~[postgresql-42.7.8.jar:42.7.8]
	at org.postgresql.core.PGStream.<init>(PGStream.java:122) ~[postgresql-42.7.8.jar:42.7.8]
	at org.postgresql.core.v3.ConnectionFactoryImpl.tryConnect(ConnectionFactoryImpl.java:146) ~[postgresql-42.7.8.jar:42.7.8]
	at org.postgresql.core.v3.ConnectionFactoryImpl.openConnectionImpl(ConnectionFactoryImpl.java:289) ~[postgresql-42.7.8.jar:42.7.8]
	... 14 common frames omitted

2025-12-06T00:07:38.190+02:00  WARN 18296 --- [HikariPool-POSTGRE:connection-adder] com.zaxxer.hikari.pool.PoolBase          : HikariPool-POSTGRE - Pool is empty, failed to create/setup connection (d388c997-17f0-4efd-a8d3-899f33624d85)

org.postgresql.util.PSQLException: The connection attempt failed.
	at org.postgresql.core.v3.ConnectionFactoryImpl.openConnectionImpl(ConnectionFactoryImpl.java:385) ~[postgresql-42.7.8.jar:42.7.8]
	at org.postgresql.core.ConnectionFactory.openConnection(ConnectionFactory.java:57) ~[postgresql-42.7.8.jar:42.7.8]
	at org.postgresql.jdbc.PgConnection.<init>(PgConnection.java:279) ~[postgresql-42.7.8.jar:42.7.8]
	at org.postgresql.Driver.makeConnection(Driver.java:448) ~[postgresql-42.7.8.jar:42.7.8]
	at org.postgresql.Driver.connect(Driver.java:298) ~[postgresql-42.7.8.jar:42.7.8]
	at com.zaxxer.hikari.util.DriverDataSource.getConnection(DriverDataSource.java:144) ~[HikariCP-7.0.2.jar:na]
	at com.zaxxer.hikari.pool.PoolBase.newConnection(PoolBase.java:373) ~[HikariCP-7.0.2.jar:na]
	at com.zaxxer.hikari.pool.PoolBase.newPoolEntry(PoolBase.java:210) ~[HikariCP-7.0.2.jar:na]
	at com.zaxxer.hikari.pool.HikariPool.createPoolEntry(HikariPool.java:488) ~[HikariCP-7.0.2.jar:na]
	at com.zaxxer.hikari.pool.HikariPool$PoolEntryCreator.call(HikariPool.java:752) ~[HikariCP-7.0.2.jar:na]
	at com.zaxxer.hikari.pool.HikariPool$PoolEntryCreator.call(HikariPool.java:731) ~[HikariCP-7.0.2.jar:na]
	at java.base/java.util.concurrent.FutureTask.run(FutureTask.java:317) ~[na:na]
	at java.base/java.util.concurrent.ThreadPoolExecutor.runWorker(ThreadPoolExecutor.java:1144) ~[na:na]
	at java.base/java.util.concurrent.ThreadPoolExecutor$Worker.run(ThreadPoolExecutor.java:642) ~[na:na]
	at java.base/java.lang.Thread.run(Thread.java:1583) ~[na:na]
Caused by: java.net.UnknownHostException: dpg-d4i2omjuibrs73du8tbg-a.oregon-postgres.render.com
	at java.base/sun.nio.ch.NioSocketImpl.connect(NioSocketImpl.java:567) ~[na:na]
	at java.base/java.net.SocksSocketImpl.connect(SocksSocketImpl.java:327) ~[na:na]
	at java.base/java.net.Socket.connect(Socket.java:751) ~[na:na]
	at org.postgresql.core.PGStream.createSocket(PGStream.java:261) ~[postgresql-42.7.8.jar:42.7.8]
	at org.postgresql.core.PGStream.<init>(PGStream.java:122) ~[postgresql-42.7.8.jar:42.7.8]
	at org.postgresql.core.v3.ConnectionFactoryImpl.tryConnect(ConnectionFactoryImpl.java:146) ~[postgresql-42.7.8.jar:42.7.8]
	at org.postgresql.core.v3.ConnectionFactoryImpl.openConnectionImpl(ConnectionFactoryImpl.java:289) ~[postgresql-42.7.8.jar:42.7.8]
	... 14 common frames omitted

2025-12-06T00:08:43.330+02:00  WARN 18296 --- [HikariPool-POSTGRE:connection-adder] com.zaxxer.hikari.pool.PoolBase          : HikariPool-POSTGRE - Pool is empty, failed to create/setup connection (f3515775-d3a7-4443-a81a-299d0decf56e)

org.postgresql.util.PSQLException: The connection attempt failed.
	at org.postgresql.core.v3.ConnectionFactoryImpl.openConnectionImpl(ConnectionFactoryImpl.java:385) ~[postgresql-42.7.8.jar:42.7.8]
	at org.postgresql.core.ConnectionFactory.openConnection(ConnectionFactory.java:57) ~[postgresql-42.7.8.jar:42.7.8]
	at org.postgresql.jdbc.PgConnection.<init>(PgConnection.java:279) ~[postgresql-42.7.8.jar:42.7.8]
	at org.postgresql.Driver.makeConnection(Driver.java:448) ~[postgresql-42.7.8.jar:42.7.8]
	at org.postgresql.Driver.connect(Driver.java:298) ~[postgresql-42.7.8.jar:42.7.8]
	at com.zaxxer.hikari.util.DriverDataSource.getConnection(DriverDataSource.java:144) ~[HikariCP-7.0.2.jar:na]
	at com.zaxxer.hikari.pool.PoolBase.newConnection(PoolBase.java:373) ~[HikariCP-7.0.2.jar:na]
	at com.zaxxer.hikari.pool.PoolBase.newPoolEntry(PoolBase.java:210) ~[HikariCP-7.0.2.jar:na]
	at com.zaxxer.hikari.pool.HikariPool.createPoolEntry(HikariPool.java:488) ~[HikariCP-7.0.2.jar:na]
	at com.zaxxer.hikari.pool.HikariPool$PoolEntryCreator.call(HikariPool.java:752) ~[HikariCP-7.0.2.jar:na]
	at com.zaxxer.hikari.pool.HikariPool$PoolEntryCreator.call(HikariPool.java:731) ~[HikariCP-7.0.2.jar:na]
	at java.base/java.util.concurrent.FutureTask.run(FutureTask.java:317) ~[na:na]
	at java.base/java.util.concurrent.ThreadPoolExecutor.runWorker(ThreadPoolExecutor.java:1144) ~[na:na]
	at java.base/java.util.concurrent.ThreadPoolExecutor$Worker.run(ThreadPoolExecutor.java:642) ~[na:na]
	at java.base/java.lang.Thread.run(Thread.java:1583) ~[na:na]
Caused by: java.net.UnknownHostException: dpg-d4i2omjuibrs73du8tbg-a.oregon-postgres.render.com
	at java.base/sun.nio.ch.NioSocketImpl.connect(NioSocketImpl.java:567) ~[na:na]
	at java.base/java.net.SocksSocketImpl.connect(SocksSocketImpl.java:327) ~[na:na]
	at java.base/java.net.Socket.connect(Socket.java:751) ~[na:na]
	at org.postgresql.core.PGStream.createSocket(PGStream.java:261) ~[postgresql-42.7.8.jar:42.7.8]
	at org.postgresql.core.PGStream.<init>(PGStream.java:122) ~[postgresql-42.7.8.jar:42.7.8]
	at org.postgresql.core.v3.ConnectionFactoryImpl.tryConnect(ConnectionFactoryImpl.java:146) ~[postgresql-42.7.8.jar:42.7.8]
	at org.postgresql.core.v3.ConnectionFactoryImpl.openConnectionImpl(ConnectionFactoryImpl.java:289) ~[postgresql-42.7.8.jar:42.7.8]
	... 14 common frames omitted

2025-12-06T00:09:48.476+02:00  WARN 18296 --- [HikariPool-POSTGRE:connection-adder] com.zaxxer.hikari.pool.PoolBase          : HikariPool-POSTGRE - Pool is empty, failed to create/setup connection (c8033d18-c0d2-4146-9772-fe4bacae085d)

org.postgresql.util.PSQLException: The connection attempt failed.
	at org.postgresql.core.v3.ConnectionFactoryImpl.openConnectionImpl(ConnectionFactoryImpl.java:385) ~[postgresql-42.7.8.jar:42.7.8]
	at org.postgresql.core.ConnectionFactory.openConnection(ConnectionFactory.java:57) ~[postgresql-42.7.8.jar:42.7.8]
	at org.postgresql.jdbc.PgConnection.<init>(PgConnection.java:279) ~[postgresql-42.7.8.jar:42.7.8]
	at org.postgresql.Driver.makeConnection(Driver.java:448) ~[postgresql-42.7.8.jar:42.7.8]
	at org.postgresql.Driver.connect(Driver.java:298) ~[postgresql-42.7.8.jar:42.7.8]
	at com.zaxxer.hikari.util.DriverDataSource.getConnection(DriverDataSource.java:144) ~[HikariCP-7.0.2.jar:na]
	at com.zaxxer.hikari.pool.PoolBase.newConnection(PoolBase.java:373) ~[HikariCP-7.0.2.jar:na]
	at com.zaxxer.hikari.pool.PoolBase.newPoolEntry(PoolBase.java:210) ~[HikariCP-7.0.2.jar:na]
	at com.zaxxer.hikari.pool.HikariPool.createPoolEntry(HikariPool.java:488) ~[HikariCP-7.0.2.jar:na]
	at com.zaxxer.hikari.pool.HikariPool$PoolEntryCreator.call(HikariPool.java:752) ~[HikariCP-7.0.2.jar:na]
	at com.zaxxer.hikari.pool.HikariPool$PoolEntryCreator.call(HikariPool.java:731) ~[HikariCP-7.0.2.jar:na]
	at java.base/java.util.concurrent.FutureTask.run(FutureTask.java:317) ~[na:na]
	at java.base/java.util.concurrent.ThreadPoolExecutor.runWorker(ThreadPoolExecutor.java:1144) ~[na:na]
	at java.base/java.util.concurrent.ThreadPoolExecutor$Worker.run(ThreadPoolExecutor.java:642) ~[na:na]
	at java.base/java.lang.Thread.run(Thread.java:1583) ~[na:na]
Caused by: java.net.UnknownHostException: dpg-d4i2omjuibrs73du8tbg-a.oregon-postgres.render.com
	at java.base/sun.nio.ch.NioSocketImpl.connect(NioSocketImpl.java:567) ~[na:na]
	at java.base/java.net.SocksSocketImpl.connect(SocksSocketImpl.java:327) ~[na:na]
	at java.base/java.net.Socket.connect(Socket.java:751) ~[na:na]
	at org.postgresql.core.PGStream.createSocket(PGStream.java:261) ~[postgresql-42.7.8.jar:42.7.8]
	at org.postgresql.core.PGStream.<init>(PGStream.java:122) ~[postgresql-42.7.8.jar:42.7.8]
	at org.postgresql.core.v3.ConnectionFactoryImpl.tryConnect(ConnectionFactoryImpl.java:146) ~[postgresql-42.7.8.jar:42.7.8]
	at org.postgresql.core.v3.ConnectionFactoryImpl.openConnectionImpl(ConnectionFactoryImpl.java:289) ~[postgresql-42.7.8.jar:42.7.8]
	... 14 common frames omitted

2025-12-06T00:10:53.605+02:00  WARN 18296 --- [HikariPool-POSTGRE:connection-adder] com.zaxxer.hikari.pool.PoolBase          : HikariPool-POSTGRE - Pool is empty, failed to create/setup connection (c49bbcb5-aa8c-4a98-b75f-4ab2e80d7f8e)

org.postgresql.util.PSQLException: The connection attempt failed.
	at org.postgresql.core.v3.ConnectionFactoryImpl.openConnectionImpl(ConnectionFactoryImpl.java:385) ~[postgresql-42.7.8.jar:42.7.8]
	at org.postgresql.core.ConnectionFactory.openConnection(ConnectionFactory.java:57) ~[postgresql-42.7.8.jar:42.7.8]
	at org.postgresql.jdbc.PgConnection.<init>(PgConnection.java:279) ~[postgresql-42.7.8.jar:42.7.8]
	at org.postgresql.Driver.makeConnection(Driver.java:448) ~[postgresql-42.7.8.jar:42.7.8]
	at org.postgresql.Driver.connect(Driver.java:298) ~[postgresql-42.7.8.jar:42.7.8]
	at com.zaxxer.hikari.util.DriverDataSource.getConnection(DriverDataSource.java:144) ~[HikariCP-7.0.2.jar:na]
	at com.zaxxer.hikari.pool.PoolBase.newConnection(PoolBase.java:373) ~[HikariCP-7.0.2.jar:na]
	at com.zaxxer.hikari.pool.PoolBase.newPoolEntry(PoolBase.java:210) ~[HikariCP-7.0.2.jar:na]
	at com.zaxxer.hikari.pool.HikariPool.createPoolEntry(HikariPool.java:488) ~[HikariCP-7.0.2.jar:na]
	at com.zaxxer.hikari.pool.HikariPool$PoolEntryCreator.call(HikariPool.java:752) ~[HikariCP-7.0.2.jar:na]
	at com.zaxxer.hikari.pool.HikariPool$PoolEntryCreator.call(HikariPool.java:731) ~[HikariCP-7.0.2.jar:na]
	at java.base/java.util.concurrent.FutureTask.run(FutureTask.java:317) ~[na:na]
	at java.base/java.util.concurrent.ThreadPoolExecutor.runWorker(ThreadPoolExecutor.java:1144) ~[na:na]
	at java.base/java.util.concurrent.ThreadPoolExecutor$Worker.run(ThreadPoolExecutor.java:642) ~[na:na]
	at java.base/java.lang.Thread.run(Thread.java:1583) ~[na:na]
Caused by: java.net.UnknownHostException: dpg-d4i2omjuibrs73du8tbg-a.oregon-postgres.render.com
	at java.base/sun.nio.ch.NioSocketImpl.connect(NioSocketImpl.java:567) ~[na:na]
	at java.base/java.net.SocksSocketImpl.connect(SocksSocketImpl.java:327) ~[na:na]
	at java.base/java.net.Socket.connect(Socket.java:751) ~[na:na]
	at org.postgresql.core.PGStream.createSocket(PGStream.java:261) ~[postgresql-42.7.8.jar:42.7.8]
	at org.postgresql.core.PGStream.<init>(PGStream.java:122) ~[postgresql-42.7.8.jar:42.7.8]
	at org.postgresql.core.v3.ConnectionFactoryImpl.tryConnect(ConnectionFactoryImpl.java:146) ~[postgresql-42.7.8.jar:42.7.8]
	at org.postgresql.core.v3.ConnectionFactoryImpl.openConnectionImpl(ConnectionFactoryImpl.java:289) ~[postgresql-42.7.8.jar:42.7.8]
	... 14 common frames omitted

2025-12-06T00:11:58.775+02:00  WARN 18296 --- [HikariPool-POSTGRE:connection-adder] com.zaxxer.hikari.pool.PoolBase          : HikariPool-POSTGRE - Pool is empty, failed to create/setup connection (6969dda1-aab4-4101-b4e5-a9e2e7ce4051)

org.postgresql.util.PSQLException: The connection attempt failed.
	at org.postgresql.core.v3.ConnectionFactoryImpl.openConnectionImpl(ConnectionFactoryImpl.java:385) ~[postgresql-42.7.8.jar:42.7.8]
	at org.postgresql.core.ConnectionFactory.openConnection(ConnectionFactory.java:57) ~[postgresql-42.7.8.jar:42.7.8]
	at org.postgresql.jdbc.PgConnection.<init>(PgConnection.java:279) ~[postgresql-42.7.8.jar:42.7.8]
	at org.postgresql.Driver.makeConnection(Driver.java:448) ~[postgresql-42.7.8.jar:42.7.8]
	at org.postgresql.Driver.connect(Driver.java:298) ~[postgresql-42.7.8.jar:42.7.8]
	at com.zaxxer.hikari.util.DriverDataSource.getConnection(DriverDataSource.java:144) ~[HikariCP-7.0.2.jar:na]
	at com.zaxxer.hikari.pool.PoolBase.newConnection(PoolBase.java:373) ~[HikariCP-7.0.2.jar:na]
	at com.zaxxer.hikari.pool.PoolBase.newPoolEntry(PoolBase.java:210) ~[HikariCP-7.0.2.jar:na]
	at com.zaxxer.hikari.pool.HikariPool.createPoolEntry(HikariPool.java:488) ~[HikariCP-7.0.2.jar:na]
	at com.zaxxer.hikari.pool.HikariPool$PoolEntryCreator.call(HikariPool.java:752) ~[HikariCP-7.0.2.jar:na]
	at com.zaxxer.hikari.pool.HikariPool$PoolEntryCreator.call(HikariPool.java:731) ~[HikariCP-7.0.2.jar:na]
	at java.base/java.util.concurrent.FutureTask.run(FutureTask.java:317) ~[na:na]
	at java.base/java.util.concurrent.ThreadPoolExecutor.runWorker(ThreadPoolExecutor.java:1144) ~[na:na]
	at java.base/java.util.concurrent.ThreadPoolExecutor$Worker.run(ThreadPoolExecutor.java:642) ~[na:na]
	at java.base/java.lang.Thread.run(Thread.java:1583) ~[na:na]
Caused by: java.net.UnknownHostException: dpg-d4i2omjuibrs73du8tbg-a.oregon-postgres.render.com
	at java.base/sun.nio.ch.NioSocketImpl.connect(NioSocketImpl.java:567) ~[na:na]
	at java.base/java.net.SocksSocketImpl.connect(SocksSocketImpl.java:327) ~[na:na]
	at java.base/java.net.Socket.connect(Socket.java:751) ~[na:na]
	at org.postgresql.core.PGStream.createSocket(PGStream.java:261) ~[postgresql-42.7.8.jar:42.7.8]
	at org.postgresql.core.PGStream.<init>(PGStream.java:122) ~[postgresql-42.7.8.jar:42.7.8]
	at org.postgresql.core.v3.ConnectionFactoryImpl.tryConnect(ConnectionFactoryImpl.java:146) ~[postgresql-42.7.8.jar:42.7.8]
	at org.postgresql.core.v3.ConnectionFactoryImpl.openConnectionImpl(ConnectionFactoryImpl.java:289) ~[postgresql-42.7.8.jar:42.7.8]
	... 14 common frames omitted

2025-12-06T00:13:03.920+02:00  WARN 18296 --- [HikariPool-POSTGRE:connection-adder] com.zaxxer.hikari.pool.PoolBase          : HikariPool-POSTGRE - Pool is empty, failed to create/setup connection (288c0769-f4a1-49ef-9de1-bb0d473b3c6c)

org.postgresql.util.PSQLException: The connection attempt failed.
	at org.postgresql.core.v3.ConnectionFactoryImpl.openConnectionImpl(ConnectionFactoryImpl.java:385) ~[postgresql-42.7.8.jar:42.7.8]
	at org.postgresql.core.ConnectionFactory.openConnection(ConnectionFactory.java:57) ~[postgresql-42.7.8.jar:42.7.8]
	at org.postgresql.jdbc.PgConnection.<init>(PgConnection.java:279) ~[postgresql-42.7.8.jar:42.7.8]
	at org.postgresql.Driver.makeConnection(Driver.java:448) ~[postgresql-42.7.8.jar:42.7.8]
	at org.postgresql.Driver.connect(Driver.java:298) ~[postgresql-42.7.8.jar:42.7.8]
	at com.zaxxer.hikari.util.DriverDataSource.getConnection(DriverDataSource.java:144) ~[HikariCP-7.0.2.jar:na]
	at com.zaxxer.hikari.pool.PoolBase.newConnection(PoolBase.java:373) ~[HikariCP-7.0.2.jar:na]
	at com.zaxxer.hikari.pool.PoolBase.newPoolEntry(PoolBase.java:210) ~[HikariCP-7.0.2.jar:na]
	at com.zaxxer.hikari.pool.HikariPool.createPoolEntry(HikariPool.java:488) ~[HikariCP-7.0.2.jar:na]
	at com.zaxxer.hikari.pool.HikariPool$PoolEntryCreator.call(HikariPool.java:752) ~[HikariCP-7.0.2.jar:na]
	at com.zaxxer.hikari.pool.HikariPool$PoolEntryCreator.call(HikariPool.java:731) ~[HikariCP-7.0.2.jar:na]
	at java.base/java.util.concurrent.FutureTask.run(FutureTask.java:317) ~[na:na]
	at java.base/java.util.concurrent.ThreadPoolExecutor.runWorker(ThreadPoolExecutor.java:1144) ~[na:na]
	at java.base/java.util.concurrent.ThreadPoolExecutor$Worker.run(ThreadPoolExecutor.java:642) ~[na:na]
	at java.base/java.lang.Thread.run(Thread.java:1583) ~[na:na]
Caused by: java.net.UnknownHostException: dpg-d4i2omjuibrs73du8tbg-a.oregon-postgres.render.com
	at java.base/sun.nio.ch.NioSocketImpl.connect(NioSocketImpl.java:567) ~[na:na]
	at java.base/java.net.SocksSocketImpl.connect(SocksSocketImpl.java:327) ~[na:na]
	at java.base/java.net.Socket.connect(Socket.java:751) ~[na:na]
	at org.postgresql.core.PGStream.createSocket(PGStream.java:261) ~[postgresql-42.7.8.jar:42.7.8]
	at org.postgresql.core.PGStream.<init>(PGStream.java:122) ~[postgresql-42.7.8.jar:42.7.8]
	at org.postgresql.core.v3.ConnectionFactoryImpl.tryConnect(ConnectionFactoryImpl.java:146) ~[postgresql-42.7.8.jar:42.7.8]
	at org.postgresql.core.v3.ConnectionFactoryImpl.openConnectionImpl(ConnectionFactoryImpl.java:289) ~[postgresql-42.7.8.jar:42.7.8]
	... 14 common frames omitted

2025-12-06T00:14:09.031+02:00  WARN 18296 --- [HikariPool-POSTGRE:connection-adder] com.zaxxer.hikari.pool.PoolBase          : HikariPool-POSTGRE - Pool is empty, failed to create/setup connection (45435f93-4574-422c-babf-c95b76119468)

org.postgresql.util.PSQLException: The connection attempt failed.
	at org.postgresql.core.v3.ConnectionFactoryImpl.openConnectionImpl(ConnectionFactoryImpl.java:385) ~[postgresql-42.7.8.jar:42.7.8]
	at org.postgresql.core.ConnectionFactory.openConnection(ConnectionFactory.java:57) ~[postgresql-42.7.8.jar:42.7.8]
	at org.postgresql.jdbc.PgConnection.<init>(PgConnection.java:279) ~[postgresql-42.7.8.jar:42.7.8]
	at org.postgresql.Driver.makeConnection(Driver.java:448) ~[postgresql-42.7.8.jar:42.7.8]
	at org.postgresql.Driver.connect(Driver.java:298) ~[postgresql-42.7.8.jar:42.7.8]
	at com.zaxxer.hikari.util.DriverDataSource.getConnection(DriverDataSource.java:144) ~[HikariCP-7.0.2.jar:na]
	at com.zaxxer.hikari.pool.PoolBase.newConnection(PoolBase.java:373) ~[HikariCP-7.0.2.jar:na]
	at com.zaxxer.hikari.pool.PoolBase.newPoolEntry(PoolBase.java:210) ~[HikariCP-7.0.2.jar:na]
	at com.zaxxer.hikari.pool.HikariPool.createPoolEntry(HikariPool.java:488) ~[HikariCP-7.0.2.jar:na]
	at com.zaxxer.hikari.pool.HikariPool$PoolEntryCreator.call(HikariPool.java:752) ~[HikariCP-7.0.2.jar:na]
	at com.zaxxer.hikari.pool.HikariPool$PoolEntryCreator.call(HikariPool.java:731) ~[HikariCP-7.0.2.jar:na]
	at java.base/java.util.concurrent.FutureTask.run(FutureTask.java:317) ~[na:na]
	at java.base/java.util.concurrent.ThreadPoolExecutor.runWorker(ThreadPoolExecutor.java:1144) ~[na:na]
	at java.base/java.util.concurrent.ThreadPoolExecutor$Worker.run(ThreadPoolExecutor.java:642) ~[na:na]
	at java.base/java.lang.Thread.run(Thread.java:1583) ~[na:na]
Caused by: java.net.UnknownHostException: dpg-d4i2omjuibrs73du8tbg-a.oregon-postgres.render.com
	at java.base/sun.nio.ch.NioSocketImpl.connect(NioSocketImpl.java:567) ~[na:na]
	at java.base/java.net.SocksSocketImpl.connect(SocksSocketImpl.java:327) ~[na:na]
	at java.base/java.net.Socket.connect(Socket.java:751) ~[na:na]
	at org.postgresql.core.PGStream.createSocket(PGStream.java:261) ~[postgresql-42.7.8.jar:42.7.8]
	at org.postgresql.core.PGStream.<init>(PGStream.java:122) ~[postgresql-42.7.8.jar:42.7.8]
	at org.postgresql.core.v3.ConnectionFactoryImpl.tryConnect(ConnectionFactoryImpl.java:146) ~[postgresql-42.7.8.jar:42.7.8]
	at org.postgresql.core.v3.ConnectionFactoryImpl.openConnectionImpl(ConnectionFactoryImpl.java:289) ~[postgresql-42.7.8.jar:42.7.8]
	... 14 common frames omitted

2025-12-06T00:15:14.148+02:00  WARN 18296 --- [HikariPool-POSTGRE:connection-adder] com.zaxxer.hikari.pool.PoolBase          : HikariPool-POSTGRE - Pool is empty, failed to create/setup connection (15f608b1-622b-436c-b5a0-b40fc9e713cd)

org.postgresql.util.PSQLException: The connection attempt failed.
	at org.postgresql.core.v3.ConnectionFactoryImpl.openConnectionImpl(ConnectionFactoryImpl.java:385) ~[postgresql-42.7.8.jar:42.7.8]
	at org.postgresql.core.ConnectionFactory.openConnection(ConnectionFactory.java:57) ~[postgresql-42.7.8.jar:42.7.8]
	at org.postgresql.jdbc.PgConnection.<init>(PgConnection.java:279) ~[postgresql-42.7.8.jar:42.7.8]
	at org.postgresql.Driver.makeConnection(Driver.java:448) ~[postgresql-42.7.8.jar:42.7.8]
	at org.postgresql.Driver.connect(Driver.java:298) ~[postgresql-42.7.8.jar:42.7.8]
	at com.zaxxer.hikari.util.DriverDataSource.getConnection(DriverDataSource.java:144) ~[HikariCP-7.0.2.jar:na]
	at com.zaxxer.hikari.pool.PoolBase.newConnection(PoolBase.java:373) ~[HikariCP-7.0.2.jar:na]
	at com.zaxxer.hikari.pool.PoolBase.newPoolEntry(PoolBase.java:210) ~[HikariCP-7.0.2.jar:na]
	at com.zaxxer.hikari.pool.HikariPool.createPoolEntry(HikariPool.java:488) ~[HikariCP-7.0.2.jar:na]
	at com.zaxxer.hikari.pool.HikariPool$PoolEntryCreator.call(HikariPool.java:752) ~[HikariCP-7.0.2.jar:na]
	at com.zaxxer.hikari.pool.HikariPool$PoolEntryCreator.call(HikariPool.java:731) ~[HikariCP-7.0.2.jar:na]
	at java.base/java.util.concurrent.FutureTask.run(FutureTask.java:317) ~[na:na]
	at java.base/java.util.concurrent.ThreadPoolExecutor.runWorker(ThreadPoolExecutor.java:1144) ~[na:na]
	at java.base/java.util.concurrent.ThreadPoolExecutor$Worker.run(ThreadPoolExecutor.java:642) ~[na:na]
	at java.base/java.lang.Thread.run(Thread.java:1583) ~[na:na]
Caused by: java.net.UnknownHostException: dpg-d4i2omjuibrs73du8tbg-a.oregon-postgres.render.com
	at java.base/sun.nio.ch.NioSocketImpl.connect(NioSocketImpl.java:567) ~[na:na]
	at java.base/java.net.SocksSocketImpl.connect(SocksSocketImpl.java:327) ~[na:na]
	at java.base/java.net.Socket.connect(Socket.java:751) ~[na:na]
	at org.postgresql.core.PGStream.createSocket(PGStream.java:261) ~[postgresql-42.7.8.jar:42.7.8]
	at org.postgresql.core.PGStream.<init>(PGStream.java:122) ~[postgresql-42.7.8.jar:42.7.8]
	at org.postgresql.core.v3.ConnectionFactoryImpl.tryConnect(ConnectionFactoryImpl.java:146) ~[postgresql-42.7.8.jar:42.7.8]
	at org.postgresql.core.v3.ConnectionFactoryImpl.openConnectionImpl(ConnectionFactoryImpl.java:289) ~[postgresql-42.7.8.jar:42.7.8]
	... 14 common frames omitted

2025-12-06T00:16:19.245+02:00  WARN 18296 --- [HikariPool-POSTGRE:connection-adder] com.zaxxer.hikari.pool.PoolBase          : HikariPool-POSTGRE - Pool is empty, failed to create/setup connection (097735d6-d644-49dc-bd3b-381aae28794d)

org.postgresql.util.PSQLException: The connection attempt failed.
	at org.postgresql.core.v3.ConnectionFactoryImpl.openConnectionImpl(ConnectionFactoryImpl.java:385) ~[postgresql-42.7.8.jar:42.7.8]
	at org.postgresql.core.ConnectionFactory.openConnection(ConnectionFactory.java:57) ~[postgresql-42.7.8.jar:42.7.8]
	at org.postgresql.jdbc.PgConnection.<init>(PgConnection.java:279) ~[postgresql-42.7.8.jar:42.7.8]
	at org.postgresql.Driver.makeConnection(Driver.java:448) ~[postgresql-42.7.8.jar:42.7.8]
	at org.postgresql.Driver.connect(Driver.java:298) ~[postgresql-42.7.8.jar:42.7.8]
	at com.zaxxer.hikari.util.DriverDataSource.getConnection(DriverDataSource.java:144) ~[HikariCP-7.0.2.jar:na]
	at com.zaxxer.hikari.pool.PoolBase.newConnection(PoolBase.java:373) ~[HikariCP-7.0.2.jar:na]
	at com.zaxxer.hikari.pool.PoolBase.newPoolEntry(PoolBase.java:210) ~[HikariCP-7.0.2.jar:na]
	at com.zaxxer.hikari.pool.HikariPool.createPoolEntry(HikariPool.java:488) ~[HikariCP-7.0.2.jar:na]
	at com.zaxxer.hikari.pool.HikariPool$PoolEntryCreator.call(HikariPool.java:752) ~[HikariCP-7.0.2.jar:na]
	at com.zaxxer.hikari.pool.HikariPool$PoolEntryCreator.call(HikariPool.java:731) ~[HikariCP-7.0.2.jar:na]
	at java.base/java.util.concurrent.FutureTask.run(FutureTask.java:317) ~[na:na]
	at java.base/java.util.concurrent.ThreadPoolExecutor.runWorker(ThreadPoolExecutor.java:1144) ~[na:na]
	at java.base/java.util.concurrent.ThreadPoolExecutor$Worker.run(ThreadPoolExecutor.java:642) ~[na:na]
	at java.base/java.lang.Thread.run(Thread.java:1583) ~[na:na]
Caused by: java.net.UnknownHostException: dpg-d4i2omjuibrs73du8tbg-a.oregon-postgres.render.com
	at java.base/sun.nio.ch.NioSocketImpl.connect(NioSocketImpl.java:567) ~[na:na]
	at java.base/java.net.SocksSocketImpl.connect(SocksSocketImpl.java:327) ~[na:na]
	at java.base/java.net.Socket.connect(Socket.java:751) ~[na:na]
	at org.postgresql.core.PGStream.createSocket(PGStream.java:261) ~[postgresql-42.7.8.jar:42.7.8]
	at org.postgresql.core.PGStream.<init>(PGStream.java:122) ~[postgresql-42.7.8.jar:42.7.8]
	at org.postgresql.core.v3.ConnectionFactoryImpl.tryConnect(ConnectionFactoryImpl.java:146) ~[postgresql-42.7.8.jar:42.7.8]
	at org.postgresql.core.v3.ConnectionFactoryImpl.openConnectionImpl(ConnectionFactoryImpl.java:289) ~[postgresql-42.7.8.jar:42.7.8]
	... 14 common frames omitted

2025-12-06T00:17:24.408+02:00  WARN 18296 --- [HikariPool-POSTGRE:connection-adder] com.zaxxer.hikari.pool.PoolBase          : HikariPool-POSTGRE - Pool is empty, failed to create/setup connection (df921e96-685c-4ace-b73b-aecb7fd75293)

org.postgresql.util.PSQLException: The connection attempt failed.
	at org.postgresql.core.v3.ConnectionFactoryImpl.openConnectionImpl(ConnectionFactoryImpl.java:385) ~[postgresql-42.7.8.jar:42.7.8]
	at org.postgresql.core.ConnectionFactory.openConnection(ConnectionFactory.java:57) ~[postgresql-42.7.8.jar:42.7.8]
	at org.postgresql.jdbc.PgConnection.<init>(PgConnection.java:279) ~[postgresql-42.7.8.jar:42.7.8]
	at org.postgresql.Driver.makeConnection(Driver.java:448) ~[postgresql-42.7.8.jar:42.7.8]
	at org.postgresql.Driver.connect(Driver.java:298) ~[postgresql-42.7.8.jar:42.7.8]
	at com.zaxxer.hikari.util.DriverDataSource.getConnection(DriverDataSource.java:144) ~[HikariCP-7.0.2.jar:na]
	at com.zaxxer.hikari.pool.PoolBase.newConnection(PoolBase.java:373) ~[HikariCP-7.0.2.jar:na]
	at com.zaxxer.hikari.pool.PoolBase.newPoolEntry(PoolBase.java:210) ~[HikariCP-7.0.2.jar:na]
	at com.zaxxer.hikari.pool.HikariPool.createPoolEntry(HikariPool.java:488) ~[HikariCP-7.0.2.jar:na]
	at com.zaxxer.hikari.pool.HikariPool$PoolEntryCreator.call(HikariPool.java:752) ~[HikariCP-7.0.2.jar:na]
	at com.zaxxer.hikari.pool.HikariPool$PoolEntryCreator.call(HikariPool.java:731) ~[HikariCP-7.0.2.jar:na]
	at java.base/java.util.concurrent.FutureTask.run(FutureTask.java:317) ~[na:na]
	at java.base/java.util.concurrent.ThreadPoolExecutor.runWorker(ThreadPoolExecutor.java:1144) ~[na:na]
	at java.base/java.util.concurrent.ThreadPoolExecutor$Worker.run(ThreadPoolExecutor.java:642) ~[na:na]
	at java.base/java.lang.Thread.run(Thread.java:1583) ~[na:na]
Caused by: java.net.UnknownHostException: dpg-d4i2omjuibrs73du8tbg-a.oregon-postgres.render.com
	at java.base/sun.nio.ch.NioSocketImpl.connect(NioSocketImpl.java:567) ~[na:na]
	at java.base/java.net.SocksSocketImpl.connect(SocksSocketImpl.java:327) ~[na:na]
	at java.base/java.net.Socket.connect(Socket.java:751) ~[na:na]
	at org.postgresql.core.PGStream.createSocket(PGStream.java:261) ~[postgresql-42.7.8.jar:42.7.8]
	at org.postgresql.core.PGStream.<init>(PGStream.java:122) ~[postgresql-42.7.8.jar:42.7.8]
	at org.postgresql.core.v3.ConnectionFactoryImpl.tryConnect(ConnectionFactoryImpl.java:146) ~[postgresql-42.7.8.jar:42.7.8]
	at org.postgresql.core.v3.ConnectionFactoryImpl.openConnectionImpl(ConnectionFactoryImpl.java:289) ~[postgresql-42.7.8.jar:42.7.8]
	... 14 common frames omitted

2025-12-06T00:18:29.532+02:00  WARN 18296 --- [HikariPool-POSTGRE:connection-adder] com.zaxxer.hikari.pool.PoolBase          : HikariPool-POSTGRE - Pool is empty, failed to create/setup connection (f4b2259b-c6ca-4ba9-8da9-f192a78d711f)

org.postgresql.util.PSQLException: The connection attempt failed.
	at org.postgresql.core.v3.ConnectionFactoryImpl.openConnectionImpl(ConnectionFactoryImpl.java:385) ~[postgresql-42.7.8.jar:42.7.8]
	at org.postgresql.core.ConnectionFactory.openConnection(ConnectionFactory.java:57) ~[postgresql-42.7.8.jar:42.7.8]
	at org.postgresql.jdbc.PgConnection.<init>(PgConnection.java:279) ~[postgresql-42.7.8.jar:42.7.8]
	at org.postgresql.Driver.makeConnection(Driver.java:448) ~[postgresql-42.7.8.jar:42.7.8]
	at org.postgresql.Driver.connect(Driver.java:298) ~[postgresql-42.7.8.jar:42.7.8]
	at com.zaxxer.hikari.util.DriverDataSource.getConnection(DriverDataSource.java:144) ~[HikariCP-7.0.2.jar:na]
	at com.zaxxer.hikari.pool.PoolBase.newConnection(PoolBase.java:373) ~[HikariCP-7.0.2.jar:na]
	at com.zaxxer.hikari.pool.PoolBase.newPoolEntry(PoolBase.java:210) ~[HikariCP-7.0.2.jar:na]
	at com.zaxxer.hikari.pool.HikariPool.createPoolEntry(HikariPool.java:488) ~[HikariCP-7.0.2.jar:na]
	at com.zaxxer.hikari.pool.HikariPool$PoolEntryCreator.call(HikariPool.java:752) ~[HikariCP-7.0.2.jar:na]
	at com.zaxxer.hikari.pool.HikariPool$PoolEntryCreator.call(HikariPool.java:731) ~[HikariCP-7.0.2.jar:na]
	at java.base/java.util.concurrent.FutureTask.run(FutureTask.java:317) ~[na:na]
	at java.base/java.util.concurrent.ThreadPoolExecutor.runWorker(ThreadPoolExecutor.java:1144) ~[na:na]
	at java.base/java.util.concurrent.ThreadPoolExecutor$Worker.run(ThreadPoolExecutor.java:642) ~[na:na]
	at java.base/java.lang.Thread.run(Thread.java:1583) ~[na:na]
Caused by: java.net.UnknownHostException: dpg-d4i2omjuibrs73du8tbg-a.oregon-postgres.render.com
	at java.base/sun.nio.ch.NioSocketImpl.connect(NioSocketImpl.java:567) ~[na:na]
	at java.base/java.net.SocksSocketImpl.connect(SocksSocketImpl.java:327) ~[na:na]
	at java.base/java.net.Socket.connect(Socket.java:751) ~[na:na]
	at org.postgresql.core.PGStream.createSocket(PGStream.java:261) ~[postgresql-42.7.8.jar:42.7.8]
	at org.postgresql.core.PGStream.<init>(PGStream.java:122) ~[postgresql-42.7.8.jar:42.7.8]
	at org.postgresql.core.v3.ConnectionFactoryImpl.tryConnect(ConnectionFactoryImpl.java:146) ~[postgresql-42.7.8.jar:42.7.8]
	at org.postgresql.core.v3.ConnectionFactoryImpl.openConnectionImpl(ConnectionFactoryImpl.java:289) ~[postgresql-42.7.8.jar:42.7.8]
	... 14 common frames omitted

2025-12-06T00:19:34.651+02:00  WARN 18296 --- [HikariPool-POSTGRE:connection-adder] com.zaxxer.hikari.pool.PoolBase          : HikariPool-POSTGRE - Pool is empty, failed to create/setup connection (a45eaaf5-f583-4577-9b38-55a53861bd40)

org.postgresql.util.PSQLException: The connection attempt failed.
	at org.postgresql.core.v3.ConnectionFactoryImpl.openConnectionImpl(ConnectionFactoryImpl.java:385) ~[postgresql-42.7.8.jar:42.7.8]
	at org.postgresql.core.ConnectionFactory.openConnection(ConnectionFactory.java:57) ~[postgresql-42.7.8.jar:42.7.8]
	at org.postgresql.jdbc.PgConnection.<init>(PgConnection.java:279) ~[postgresql-42.7.8.jar:42.7.8]
	at org.postgresql.Driver.makeConnection(Driver.java:448) ~[postgresql-42.7.8.jar:42.7.8]
	at org.postgresql.Driver.connect(Driver.java:298) ~[postgresql-42.7.8.jar:42.7.8]
	at com.zaxxer.hikari.util.DriverDataSource.getConnection(DriverDataSource.java:144) ~[HikariCP-7.0.2.jar:na]
	at com.zaxxer.hikari.pool.PoolBase.newConnection(PoolBase.java:373) ~[HikariCP-7.0.2.jar:na]
	at com.zaxxer.hikari.pool.PoolBase.newPoolEntry(PoolBase.java:210) ~[HikariCP-7.0.2.jar:na]
	at com.zaxxer.hikari.pool.HikariPool.createPoolEntry(HikariPool.java:488) ~[HikariCP-7.0.2.jar:na]
	at com.zaxxer.hikari.pool.HikariPool$PoolEntryCreator.call(HikariPool.java:752) ~[HikariCP-7.0.2.jar:na]
	at com.zaxxer.hikari.pool.HikariPool$PoolEntryCreator.call(HikariPool.java:731) ~[HikariCP-7.0.2.jar:na]
	at java.base/java.util.concurrent.FutureTask.run(FutureTask.java:317) ~[na:na]
	at java.base/java.util.concurrent.ThreadPoolExecutor.runWorker(ThreadPoolExecutor.java:1144) ~[na:na]
	at java.base/java.util.concurrent.ThreadPoolExecutor$Worker.run(ThreadPoolExecutor.java:642) ~[na:na]
	at java.base/java.lang.Thread.run(Thread.java:1583) ~[na:na]
Caused by: java.net.UnknownHostException: dpg-d4i2omjuibrs73du8tbg-a.oregon-postgres.render.com
	at java.base/sun.nio.ch.NioSocketImpl.connect(NioSocketImpl.java:567) ~[na:na]
	at java.base/java.net.SocksSocketImpl.connect(SocksSocketImpl.java:327) ~[na:na]
	at java.base/java.net.Socket.connect(Socket.java:751) ~[na:na]
	at org.postgresql.core.PGStream.createSocket(PGStream.java:261) ~[postgresql-42.7.8.jar:42.7.8]
	at org.postgresql.core.PGStream.<init>(PGStream.java:122) ~[postgresql-42.7.8.jar:42.7.8]
	at org.postgresql.core.v3.ConnectionFactoryImpl.tryConnect(ConnectionFactoryImpl.java:146) ~[postgresql-42.7.8.jar:42.7.8]
	at org.postgresql.core.v3.ConnectionFactoryImpl.openConnectionImpl(ConnectionFactoryImpl.java:289) ~[postgresql-42.7.8.jar:42.7.8]
	... 14 common frames omitted

2025-12-06T00:20:39.769+02:00  WARN 18296 --- [HikariPool-POSTGRE:connection-adder] com.zaxxer.hikari.pool.PoolBase          : HikariPool-POSTGRE - Pool is empty, failed to create/setup connection (83ea4f15-688e-4106-8fef-fa469c30c323)

org.postgresql.util.PSQLException: The connection attempt failed.
	at org.postgresql.core.v3.ConnectionFactoryImpl.openConnectionImpl(ConnectionFactoryImpl.java:385) ~[postgresql-42.7.8.jar:42.7.8]
	at org.postgresql.core.ConnectionFactory.openConnection(ConnectionFactory.java:57) ~[postgresql-42.7.8.jar:42.7.8]
	at org.postgresql.jdbc.PgConnection.<init>(PgConnection.java:279) ~[postgresql-42.7.8.jar:42.7.8]
	at org.postgresql.Driver.makeConnection(Driver.java:448) ~[postgresql-42.7.8.jar:42.7.8]
	at org.postgresql.Driver.connect(Driver.java:298) ~[postgresql-42.7.8.jar:42.7.8]
	at com.zaxxer.hikari.util.DriverDataSource.getConnection(DriverDataSource.java:144) ~[HikariCP-7.0.2.jar:na]
	at com.zaxxer.hikari.pool.PoolBase.newConnection(PoolBase.java:373) ~[HikariCP-7.0.2.jar:na]
	at com.zaxxer.hikari.pool.PoolBase.newPoolEntry(PoolBase.java:210) ~[HikariCP-7.0.2.jar:na]
	at com.zaxxer.hikari.pool.HikariPool.createPoolEntry(HikariPool.java:488) ~[HikariCP-7.0.2.jar:na]
	at com.zaxxer.hikari.pool.HikariPool$PoolEntryCreator.call(HikariPool.java:752) ~[HikariCP-7.0.2.jar:na]
	at com.zaxxer.hikari.pool.HikariPool$PoolEntryCreator.call(HikariPool.java:731) ~[HikariCP-7.0.2.jar:na]
	at java.base/java.util.concurrent.FutureTask.run(FutureTask.java:317) ~[na:na]
	at java.base/java.util.concurrent.ThreadPoolExecutor.runWorker(ThreadPoolExecutor.java:1144) ~[na:na]
	at java.base/java.util.concurrent.ThreadPoolExecutor$Worker.run(ThreadPoolExecutor.java:642) ~[na:na]
	at java.base/java.lang.Thread.run(Thread.java:1583) ~[na:na]
Caused by: java.net.UnknownHostException: dpg-d4i2omjuibrs73du8tbg-a.oregon-postgres.render.com
	at java.base/sun.nio.ch.NioSocketImpl.connect(NioSocketImpl.java:567) ~[na:na]
	at java.base/java.net.SocksSocketImpl.connect(SocksSocketImpl.java:327) ~[na:na]
	at java.base/java.net.Socket.connect(Socket.java:751) ~[na:na]
	at org.postgresql.core.PGStream.createSocket(PGStream.java:261) ~[postgresql-42.7.8.jar:42.7.8]
	at org.postgresql.core.PGStream.<init>(PGStream.java:122) ~[postgresql-42.7.8.jar:42.7.8]
	at org.postgresql.core.v3.ConnectionFactoryImpl.tryConnect(ConnectionFactoryImpl.java:146) ~[postgresql-42.7.8.jar:42.7.8]
	at org.postgresql.core.v3.ConnectionFactoryImpl.openConnectionImpl(ConnectionFactoryImpl.java:289) ~[postgresql-42.7.8.jar:42.7.8]
	... 14 common frames omitted

2025-12-06T00:21:44.939+02:00  WARN 18296 --- [HikariPool-POSTGRE:connection-adder] com.zaxxer.hikari.pool.PoolBase          : HikariPool-POSTGRE - Pool is empty, failed to create/setup connection (56b3a797-23c2-4cea-a406-55b07dd8e129)

org.postgresql.util.PSQLException: The connection attempt failed.
	at org.postgresql.core.v3.ConnectionFactoryImpl.openConnectionImpl(ConnectionFactoryImpl.java:385) ~[postgresql-42.7.8.jar:42.7.8]
	at org.postgresql.core.ConnectionFactory.openConnection(ConnectionFactory.java:57) ~[postgresql-42.7.8.jar:42.7.8]
	at org.postgresql.jdbc.PgConnection.<init>(PgConnection.java:279) ~[postgresql-42.7.8.jar:42.7.8]
	at org.postgresql.Driver.makeConnection(Driver.java:448) ~[postgresql-42.7.8.jar:42.7.8]
	at org.postgresql.Driver.connect(Driver.java:298) ~[postgresql-42.7.8.jar:42.7.8]
	at com.zaxxer.hikari.util.DriverDataSource.getConnection(DriverDataSource.java:144) ~[HikariCP-7.0.2.jar:na]
	at com.zaxxer.hikari.pool.PoolBase.newConnection(PoolBase.java:373) ~[HikariCP-7.0.2.jar:na]
	at com.zaxxer.hikari.pool.PoolBase.newPoolEntry(PoolBase.java:210) ~[HikariCP-7.0.2.jar:na]
	at com.zaxxer.hikari.pool.HikariPool.createPoolEntry(HikariPool.java:488) ~[HikariCP-7.0.2.jar:na]
	at com.zaxxer.hikari.pool.HikariPool$PoolEntryCreator.call(HikariPool.java:752) ~[HikariCP-7.0.2.jar:na]
	at com.zaxxer.hikari.pool.HikariPool$PoolEntryCreator.call(HikariPool.java:731) ~[HikariCP-7.0.2.jar:na]
	at java.base/java.util.concurrent.FutureTask.run(FutureTask.java:317) ~[na:na]
	at java.base/java.util.concurrent.ThreadPoolExecutor.runWorker(ThreadPoolExecutor.java:1144) ~[na:na]
	at java.base/java.util.concurrent.ThreadPoolExecutor$Worker.run(ThreadPoolExecutor.java:642) ~[na:na]
	at java.base/java.lang.Thread.run(Thread.java:1583) ~[na:na]
Caused by: java.net.UnknownHostException: dpg-d4i2omjuibrs73du8tbg-a.oregon-postgres.render.com
	at java.base/sun.nio.ch.NioSocketImpl.connect(NioSocketImpl.java:567) ~[na:na]
	at java.base/java.net.SocksSocketImpl.connect(SocksSocketImpl.java:327) ~[na:na]
	at java.base/java.net.Socket.connect(Socket.java:751) ~[na:na]
	at org.postgresql.core.PGStream.createSocket(PGStream.java:261) ~[postgresql-42.7.8.jar:42.7.8]
	at org.postgresql.core.PGStream.<init>(PGStream.java:122) ~[postgresql-42.7.8.jar:42.7.8]
	at org.postgresql.core.v3.ConnectionFactoryImpl.tryConnect(ConnectionFactoryImpl.java:146) ~[postgresql-42.7.8.jar:42.7.8]
	at org.postgresql.core.v3.ConnectionFactoryImpl.openConnectionImpl(ConnectionFactoryImpl.java:289) ~[postgresql-42.7.8.jar:42.7.8]
	... 14 common frames omitted

2025-12-06T00:22:50.068+02:00  WARN 18296 --- [HikariPool-POSTGRE:connection-adder] com.zaxxer.hikari.pool.PoolBase          : HikariPool-POSTGRE - Pool is empty, failed to create/setup connection (345b16d2-9510-4eeb-bd45-94deb65cd57e)

org.postgresql.util.PSQLException: The connection attempt failed.
	at org.postgresql.core.v3.ConnectionFactoryImpl.openConnectionImpl(ConnectionFactoryImpl.java:385) ~[postgresql-42.7.8.jar:42.7.8]
	at org.postgresql.core.ConnectionFactory.openConnection(ConnectionFactory.java:57) ~[postgresql-42.7.8.jar:42.7.8]
	at org.postgresql.jdbc.PgConnection.<init>(PgConnection.java:279) ~[postgresql-42.7.8.jar:42.7.8]
	at org.postgresql.Driver.makeConnection(Driver.java:448) ~[postgresql-42.7.8.jar:42.7.8]
	at org.postgresql.Driver.connect(Driver.java:298) ~[postgresql-42.7.8.jar:42.7.8]
	at com.zaxxer.hikari.util.DriverDataSource.getConnection(DriverDataSource.java:144) ~[HikariCP-7.0.2.jar:na]
	at com.zaxxer.hikari.pool.PoolBase.newConnection(PoolBase.java:373) ~[HikariCP-7.0.2.jar:na]
	at com.zaxxer.hikari.pool.PoolBase.newPoolEntry(PoolBase.java:210) ~[HikariCP-7.0.2.jar:na]
	at com.zaxxer.hikari.pool.HikariPool.createPoolEntry(HikariPool.java:488) ~[HikariCP-7.0.2.jar:na]
	at com.zaxxer.hikari.pool.HikariPool$PoolEntryCreator.call(HikariPool.java:752) ~[HikariCP-7.0.2.jar:na]
	at com.zaxxer.hikari.pool.HikariPool$PoolEntryCreator.call(HikariPool.java:731) ~[HikariCP-7.0.2.jar:na]
	at java.base/java.util.concurrent.FutureTask.run(FutureTask.java:317) ~[na:na]
	at java.base/java.util.concurrent.ThreadPoolExecutor.runWorker(ThreadPoolExecutor.java:1144) ~[na:na]
	at java.base/java.util.concurrent.ThreadPoolExecutor$Worker.run(ThreadPoolExecutor.java:642) ~[na:na]
	at java.base/java.lang.Thread.run(Thread.java:1583) ~[na:na]
Caused by: java.net.UnknownHostException: dpg-d4i2omjuibrs73du8tbg-a.oregon-postgres.render.com
	at java.base/sun.nio.ch.NioSocketImpl.connect(NioSocketImpl.java:567) ~[na:na]
	at java.base/java.net.SocksSocketImpl.connect(SocksSocketImpl.java:327) ~[na:na]
	at java.base/java.net.Socket.connect(Socket.java:751) ~[na:na]
	at org.postgresql.core.PGStream.createSocket(PGStream.java:261) ~[postgresql-42.7.8.jar:42.7.8]
	at org.postgresql.core.PGStream.<init>(PGStream.java:122) ~[postgresql-42.7.8.jar:42.7.8]
	at org.postgresql.core.v3.ConnectionFactoryImpl.tryConnect(ConnectionFactoryImpl.java:146) ~[postgresql-42.7.8.jar:42.7.8]
	at org.postgresql.core.v3.ConnectionFactoryImpl.openConnectionImpl(ConnectionFactoryImpl.java:289) ~[postgresql-42.7.8.jar:42.7.8]
	... 14 common frames omitted

2025-12-06T00:23:55.177+02:00  WARN 18296 --- [HikariPool-POSTGRE:connection-adder] com.zaxxer.hikari.pool.PoolBase          : HikariPool-POSTGRE - Pool is empty, failed to create/setup connection (2a2cd2f9-4bf4-459f-9a2b-6b73a3bbb7fd)

org.postgresql.util.PSQLException: The connection attempt failed.
	at org.postgresql.core.v3.ConnectionFactoryImpl.openConnectionImpl(ConnectionFactoryImpl.java:385) ~[postgresql-42.7.8.jar:42.7.8]
	at org.postgresql.core.ConnectionFactory.openConnection(ConnectionFactory.java:57) ~[postgresql-42.7.8.jar:42.7.8]
	at org.postgresql.jdbc.PgConnection.<init>(PgConnection.java:279) ~[postgresql-42.7.8.jar:42.7.8]
	at org.postgresql.Driver.makeConnection(Driver.java:448) ~[postgresql-42.7.8.jar:42.7.8]
	at org.postgresql.Driver.connect(Driver.java:298) ~[postgresql-42.7.8.jar:42.7.8]
	at com.zaxxer.hikari.util.DriverDataSource.getConnection(DriverDataSource.java:144) ~[HikariCP-7.0.2.jar:na]
	at com.zaxxer.hikari.pool.PoolBase.newConnection(PoolBase.java:373) ~[HikariCP-7.0.2.jar:na]
	at com.zaxxer.hikari.pool.PoolBase.newPoolEntry(PoolBase.java:210) ~[HikariCP-7.0.2.jar:na]
	at com.zaxxer.hikari.pool.HikariPool.createPoolEntry(HikariPool.java:488) ~[HikariCP-7.0.2.jar:na]
	at com.zaxxer.hikari.pool.HikariPool$PoolEntryCreator.call(HikariPool.java:752) ~[HikariCP-7.0.2.jar:na]
	at com.zaxxer.hikari.pool.HikariPool$PoolEntryCreator.call(HikariPool.java:731) ~[HikariCP-7.0.2.jar:na]
	at java.base/java.util.concurrent.FutureTask.run(FutureTask.java:317) ~[na:na]
	at java.base/java.util.concurrent.ThreadPoolExecutor.runWorker(ThreadPoolExecutor.java:1144) ~[na:na]
	at java.base/java.util.concurrent.ThreadPoolExecutor$Worker.run(ThreadPoolExecutor.java:642) ~[na:na]
	at java.base/java.lang.Thread.run(Thread.java:1583) ~[na:na]
Caused by: java.net.UnknownHostException: dpg-d4i2omjuibrs73du8tbg-a.oregon-postgres.render.com
	at java.base/sun.nio.ch.NioSocketImpl.connect(NioSocketImpl.java:567) ~[na:na]
	at java.base/java.net.SocksSocketImpl.connect(SocksSocketImpl.java:327) ~[na:na]
	at java.base/java.net.Socket.connect(Socket.java:751) ~[na:na]
	at org.postgresql.core.PGStream.createSocket(PGStream.java:261) ~[postgresql-42.7.8.jar:42.7.8]
	at org.postgresql.core.PGStream.<init>(PGStream.java:122) ~[postgresql-42.7.8.jar:42.7.8]
	at org.postgresql.core.v3.ConnectionFactoryImpl.tryConnect(ConnectionFactoryImpl.java:146) ~[postgresql-42.7.8.jar:42.7.8]
	at org.postgresql.core.v3.ConnectionFactoryImpl.openConnectionImpl(ConnectionFactoryImpl.java:289) ~[postgresql-42.7.8.jar:42.7.8]
	... 14 common frames omitted

2025-12-06T00:25:00.292+02:00  WARN 18296 --- [HikariPool-POSTGRE:connection-adder] com.zaxxer.hikari.pool.PoolBase          : HikariPool-POSTGRE - Pool is empty, failed to create/setup connection (db4158d1-41b7-4c54-8b3c-7c843b9bada2)

org.postgresql.util.PSQLException: The connection attempt failed.
	at org.postgresql.core.v3.ConnectionFactoryImpl.openConnectionImpl(ConnectionFactoryImpl.java:385) ~[postgresql-42.7.8.jar:42.7.8]
	at org.postgresql.core.ConnectionFactory.openConnection(ConnectionFactory.java:57) ~[postgresql-42.7.8.jar:42.7.8]
	at org.postgresql.jdbc.PgConnection.<init>(PgConnection.java:279) ~[postgresql-42.7.8.jar:42.7.8]
	at org.postgresql.Driver.makeConnection(Driver.java:448) ~[postgresql-42.7.8.jar:42.7.8]
	at org.postgresql.Driver.connect(Driver.java:298) ~[postgresql-42.7.8.jar:42.7.8]
	at com.zaxxer.hikari.util.DriverDataSource.getConnection(DriverDataSource.java:144) ~[HikariCP-7.0.2.jar:na]
	at com.zaxxer.hikari.pool.PoolBase.newConnection(PoolBase.java:373) ~[HikariCP-7.0.2.jar:na]
	at com.zaxxer.hikari.pool.PoolBase.newPoolEntry(PoolBase.java:210) ~[HikariCP-7.0.2.jar:na]
	at com.zaxxer.hikari.pool.HikariPool.createPoolEntry(HikariPool.java:488) ~[HikariCP-7.0.2.jar:na]
	at com.zaxxer.hikari.pool.HikariPool$PoolEntryCreator.call(HikariPool.java:752) ~[HikariCP-7.0.2.jar:na]
	at com.zaxxer.hikari.pool.HikariPool$PoolEntryCreator.call(HikariPool.java:731) ~[HikariCP-7.0.2.jar:na]
	at java.base/java.util.concurrent.FutureTask.run(FutureTask.java:317) ~[na:na]
	at java.base/java.util.concurrent.ThreadPoolExecutor.runWorker(ThreadPoolExecutor.java:1144) ~[na:na]
	at java.base/java.util.concurrent.ThreadPoolExecutor$Worker.run(ThreadPoolExecutor.java:642) ~[na:na]
	at java.base/java.lang.Thread.run(Thread.java:1583) ~[na:na]
Caused by: java.net.UnknownHostException: dpg-d4i2omjuibrs73du8tbg-a.oregon-postgres.render.com
	at java.base/sun.nio.ch.NioSocketImpl.connect(NioSocketImpl.java:567) ~[na:na]
	at java.base/java.net.SocksSocketImpl.connect(SocksSocketImpl.java:327) ~[na:na]
	at java.base/java.net.Socket.connect(Socket.java:751) ~[na:na]
	at org.postgresql.core.PGStream.createSocket(PGStream.java:261) ~[postgresql-42.7.8.jar:42.7.8]
	at org.postgresql.core.PGStream.<init>(PGStream.java:122) ~[postgresql-42.7.8.jar:42.7.8]
	at org.postgresql.core.v3.ConnectionFactoryImpl.tryConnect(ConnectionFactoryImpl.java:146) ~[postgresql-42.7.8.jar:42.7.8]
	at org.postgresql.core.v3.ConnectionFactoryImpl.openConnectionImpl(ConnectionFactoryImpl.java:289) ~[postgresql-42.7.8.jar:42.7.8]
	... 14 common frames omitted

2025-12-06T00:26:05.406+02:00  WARN 18296 --- [HikariPool-POSTGRE:connection-adder] com.zaxxer.hikari.pool.PoolBase          : HikariPool-POSTGRE - Pool is empty, failed to create/setup connection (18ab7eff-0f80-40fa-9452-5a8563c26fbf)

org.postgresql.util.PSQLException: The connection attempt failed.
	at org.postgresql.core.v3.ConnectionFactoryImpl.openConnectionImpl(ConnectionFactoryImpl.java:385) ~[postgresql-42.7.8.jar:42.7.8]
	at org.postgresql.core.ConnectionFactory.openConnection(ConnectionFactory.java:57) ~[postgresql-42.7.8.jar:42.7.8]
	at org.postgresql.jdbc.PgConnection.<init>(PgConnection.java:279) ~[postgresql-42.7.8.jar:42.7.8]
	at org.postgresql.Driver.makeConnection(Driver.java:448) ~[postgresql-42.7.8.jar:42.7.8]
	at org.postgresql.Driver.connect(Driver.java:298) ~[postgresql-42.7.8.jar:42.7.8]
	at com.zaxxer.hikari.util.DriverDataSource.getConnection(DriverDataSource.java:144) ~[HikariCP-7.0.2.jar:na]
	at com.zaxxer.hikari.pool.PoolBase.newConnection(PoolBase.java:373) ~[HikariCP-7.0.2.jar:na]
	at com.zaxxer.hikari.pool.PoolBase.newPoolEntry(PoolBase.java:210) ~[HikariCP-7.0.2.jar:na]
	at com.zaxxer.hikari.pool.HikariPool.createPoolEntry(HikariPool.java:488) ~[HikariCP-7.0.2.jar:na]
	at com.zaxxer.hikari.pool.HikariPool$PoolEntryCreator.call(HikariPool.java:752) ~[HikariCP-7.0.2.jar:na]
	at com.zaxxer.hikari.pool.HikariPool$PoolEntryCreator.call(HikariPool.java:731) ~[HikariCP-7.0.2.jar:na]
	at java.base/java.util.concurrent.FutureTask.run(FutureTask.java:317) ~[na:na]
	at java.base/java.util.concurrent.ThreadPoolExecutor.runWorker(ThreadPoolExecutor.java:1144) ~[na:na]
	at java.base/java.util.concurrent.ThreadPoolExecutor$Worker.run(ThreadPoolExecutor.java:642) ~[na:na]
	at java.base/java.lang.Thread.run(Thread.java:1583) ~[na:na]
Caused by: java.net.UnknownHostException: dpg-d4i2omjuibrs73du8tbg-a.oregon-postgres.render.com
	at java.base/sun.nio.ch.NioSocketImpl.connect(NioSocketImpl.java:567) ~[na:na]
	at java.base/java.net.SocksSocketImpl.connect(SocksSocketImpl.java:327) ~[na:na]
	at java.base/java.net.Socket.connect(Socket.java:751) ~[na:na]
	at org.postgresql.core.PGStream.createSocket(PGStream.java:261) ~[postgresql-42.7.8.jar:42.7.8]
	at org.postgresql.core.PGStream.<init>(PGStream.java:122) ~[postgresql-42.7.8.jar:42.7.8]
	at org.postgresql.core.v3.ConnectionFactoryImpl.tryConnect(ConnectionFactoryImpl.java:146) ~[postgresql-42.7.8.jar:42.7.8]
	at org.postgresql.core.v3.ConnectionFactoryImpl.openConnectionImpl(ConnectionFactoryImpl.java:289) ~[postgresql-42.7.8.jar:42.7.8]
	... 14 common frames omitted

2025-12-06T00:27:10.527+02:00  WARN 18296 --- [HikariPool-POSTGRE:connection-adder] com.zaxxer.hikari.pool.PoolBase          : HikariPool-POSTGRE - Pool is empty, failed to create/setup connection (c1678ced-e931-4dd8-9fac-ade7e21d7b3a)

org.postgresql.util.PSQLException: The connection attempt failed.
	at org.postgresql.core.v3.ConnectionFactoryImpl.openConnectionImpl(ConnectionFactoryImpl.java:385) ~[postgresql-42.7.8.jar:42.7.8]
	at org.postgresql.core.ConnectionFactory.openConnection(ConnectionFactory.java:57) ~[postgresql-42.7.8.jar:42.7.8]
	at org.postgresql.jdbc.PgConnection.<init>(PgConnection.java:279) ~[postgresql-42.7.8.jar:42.7.8]
	at org.postgresql.Driver.makeConnection(Driver.java:448) ~[postgresql-42.7.8.jar:42.7.8]
	at org.postgresql.Driver.connect(Driver.java:298) ~[postgresql-42.7.8.jar:42.7.8]
	at com.zaxxer.hikari.util.DriverDataSource.getConnection(DriverDataSource.java:144) ~[HikariCP-7.0.2.jar:na]
	at com.zaxxer.hikari.pool.PoolBase.newConnection(PoolBase.java:373) ~[HikariCP-7.0.2.jar:na]
	at com.zaxxer.hikari.pool.PoolBase.newPoolEntry(PoolBase.java:210) ~[HikariCP-7.0.2.jar:na]
	at com.zaxxer.hikari.pool.HikariPool.createPoolEntry(HikariPool.java:488) ~[HikariCP-7.0.2.jar:na]
	at com.zaxxer.hikari.pool.HikariPool$PoolEntryCreator.call(HikariPool.java:752) ~[HikariCP-7.0.2.jar:na]
	at com.zaxxer.hikari.pool.HikariPool$PoolEntryCreator.call(HikariPool.java:731) ~[HikariCP-7.0.2.jar:na]
	at java.base/java.util.concurrent.FutureTask.run(FutureTask.java:317) ~[na:na]
	at java.base/java.util.concurrent.ThreadPoolExecutor.runWorker(ThreadPoolExecutor.java:1144) ~[na:na]
	at java.base/java.util.concurrent.ThreadPoolExecutor$Worker.run(ThreadPoolExecutor.java:642) ~[na:na]
	at java.base/java.lang.Thread.run(Thread.java:1583) ~[na:na]
Caused by: java.net.UnknownHostException: dpg-d4i2omjuibrs73du8tbg-a.oregon-postgres.render.com
	at java.base/sun.nio.ch.NioSocketImpl.connect(NioSocketImpl.java:567) ~[na:na]
	at java.base/java.net.SocksSocketImpl.connect(SocksSocketImpl.java:327) ~[na:na]
	at java.base/java.net.Socket.connect(Socket.java:751) ~[na:na]
	at org.postgresql.core.PGStream.createSocket(PGStream.java:261) ~[postgresql-42.7.8.jar:42.7.8]
	at org.postgresql.core.PGStream.<init>(PGStream.java:122) ~[postgresql-42.7.8.jar:42.7.8]
	at org.postgresql.core.v3.ConnectionFactoryImpl.tryConnect(ConnectionFactoryImpl.java:146) ~[postgresql-42.7.8.jar:42.7.8]
	at org.postgresql.core.v3.ConnectionFactoryImpl.openConnectionImpl(ConnectionFactoryImpl.java:289) ~[postgresql-42.7.8.jar:42.7.8]
	... 14 common frames omitted

2025-12-06T00:28:15.624+02:00  WARN 18296 --- [HikariPool-POSTGRE:connection-adder] com.zaxxer.hikari.pool.PoolBase          : HikariPool-POSTGRE - Pool is empty, failed to create/setup connection (0e4d099a-3670-4352-8ec5-676f1ad306dc)

org.postgresql.util.PSQLException: The connection attempt failed.
	at org.postgresql.core.v3.ConnectionFactoryImpl.openConnectionImpl(ConnectionFactoryImpl.java:385) ~[postgresql-42.7.8.jar:42.7.8]
	at org.postgresql.core.ConnectionFactory.openConnection(ConnectionFactory.java:57) ~[postgresql-42.7.8.jar:42.7.8]
	at org.postgresql.jdbc.PgConnection.<init>(PgConnection.java:279) ~[postgresql-42.7.8.jar:42.7.8]
	at org.postgresql.Driver.makeConnection(Driver.java:448) ~[postgresql-42.7.8.jar:42.7.8]
	at org.postgresql.Driver.connect(Driver.java:298) ~[postgresql-42.7.8.jar:42.7.8]
	at com.zaxxer.hikari.util.DriverDataSource.getConnection(DriverDataSource.java:144) ~[HikariCP-7.0.2.jar:na]
	at com.zaxxer.hikari.pool.PoolBase.newConnection(PoolBase.java:373) ~[HikariCP-7.0.2.jar:na]
	at com.zaxxer.hikari.pool.PoolBase.newPoolEntry(PoolBase.java:210) ~[HikariCP-7.0.2.jar:na]
	at com.zaxxer.hikari.pool.HikariPool.createPoolEntry(HikariPool.java:488) ~[HikariCP-7.0.2.jar:na]
	at com.zaxxer.hikari.pool.HikariPool$PoolEntryCreator.call(HikariPool.java:752) ~[HikariCP-7.0.2.jar:na]
	at com.zaxxer.hikari.pool.HikariPool$PoolEntryCreator.call(HikariPool.java:731) ~[HikariCP-7.0.2.jar:na]
	at java.base/java.util.concurrent.FutureTask.run(FutureTask.java:317) ~[na:na]
	at java.base/java.util.concurrent.ThreadPoolExecutor.runWorker(ThreadPoolExecutor.java:1144) ~[na:na]
	at java.base/java.util.concurrent.ThreadPoolExecutor$Worker.run(ThreadPoolExecutor.java:642) ~[na:na]
	at java.base/java.lang.Thread.run(Thread.java:1583) ~[na:na]
Caused by: java.net.UnknownHostException: dpg-d4i2omjuibrs73du8tbg-a.oregon-postgres.render.com
	at java.base/sun.nio.ch.NioSocketImpl.connect(NioSocketImpl.java:567) ~[na:na]
	at java.base/java.net.SocksSocketImpl.connect(SocksSocketImpl.java:327) ~[na:na]
	at java.base/java.net.Socket.connect(Socket.java:751) ~[na:na]
	at org.postgresql.core.PGStream.createSocket(PGStream.java:261) ~[postgresql-42.7.8.jar:42.7.8]
	at org.postgresql.core.PGStream.<init>(PGStream.java:122) ~[postgresql-42.7.8.jar:42.7.8]
	at org.postgresql.core.v3.ConnectionFactoryImpl.tryConnect(ConnectionFactoryImpl.java:146) ~[postgresql-42.7.8.jar:42.7.8]
	at org.postgresql.core.v3.ConnectionFactoryImpl.openConnectionImpl(ConnectionFactoryImpl.java:289) ~[postgresql-42.7.8.jar:42.7.8]
	... 14 common frames omitted

2025-12-06T00:29:20.780+02:00  WARN 18296 --- [HikariPool-POSTGRE:connection-adder] com.zaxxer.hikari.pool.PoolBase          : HikariPool-POSTGRE - Pool is empty, failed to create/setup connection (1d766bea-4187-45ed-be5c-f47f57cdce09)

org.postgresql.util.PSQLException: The connection attempt failed.
	at org.postgresql.core.v3.ConnectionFactoryImpl.openConnectionImpl(ConnectionFactoryImpl.java:385) ~[postgresql-42.7.8.jar:42.7.8]
	at org.postgresql.core.ConnectionFactory.openConnection(ConnectionFactory.java:57) ~[postgresql-42.7.8.jar:42.7.8]
	at org.postgresql.jdbc.PgConnection.<init>(PgConnection.java:279) ~[postgresql-42.7.8.jar:42.7.8]
	at org.postgresql.Driver.makeConnection(Driver.java:448) ~[postgresql-42.7.8.jar:42.7.8]
	at org.postgresql.Driver.connect(Driver.java:298) ~[postgresql-42.7.8.jar:42.7.8]
	at com.zaxxer.hikari.util.DriverDataSource.getConnection(DriverDataSource.java:144) ~[HikariCP-7.0.2.jar:na]
	at com.zaxxer.hikari.pool.PoolBase.newConnection(PoolBase.java:373) ~[HikariCP-7.0.2.jar:na]
	at com.zaxxer.hikari.pool.PoolBase.newPoolEntry(PoolBase.java:210) ~[HikariCP-7.0.2.jar:na]
	at com.zaxxer.hikari.pool.HikariPool.createPoolEntry(HikariPool.java:488) ~[HikariCP-7.0.2.jar:na]
	at com.zaxxer.hikari.pool.HikariPool$PoolEntryCreator.call(HikariPool.java:752) ~[HikariCP-7.0.2.jar:na]
	at com.zaxxer.hikari.pool.HikariPool$PoolEntryCreator.call(HikariPool.java:731) ~[HikariCP-7.0.2.jar:na]
	at java.base/java.util.concurrent.FutureTask.run(FutureTask.java:317) ~[na:na]
	at java.base/java.util.concurrent.ThreadPoolExecutor.runWorker(ThreadPoolExecutor.java:1144) ~[na:na]
	at java.base/java.util.concurrent.ThreadPoolExecutor$Worker.run(ThreadPoolExecutor.java:642) ~[na:na]
	at java.base/java.lang.Thread.run(Thread.java:1583) ~[na:na]
Caused by: java.net.UnknownHostException: dpg-d4i2omjuibrs73du8tbg-a.oregon-postgres.render.com
	at java.base/sun.nio.ch.NioSocketImpl.connect(NioSocketImpl.java:567) ~[na:na]
	at java.base/java.net.SocksSocketImpl.connect(SocksSocketImpl.java:327) ~[na:na]
	at java.base/java.net.Socket.connect(Socket.java:751) ~[na:na]
	at org.postgresql.core.PGStream.createSocket(PGStream.java:261) ~[postgresql-42.7.8.jar:42.7.8]
	at org.postgresql.core.PGStream.<init>(PGStream.java:122) ~[postgresql-42.7.8.jar:42.7.8]
	at org.postgresql.core.v3.ConnectionFactoryImpl.tryConnect(ConnectionFactoryImpl.java:146) ~[postgresql-42.7.8.jar:42.7.8]
	at org.postgresql.core.v3.ConnectionFactoryImpl.openConnectionImpl(ConnectionFactoryImpl.java:289) ~[postgresql-42.7.8.jar:42.7.8]
	... 14 common frames omitted

2025-12-06T00:30:25.876+02:00  WARN 18296 --- [HikariPool-POSTGRE:connection-adder] com.zaxxer.hikari.pool.PoolBase          : HikariPool-POSTGRE - Pool is empty, failed to create/setup connection (a5ab2408-4669-4133-8cf4-05c61d8dc234)

org.postgresql.util.PSQLException: The connection attempt failed.
	at org.postgresql.core.v3.ConnectionFactoryImpl.openConnectionImpl(ConnectionFactoryImpl.java:385) ~[postgresql-42.7.8.jar:42.7.8]
	at org.postgresql.core.ConnectionFactory.openConnection(ConnectionFactory.java:57) ~[postgresql-42.7.8.jar:42.7.8]
	at org.postgresql.jdbc.PgConnection.<init>(PgConnection.java:279) ~[postgresql-42.7.8.jar:42.7.8]
	at org.postgresql.Driver.makeConnection(Driver.java:448) ~[postgresql-42.7.8.jar:42.7.8]
	at org.postgresql.Driver.connect(Driver.java:298) ~[postgresql-42.7.8.jar:42.7.8]
	at com.zaxxer.hikari.util.DriverDataSource.getConnection(DriverDataSource.java:144) ~[HikariCP-7.0.2.jar:na]
	at com.zaxxer.hikari.pool.PoolBase.newConnection(PoolBase.java:373) ~[HikariCP-7.0.2.jar:na]
	at com.zaxxer.hikari.pool.PoolBase.newPoolEntry(PoolBase.java:210) ~[HikariCP-7.0.2.jar:na]
	at com.zaxxer.hikari.pool.HikariPool.createPoolEntry(HikariPool.java:488) ~[HikariCP-7.0.2.jar:na]
	at com.zaxxer.hikari.pool.HikariPool$PoolEntryCreator.call(HikariPool.java:752) ~[HikariCP-7.0.2.jar:na]
	at com.zaxxer.hikari.pool.HikariPool$PoolEntryCreator.call(HikariPool.java:731) ~[HikariCP-7.0.2.jar:na]
	at java.base/java.util.concurrent.FutureTask.run(FutureTask.java:317) ~[na:na]
	at java.base/java.util.concurrent.ThreadPoolExecutor.runWorker(ThreadPoolExecutor.java:1144) ~[na:na]
	at java.base/java.util.concurrent.ThreadPoolExecutor$Worker.run(ThreadPoolExecutor.java:642) ~[na:na]
	at java.base/java.lang.Thread.run(Thread.java:1583) ~[na:na]
Caused by: java.net.UnknownHostException: dpg-d4i2omjuibrs73du8tbg-a.oregon-postgres.render.com
	at java.base/sun.nio.ch.NioSocketImpl.connect(NioSocketImpl.java:567) ~[na:na]
	at java.base/java.net.SocksSocketImpl.connect(SocksSocketImpl.java:327) ~[na:na]
	at java.base/java.net.Socket.connect(Socket.java:751) ~[na:na]
	at org.postgresql.core.PGStream.createSocket(PGStream.java:261) ~[postgresql-42.7.8.jar:42.7.8]
	at org.postgresql.core.PGStream.<init>(PGStream.java:122) ~[postgresql-42.7.8.jar:42.7.8]
	at org.postgresql.core.v3.ConnectionFactoryImpl.tryConnect(ConnectionFactoryImpl.java:146) ~[postgresql-42.7.8.jar:42.7.8]
	at org.postgresql.core.v3.ConnectionFactoryImpl.openConnectionImpl(ConnectionFactoryImpl.java:289) ~[postgresql-42.7.8.jar:42.7.8]
	... 14 common frames omitted

2025-12-06T00:31:31.031+02:00  WARN 18296 --- [HikariPool-POSTGRE:connection-adder] com.zaxxer.hikari.pool.PoolBase          : HikariPool-POSTGRE - Pool is empty, failed to create/setup connection (1dabb1ea-9668-437e-ba5a-a1b7b3b7e7c8)

org.postgresql.util.PSQLException: The connection attempt failed.
	at org.postgresql.core.v3.ConnectionFactoryImpl.openConnectionImpl(ConnectionFactoryImpl.java:385) ~[postgresql-42.7.8.jar:42.7.8]
	at org.postgresql.core.ConnectionFactory.openConnection(ConnectionFactory.java:57) ~[postgresql-42.7.8.jar:42.7.8]
	at org.postgresql.jdbc.PgConnection.<init>(PgConnection.java:279) ~[postgresql-42.7.8.jar:42.7.8]
	at org.postgresql.Driver.makeConnection(Driver.java:448) ~[postgresql-42.7.8.jar:42.7.8]
	at org.postgresql.Driver.connect(Driver.java:298) ~[postgresql-42.7.8.jar:42.7.8]
	at com.zaxxer.hikari.util.DriverDataSource.getConnection(DriverDataSource.java:144) ~[HikariCP-7.0.2.jar:na]
	at com.zaxxer.hikari.pool.PoolBase.newConnection(PoolBase.java:373) ~[HikariCP-7.0.2.jar:na]
	at com.zaxxer.hikari.pool.PoolBase.newPoolEntry(PoolBase.java:210) ~[HikariCP-7.0.2.jar:na]
	at com.zaxxer.hikari.pool.HikariPool.createPoolEntry(HikariPool.java:488) ~[HikariCP-7.0.2.jar:na]
	at com.zaxxer.hikari.pool.HikariPool$PoolEntryCreator.call(HikariPool.java:752) ~[HikariCP-7.0.2.jar:na]
	at com.zaxxer.hikari.pool.HikariPool$PoolEntryCreator.call(HikariPool.java:731) ~[HikariCP-7.0.2.jar:na]
	at java.base/java.util.concurrent.FutureTask.run(FutureTask.java:317) ~[na:na]
	at java.base/java.util.concurrent.ThreadPoolExecutor.runWorker(ThreadPoolExecutor.java:1144) ~[na:na]
	at java.base/java.util.concurrent.ThreadPoolExecutor$Worker.run(ThreadPoolExecutor.java:642) ~[na:na]
	at java.base/java.lang.Thread.run(Thread.java:1583) ~[na:na]
Caused by: java.net.UnknownHostException: dpg-d4i2omjuibrs73du8tbg-a.oregon-postgres.render.com
	at java.base/sun.nio.ch.NioSocketImpl.connect(NioSocketImpl.java:567) ~[na:na]
	at java.base/java.net.SocksSocketImpl.connect(SocksSocketImpl.java:327) ~[na:na]
	at java.base/java.net.Socket.connect(Socket.java:751) ~[na:na]
	at org.postgresql.core.PGStream.createSocket(PGStream.java:261) ~[postgresql-42.7.8.jar:42.7.8]
	at org.postgresql.core.PGStream.<init>(PGStream.java:122) ~[postgresql-42.7.8.jar:42.7.8]
	at org.postgresql.core.v3.ConnectionFactoryImpl.tryConnect(ConnectionFactoryImpl.java:146) ~[postgresql-42.7.8.jar:42.7.8]
	at org.postgresql.core.v3.ConnectionFactoryImpl.openConnectionImpl(ConnectionFactoryImpl.java:289) ~[postgresql-42.7.8.jar:42.7.8]
	... 14 common frames omitted

2025-12-06T00:32:36.154+02:00  WARN 18296 --- [HikariPool-POSTGRE:connection-adder] com.zaxxer.hikari.pool.PoolBase          : HikariPool-POSTGRE - Pool is empty, failed to create/setup connection (46160923-1028-4c88-9f1b-2e4a72cd3514)

org.postgresql.util.PSQLException: The connection attempt failed.
	at org.postgresql.core.v3.ConnectionFactoryImpl.openConnectionImpl(ConnectionFactoryImpl.java:385) ~[postgresql-42.7.8.jar:42.7.8]
	at org.postgresql.core.ConnectionFactory.openConnection(ConnectionFactory.java:57) ~[postgresql-42.7.8.jar:42.7.8]
	at org.postgresql.jdbc.PgConnection.<init>(PgConnection.java:279) ~[postgresql-42.7.8.jar:42.7.8]
	at org.postgresql.Driver.makeConnection(Driver.java:448) ~[postgresql-42.7.8.jar:42.7.8]
	at org.postgresql.Driver.connect(Driver.java:298) ~[postgresql-42.7.8.jar:42.7.8]
	at com.zaxxer.hikari.util.DriverDataSource.getConnection(DriverDataSource.java:144) ~[HikariCP-7.0.2.jar:na]
	at com.zaxxer.hikari.pool.PoolBase.newConnection(PoolBase.java:373) ~[HikariCP-7.0.2.jar:na]
	at com.zaxxer.hikari.pool.PoolBase.newPoolEntry(PoolBase.java:210) ~[HikariCP-7.0.2.jar:na]
	at com.zaxxer.hikari.pool.HikariPool.createPoolEntry(HikariPool.java:488) ~[HikariCP-7.0.2.jar:na]
	at com.zaxxer.hikari.pool.HikariPool$PoolEntryCreator.call(HikariPool.java:752) ~[HikariCP-7.0.2.jar:na]
	at com.zaxxer.hikari.pool.HikariPool$PoolEntryCreator.call(HikariPool.java:731) ~[HikariCP-7.0.2.jar:na]
	at java.base/java.util.concurrent.FutureTask.run(FutureTask.java:317) ~[na:na]
	at java.base/java.util.concurrent.ThreadPoolExecutor.runWorker(ThreadPoolExecutor.java:1144) ~[na:na]
	at java.base/java.util.concurrent.ThreadPoolExecutor$Worker.run(ThreadPoolExecutor.java:642) ~[na:na]
	at java.base/java.lang.Thread.run(Thread.java:1583) ~[na:na]
Caused by: java.net.UnknownHostException: dpg-d4i2omjuibrs73du8tbg-a.oregon-postgres.render.com
	at java.base/sun.nio.ch.NioSocketImpl.connect(NioSocketImpl.java:567) ~[na:na]
	at java.base/java.net.SocksSocketImpl.connect(SocksSocketImpl.java:327) ~[na:na]
	at java.base/java.net.Socket.connect(Socket.java:751) ~[na:na]
	at org.postgresql.core.PGStream.createSocket(PGStream.java:261) ~[postgresql-42.7.8.jar:42.7.8]
	at org.postgresql.core.PGStream.<init>(PGStream.java:122) ~[postgresql-42.7.8.jar:42.7.8]
	at org.postgresql.core.v3.ConnectionFactoryImpl.tryConnect(ConnectionFactoryImpl.java:146) ~[postgresql-42.7.8.jar:42.7.8]
	at org.postgresql.core.v3.ConnectionFactoryImpl.openConnectionImpl(ConnectionFactoryImpl.java:289) ~[postgresql-42.7.8.jar:42.7.8]
	... 14 common frames omitted

2025-12-06T00:33:41.280+02:00  WARN 18296 --- [HikariPool-POSTGRE:connection-adder] com.zaxxer.hikari.pool.PoolBase          : HikariPool-POSTGRE - Pool is empty, failed to create/setup connection (635b4d1a-24bb-4ba6-aeac-0c20aa1fb7a7)

org.postgresql.util.PSQLException: The connection attempt failed.
	at org.postgresql.core.v3.ConnectionFactoryImpl.openConnectionImpl(ConnectionFactoryImpl.java:385) ~[postgresql-42.7.8.jar:42.7.8]
	at org.postgresql.core.ConnectionFactory.openConnection(ConnectionFactory.java:57) ~[postgresql-42.7.8.jar:42.7.8]
	at org.postgresql.jdbc.PgConnection.<init>(PgConnection.java:279) ~[postgresql-42.7.8.jar:42.7.8]
	at org.postgresql.Driver.makeConnection(Driver.java:448) ~[postgresql-42.7.8.jar:42.7.8]
	at org.postgresql.Driver.connect(Driver.java:298) ~[postgresql-42.7.8.jar:42.7.8]
	at com.zaxxer.hikari.util.DriverDataSource.getConnection(DriverDataSource.java:144) ~[HikariCP-7.0.2.jar:na]
	at com.zaxxer.hikari.pool.PoolBase.newConnection(PoolBase.java:373) ~[HikariCP-7.0.2.jar:na]
	at com.zaxxer.hikari.pool.PoolBase.newPoolEntry(PoolBase.java:210) ~[HikariCP-7.0.2.jar:na]
	at com.zaxxer.hikari.pool.HikariPool.createPoolEntry(HikariPool.java:488) ~[HikariCP-7.0.2.jar:na]
	at com.zaxxer.hikari.pool.HikariPool$PoolEntryCreator.call(HikariPool.java:752) ~[HikariCP-7.0.2.jar:na]
	at com.zaxxer.hikari.pool.HikariPool$PoolEntryCreator.call(HikariPool.java:731) ~[HikariCP-7.0.2.jar:na]
	at java.base/java.util.concurrent.FutureTask.run(FutureTask.java:317) ~[na:na]
	at java.base/java.util.concurrent.ThreadPoolExecutor.runWorker(ThreadPoolExecutor.java:1144) ~[na:na]
	at java.base/java.util.concurrent.ThreadPoolExecutor$Worker.run(ThreadPoolExecutor.java:642) ~[na:na]
	at java.base/java.lang.Thread.run(Thread.java:1583) ~[na:na]
Caused by: java.net.UnknownHostException: dpg-d4i2omjuibrs73du8tbg-a.oregon-postgres.render.com
	at java.base/sun.nio.ch.NioSocketImpl.connect(NioSocketImpl.java:567) ~[na:na]
	at java.base/java.net.SocksSocketImpl.connect(SocksSocketImpl.java:327) ~[na:na]
	at java.base/java.net.Socket.connect(Socket.java:751) ~[na:na]
	at org.postgresql.core.PGStream.createSocket(PGStream.java:261) ~[postgresql-42.7.8.jar:42.7.8]
	at org.postgresql.core.PGStream.<init>(PGStream.java:122) ~[postgresql-42.7.8.jar:42.7.8]
	at org.postgresql.core.v3.ConnectionFactoryImpl.tryConnect(ConnectionFactoryImpl.java:146) ~[postgresql-42.7.8.jar:42.7.8]
	at org.postgresql.core.v3.ConnectionFactoryImpl.openConnectionImpl(ConnectionFactoryImpl.java:289) ~[postgresql-42.7.8.jar:42.7.8]
	... 14 common frames omitted

2025-12-06T00:34:46.447+02:00  WARN 18296 --- [HikariPool-POSTGRE:connection-adder] com.zaxxer.hikari.pool.PoolBase          : HikariPool-POSTGRE - Pool is empty, failed to create/setup connection (162fba1c-f7ab-4af4-945c-8e212dce242f)

org.postgresql.util.PSQLException: The connection attempt failed.
	at org.postgresql.core.v3.ConnectionFactoryImpl.openConnectionImpl(ConnectionFactoryImpl.java:385) ~[postgresql-42.7.8.jar:42.7.8]
	at org.postgresql.core.ConnectionFactory.openConnection(ConnectionFactory.java:57) ~[postgresql-42.7.8.jar:42.7.8]
	at org.postgresql.jdbc.PgConnection.<init>(PgConnection.java:279) ~[postgresql-42.7.8.jar:42.7.8]
	at org.postgresql.Driver.makeConnection(Driver.java:448) ~[postgresql-42.7.8.jar:42.7.8]
	at org.postgresql.Driver.connect(Driver.java:298) ~[postgresql-42.7.8.jar:42.7.8]
	at com.zaxxer.hikari.util.DriverDataSource.getConnection(DriverDataSource.java:144) ~[HikariCP-7.0.2.jar:na]
	at com.zaxxer.hikari.pool.PoolBase.newConnection(PoolBase.java:373) ~[HikariCP-7.0.2.jar:na]
	at com.zaxxer.hikari.pool.PoolBase.newPoolEntry(PoolBase.java:210) ~[HikariCP-7.0.2.jar:na]
	at com.zaxxer.hikari.pool.HikariPool.createPoolEntry(HikariPool.java:488) ~[HikariCP-7.0.2.jar:na]
	at com.zaxxer.hikari.pool.HikariPool$PoolEntryCreator.call(HikariPool.java:752) ~[HikariCP-7.0.2.jar:na]
	at com.zaxxer.hikari.pool.HikariPool$PoolEntryCreator.call(HikariPool.java:731) ~[HikariCP-7.0.2.jar:na]
	at java.base/java.util.concurrent.FutureTask.run(FutureTask.java:317) ~[na:na]
	at java.base/java.util.concurrent.ThreadPoolExecutor.runWorker(ThreadPoolExecutor.java:1144) ~[na:na]
	at java.base/java.util.concurrent.ThreadPoolExecutor$Worker.run(ThreadPoolExecutor.java:642) ~[na:na]
	at java.base/java.lang.Thread.run(Thread.java:1583) ~[na:na]
Caused by: java.net.UnknownHostException: dpg-d4i2omjuibrs73du8tbg-a.oregon-postgres.render.com
	at java.base/sun.nio.ch.NioSocketImpl.connect(NioSocketImpl.java:567) ~[na:na]
	at java.base/java.net.SocksSocketImpl.connect(SocksSocketImpl.java:327) ~[na:na]
	at java.base/java.net.Socket.connect(Socket.java:751) ~[na:na]
	at org.postgresql.core.PGStream.createSocket(PGStream.java:261) ~[postgresql-42.7.8.jar:42.7.8]
	at org.postgresql.core.PGStream.<init>(PGStream.java:122) ~[postgresql-42.7.8.jar:42.7.8]
	at org.postgresql.core.v3.ConnectionFactoryImpl.tryConnect(ConnectionFactoryImpl.java:146) ~[postgresql-42.7.8.jar:42.7.8]
	at org.postgresql.core.v3.ConnectionFactoryImpl.openConnectionImpl(ConnectionFactoryImpl.java:289) ~[postgresql-42.7.8.jar:42.7.8]
	... 14 common frames omitted

2025-12-06T00:35:51.592+02:00  WARN 18296 --- [HikariPool-POSTGRE:connection-adder] com.zaxxer.hikari.pool.PoolBase          : HikariPool-POSTGRE - Pool is empty, failed to create/setup connection (af887b14-629d-41c4-ac50-c7c27c343913)

org.postgresql.util.PSQLException: The connection attempt failed.
	at org.postgresql.core.v3.ConnectionFactoryImpl.openConnectionImpl(ConnectionFactoryImpl.java:385) ~[postgresql-42.7.8.jar:42.7.8]
	at org.postgresql.core.ConnectionFactory.openConnection(ConnectionFactory.java:57) ~[postgresql-42.7.8.jar:42.7.8]
	at org.postgresql.jdbc.PgConnection.<init>(PgConnection.java:279) ~[postgresql-42.7.8.jar:42.7.8]
	at org.postgresql.Driver.makeConnection(Driver.java:448) ~[postgresql-42.7.8.jar:42.7.8]
	at org.postgresql.Driver.connect(Driver.java:298) ~[postgresql-42.7.8.jar:42.7.8]
	at com.zaxxer.hikari.util.DriverDataSource.getConnection(DriverDataSource.java:144) ~[HikariCP-7.0.2.jar:na]
	at com.zaxxer.hikari.pool.PoolBase.newConnection(PoolBase.java:373) ~[HikariCP-7.0.2.jar:na]
	at com.zaxxer.hikari.pool.PoolBase.newPoolEntry(PoolBase.java:210) ~[HikariCP-7.0.2.jar:na]
	at com.zaxxer.hikari.pool.HikariPool.createPoolEntry(HikariPool.java:488) ~[HikariCP-7.0.2.jar:na]
	at com.zaxxer.hikari.pool.HikariPool$PoolEntryCreator.call(HikariPool.java:752) ~[HikariCP-7.0.2.jar:na]
	at com.zaxxer.hikari.pool.HikariPool$PoolEntryCreator.call(HikariPool.java:731) ~[HikariCP-7.0.2.jar:na]
	at java.base/java.util.concurrent.FutureTask.run(FutureTask.java:317) ~[na:na]
	at java.base/java.util.concurrent.ThreadPoolExecutor.runWorker(ThreadPoolExecutor.java:1144) ~[na:na]
	at java.base/java.util.concurrent.ThreadPoolExecutor$Worker.run(ThreadPoolExecutor.java:642) ~[na:na]
	at java.base/java.lang.Thread.run(Thread.java:1583) ~[na:na]
Caused by: java.net.UnknownHostException: dpg-d4i2omjuibrs73du8tbg-a.oregon-postgres.render.com
	at java.base/sun.nio.ch.NioSocketImpl.connect(NioSocketImpl.java:567) ~[na:na]
	at java.base/java.net.SocksSocketImpl.connect(SocksSocketImpl.java:327) ~[na:na]
	at java.base/java.net.Socket.connect(Socket.java:751) ~[na:na]
	at org.postgresql.core.PGStream.createSocket(PGStream.java:261) ~[postgresql-42.7.8.jar:42.7.8]
	at org.postgresql.core.PGStream.<init>(PGStream.java:122) ~[postgresql-42.7.8.jar:42.7.8]
	at org.postgresql.core.v3.ConnectionFactoryImpl.tryConnect(ConnectionFactoryImpl.java:146) ~[postgresql-42.7.8.jar:42.7.8]
	at org.postgresql.core.v3.ConnectionFactoryImpl.openConnectionImpl(ConnectionFactoryImpl.java:289) ~[postgresql-42.7.8.jar:42.7.8]
	... 14 common frames omitted

2025-12-06T00:36:56.740+02:00  WARN 18296 --- [HikariPool-POSTGRE:connection-adder] com.zaxxer.hikari.pool.PoolBase          : HikariPool-POSTGRE - Pool is empty, failed to create/setup connection (929d4d4d-374c-4c94-941b-6386cbc0aa97)

org.postgresql.util.PSQLException: The connection attempt failed.
	at org.postgresql.core.v3.ConnectionFactoryImpl.openConnectionImpl(ConnectionFactoryImpl.java:385) ~[postgresql-42.7.8.jar:42.7.8]
	at org.postgresql.core.ConnectionFactory.openConnection(ConnectionFactory.java:57) ~[postgresql-42.7.8.jar:42.7.8]
	at org.postgresql.jdbc.PgConnection.<init>(PgConnection.java:279) ~[postgresql-42.7.8.jar:42.7.8]
	at org.postgresql.Driver.makeConnection(Driver.java:448) ~[postgresql-42.7.8.jar:42.7.8]
	at org.postgresql.Driver.connect(Driver.java:298) ~[postgresql-42.7.8.jar:42.7.8]
	at com.zaxxer.hikari.util.DriverDataSource.getConnection(DriverDataSource.java:144) ~[HikariCP-7.0.2.jar:na]
	at com.zaxxer.hikari.pool.PoolBase.newConnection(PoolBase.java:373) ~[HikariCP-7.0.2.jar:na]
	at com.zaxxer.hikari.pool.PoolBase.newPoolEntry(PoolBase.java:210) ~[HikariCP-7.0.2.jar:na]
	at com.zaxxer.hikari.pool.HikariPool.createPoolEntry(HikariPool.java:488) ~[HikariCP-7.0.2.jar:na]
	at com.zaxxer.hikari.pool.HikariPool$PoolEntryCreator.call(HikariPool.java:752) ~[HikariCP-7.0.2.jar:na]
	at com.zaxxer.hikari.pool.HikariPool$PoolEntryCreator.call(HikariPool.java:731) ~[HikariCP-7.0.2.jar:na]
	at java.base/java.util.concurrent.FutureTask.run(FutureTask.java:317) ~[na:na]
	at java.base/java.util.concurrent.ThreadPoolExecutor.runWorker(ThreadPoolExecutor.java:1144) ~[na:na]
	at java.base/java.util.concurrent.ThreadPoolExecutor$Worker.run(ThreadPoolExecutor.java:642) ~[na:na]
	at java.base/java.lang.Thread.run(Thread.java:1583) ~[na:na]
Caused by: java.net.UnknownHostException: dpg-d4i2omjuibrs73du8tbg-a.oregon-postgres.render.com
	at java.base/sun.nio.ch.NioSocketImpl.connect(NioSocketImpl.java:567) ~[na:na]
	at java.base/java.net.SocksSocketImpl.connect(SocksSocketImpl.java:327) ~[na:na]
	at java.base/java.net.Socket.connect(Socket.java:751) ~[na:na]
	at org.postgresql.core.PGStream.createSocket(PGStream.java:261) ~[postgresql-42.7.8.jar:42.7.8]
	at org.postgresql.core.PGStream.<init>(PGStream.java:122) ~[postgresql-42.7.8.jar:42.7.8]
	at org.postgresql.core.v3.ConnectionFactoryImpl.tryConnect(ConnectionFactoryImpl.java:146) ~[postgresql-42.7.8.jar:42.7.8]
	at org.postgresql.core.v3.ConnectionFactoryImpl.openConnectionImpl(ConnectionFactoryImpl.java:289) ~[postgresql-42.7.8.jar:42.7.8]
	... 14 common frames omitted

2025-12-06T00:38:01.858+02:00  WARN 18296 --- [HikariPool-POSTGRE:connection-adder] com.zaxxer.hikari.pool.PoolBase          : HikariPool-POSTGRE - Pool is empty, failed to create/setup connection (3cf71d82-dd16-4487-864e-8a279db758f1)

org.postgresql.util.PSQLException: The connection attempt failed.
	at org.postgresql.core.v3.ConnectionFactoryImpl.openConnectionImpl(ConnectionFactoryImpl.java:385) ~[postgresql-42.7.8.jar:42.7.8]
	at org.postgresql.core.ConnectionFactory.openConnection(ConnectionFactory.java:57) ~[postgresql-42.7.8.jar:42.7.8]
	at org.postgresql.jdbc.PgConnection.<init>(PgConnection.java:279) ~[postgresql-42.7.8.jar:42.7.8]
	at org.postgresql.Driver.makeConnection(Driver.java:448) ~[postgresql-42.7.8.jar:42.7.8]
	at org.postgresql.Driver.connect(Driver.java:298) ~[postgresql-42.7.8.jar:42.7.8]
	at com.zaxxer.hikari.util.DriverDataSource.getConnection(DriverDataSource.java:144) ~[HikariCP-7.0.2.jar:na]
	at com.zaxxer.hikari.pool.PoolBase.newConnection(PoolBase.java:373) ~[HikariCP-7.0.2.jar:na]
	at com.zaxxer.hikari.pool.PoolBase.newPoolEntry(PoolBase.java:210) ~[HikariCP-7.0.2.jar:na]
	at com.zaxxer.hikari.pool.HikariPool.createPoolEntry(HikariPool.java:488) ~[HikariCP-7.0.2.jar:na]
	at com.zaxxer.hikari.pool.HikariPool$PoolEntryCreator.call(HikariPool.java:752) ~[HikariCP-7.0.2.jar:na]
	at com.zaxxer.hikari.pool.HikariPool$PoolEntryCreator.call(HikariPool.java:731) ~[HikariCP-7.0.2.jar:na]
	at java.base/java.util.concurrent.FutureTask.run(FutureTask.java:317) ~[na:na]
	at java.base/java.util.concurrent.ThreadPoolExecutor.runWorker(ThreadPoolExecutor.java:1144) ~[na:na]
	at java.base/java.util.concurrent.ThreadPoolExecutor$Worker.run(ThreadPoolExecutor.java:642) ~[na:na]
	at java.base/java.lang.Thread.run(Thread.java:1583) ~[na:na]
Caused by: java.net.UnknownHostException: dpg-d4i2omjuibrs73du8tbg-a.oregon-postgres.render.com
	at java.base/sun.nio.ch.NioSocketImpl.connect(NioSocketImpl.java:567) ~[na:na]
	at java.base/java.net.SocksSocketImpl.connect(SocksSocketImpl.java:327) ~[na:na]
	at java.base/java.net.Socket.connect(Socket.java:751) ~[na:na]
	at org.postgresql.core.PGStream.createSocket(PGStream.java:261) ~[postgresql-42.7.8.jar:42.7.8]
	at org.postgresql.core.PGStream.<init>(PGStream.java:122) ~[postgresql-42.7.8.jar:42.7.8]
	at org.postgresql.core.v3.ConnectionFactoryImpl.tryConnect(ConnectionFactoryImpl.java:146) ~[postgresql-42.7.8.jar:42.7.8]
	at org.postgresql.core.v3.ConnectionFactoryImpl.openConnectionImpl(ConnectionFactoryImpl.java:289) ~[postgresql-42.7.8.jar:42.7.8]
	... 14 common frames omitted

2025-12-06T00:39:06.996+02:00  WARN 18296 --- [HikariPool-POSTGRE:connection-adder] com.zaxxer.hikari.pool.PoolBase          : HikariPool-POSTGRE - Pool is empty, failed to create/setup connection (e6ddb5b8-633c-46ca-a09d-267e4a078e09)

org.postgresql.util.PSQLException: The connection attempt failed.
	at org.postgresql.core.v3.ConnectionFactoryImpl.openConnectionImpl(ConnectionFactoryImpl.java:385) ~[postgresql-42.7.8.jar:42.7.8]
	at org.postgresql.core.ConnectionFactory.openConnection(ConnectionFactory.java:57) ~[postgresql-42.7.8.jar:42.7.8]
	at org.postgresql.jdbc.PgConnection.<init>(PgConnection.java:279) ~[postgresql-42.7.8.jar:42.7.8]
	at org.postgresql.Driver.makeConnection(Driver.java:448) ~[postgresql-42.7.8.jar:42.7.8]
	at org.postgresql.Driver.connect(Driver.java:298) ~[postgresql-42.7.8.jar:42.7.8]
	at com.zaxxer.hikari.util.DriverDataSource.getConnection(DriverDataSource.java:144) ~[HikariCP-7.0.2.jar:na]
	at com.zaxxer.hikari.pool.PoolBase.newConnection(PoolBase.java:373) ~[HikariCP-7.0.2.jar:na]
	at com.zaxxer.hikari.pool.PoolBase.newPoolEntry(PoolBase.java:210) ~[HikariCP-7.0.2.jar:na]
	at com.zaxxer.hikari.pool.HikariPool.createPoolEntry(HikariPool.java:488) ~[HikariCP-7.0.2.jar:na]
	at com.zaxxer.hikari.pool.HikariPool$PoolEntryCreator.call(HikariPool.java:752) ~[HikariCP-7.0.2.jar:na]
	at com.zaxxer.hikari.pool.HikariPool$PoolEntryCreator.call(HikariPool.java:731) ~[HikariCP-7.0.2.jar:na]
	at java.base/java.util.concurrent.FutureTask.run(FutureTask.java:317) ~[na:na]
	at java.base/java.util.concurrent.ThreadPoolExecutor.runWorker(ThreadPoolExecutor.java:1144) ~[na:na]
	at java.base/java.util.concurrent.ThreadPoolExecutor$Worker.run(ThreadPoolExecutor.java:642) ~[na:na]
	at java.base/java.lang.Thread.run(Thread.java:1583) ~[na:na]
Caused by: java.net.UnknownHostException: dpg-d4i2omjuibrs73du8tbg-a.oregon-postgres.render.com
	at java.base/sun.nio.ch.NioSocketImpl.connect(NioSocketImpl.java:567) ~[na:na]
	at java.base/java.net.SocksSocketImpl.connect(SocksSocketImpl.java:327) ~[na:na]
	at java.base/java.net.Socket.connect(Socket.java:751) ~[na:na]
	at org.postgresql.core.PGStream.createSocket(PGStream.java:261) ~[postgresql-42.7.8.jar:42.7.8]
	at org.postgresql.core.PGStream.<init>(PGStream.java:122) ~[postgresql-42.7.8.jar:42.7.8]
	at org.postgresql.core.v3.ConnectionFactoryImpl.tryConnect(ConnectionFactoryImpl.java:146) ~[postgresql-42.7.8.jar:42.7.8]
	at org.postgresql.core.v3.ConnectionFactoryImpl.openConnectionImpl(ConnectionFactoryImpl.java:289) ~[postgresql-42.7.8.jar:42.7.8]
	... 14 common frames omitted

2025-12-06T00:40:12.156+02:00  WARN 18296 --- [HikariPool-POSTGRE:connection-adder] com.zaxxer.hikari.pool.PoolBase          : HikariPool-POSTGRE - Pool is empty, failed to create/setup connection (86425e51-1c10-4758-a88e-428976a74c09)

org.postgresql.util.PSQLException: The connection attempt failed.
	at org.postgresql.core.v3.ConnectionFactoryImpl.openConnectionImpl(ConnectionFactoryImpl.java:385) ~[postgresql-42.7.8.jar:42.7.8]
	at org.postgresql.core.ConnectionFactory.openConnection(ConnectionFactory.java:57) ~[postgresql-42.7.8.jar:42.7.8]
	at org.postgresql.jdbc.PgConnection.<init>(PgConnection.java:279) ~[postgresql-42.7.8.jar:42.7.8]
	at org.postgresql.Driver.makeConnection(Driver.java:448) ~[postgresql-42.7.8.jar:42.7.8]
	at org.postgresql.Driver.connect(Driver.java:298) ~[postgresql-42.7.8.jar:42.7.8]
	at com.zaxxer.hikari.util.DriverDataSource.getConnection(DriverDataSource.java:144) ~[HikariCP-7.0.2.jar:na]
	at com.zaxxer.hikari.pool.PoolBase.newConnection(PoolBase.java:373) ~[HikariCP-7.0.2.jar:na]
	at com.zaxxer.hikari.pool.PoolBase.newPoolEntry(PoolBase.java:210) ~[HikariCP-7.0.2.jar:na]
	at com.zaxxer.hikari.pool.HikariPool.createPoolEntry(HikariPool.java:488) ~[HikariCP-7.0.2.jar:na]
	at com.zaxxer.hikari.pool.HikariPool$PoolEntryCreator.call(HikariPool.java:752) ~[HikariCP-7.0.2.jar:na]
	at com.zaxxer.hikari.pool.HikariPool$PoolEntryCreator.call(HikariPool.java:731) ~[HikariCP-7.0.2.jar:na]
	at java.base/java.util.concurrent.FutureTask.run(FutureTask.java:317) ~[na:na]
	at java.base/java.util.concurrent.ThreadPoolExecutor.runWorker(ThreadPoolExecutor.java:1144) ~[na:na]
	at java.base/java.util.concurrent.ThreadPoolExecutor$Worker.run(ThreadPoolExecutor.java:642) ~[na:na]
	at java.base/java.lang.Thread.run(Thread.java:1583) ~[na:na]
Caused by: java.net.UnknownHostException: dpg-d4i2omjuibrs73du8tbg-a.oregon-postgres.render.com
	at java.base/sun.nio.ch.NioSocketImpl.connect(NioSocketImpl.java:567) ~[na:na]
	at java.base/java.net.SocksSocketImpl.connect(SocksSocketImpl.java:327) ~[na:na]
	at java.base/java.net.Socket.connect(Socket.java:751) ~[na:na]
	at org.postgresql.core.PGStream.createSocket(PGStream.java:261) ~[postgresql-42.7.8.jar:42.7.8]
	at org.postgresql.core.PGStream.<init>(PGStream.java:122) ~[postgresql-42.7.8.jar:42.7.8]
	at org.postgresql.core.v3.ConnectionFactoryImpl.tryConnect(ConnectionFactoryImpl.java:146) ~[postgresql-42.7.8.jar:42.7.8]
	at org.postgresql.core.v3.ConnectionFactoryImpl.openConnectionImpl(ConnectionFactoryImpl.java:289) ~[postgresql-42.7.8.jar:42.7.8]
	... 14 common frames omitted

2025-12-06T00:41:17.296+02:00  WARN 18296 --- [HikariPool-POSTGRE:connection-adder] com.zaxxer.hikari.pool.PoolBase          : HikariPool-POSTGRE - Pool is empty, failed to create/setup connection (4863e65e-c667-458a-b591-8f5d886c4944)

org.postgresql.util.PSQLException: The connection attempt failed.
	at org.postgresql.core.v3.ConnectionFactoryImpl.openConnectionImpl(ConnectionFactoryImpl.java:385) ~[postgresql-42.7.8.jar:42.7.8]
	at org.postgresql.core.ConnectionFactory.openConnection(ConnectionFactory.java:57) ~[postgresql-42.7.8.jar:42.7.8]
	at org.postgresql.jdbc.PgConnection.<init>(PgConnection.java:279) ~[postgresql-42.7.8.jar:42.7.8]
	at org.postgresql.Driver.makeConnection(Driver.java:448) ~[postgresql-42.7.8.jar:42.7.8]
	at org.postgresql.Driver.connect(Driver.java:298) ~[postgresql-42.7.8.jar:42.7.8]
	at com.zaxxer.hikari.util.DriverDataSource.getConnection(DriverDataSource.java:144) ~[HikariCP-7.0.2.jar:na]
	at com.zaxxer.hikari.pool.PoolBase.newConnection(PoolBase.java:373) ~[HikariCP-7.0.2.jar:na]
	at com.zaxxer.hikari.pool.PoolBase.newPoolEntry(PoolBase.java:210) ~[HikariCP-7.0.2.jar:na]
	at com.zaxxer.hikari.pool.HikariPool.createPoolEntry(HikariPool.java:488) ~[HikariCP-7.0.2.jar:na]
	at com.zaxxer.hikari.pool.HikariPool$PoolEntryCreator.call(HikariPool.java:752) ~[HikariCP-7.0.2.jar:na]
	at com.zaxxer.hikari.pool.HikariPool$PoolEntryCreator.call(HikariPool.java:731) ~[HikariCP-7.0.2.jar:na]
	at java.base/java.util.concurrent.FutureTask.run(FutureTask.java:317) ~[na:na]
	at java.base/java.util.concurrent.ThreadPoolExecutor.runWorker(ThreadPoolExecutor.java:1144) ~[na:na]
	at java.base/java.util.concurrent.ThreadPoolExecutor$Worker.run(ThreadPoolExecutor.java:642) ~[na:na]
	at java.base/java.lang.Thread.run(Thread.java:1583) ~[na:na]
Caused by: java.net.UnknownHostException: dpg-d4i2omjuibrs73du8tbg-a.oregon-postgres.render.com
	at java.base/sun.nio.ch.NioSocketImpl.connect(NioSocketImpl.java:567) ~[na:na]
	at java.base/java.net.SocksSocketImpl.connect(SocksSocketImpl.java:327) ~[na:na]
	at java.base/java.net.Socket.connect(Socket.java:751) ~[na:na]
	at org.postgresql.core.PGStream.createSocket(PGStream.java:261) ~[postgresql-42.7.8.jar:42.7.8]
	at org.postgresql.core.PGStream.<init>(PGStream.java:122) ~[postgresql-42.7.8.jar:42.7.8]
	at org.postgresql.core.v3.ConnectionFactoryImpl.tryConnect(ConnectionFactoryImpl.java:146) ~[postgresql-42.7.8.jar:42.7.8]
	at org.postgresql.core.v3.ConnectionFactoryImpl.openConnectionImpl(ConnectionFactoryImpl.java:289) ~[postgresql-42.7.8.jar:42.7.8]
	... 14 common frames omitted

2025-12-06T00:42:22.401+02:00  WARN 18296 --- [HikariPool-POSTGRE:connection-adder] com.zaxxer.hikari.pool.PoolBase          : HikariPool-POSTGRE - Pool is empty, failed to create/setup connection (ed0e775f-f095-47d4-b9eb-6930efc2a8c6)

org.postgresql.util.PSQLException: The connection attempt failed.
	at org.postgresql.core.v3.ConnectionFactoryImpl.openConnectionImpl(ConnectionFactoryImpl.java:385) ~[postgresql-42.7.8.jar:42.7.8]
	at org.postgresql.core.ConnectionFactory.openConnection(ConnectionFactory.java:57) ~[postgresql-42.7.8.jar:42.7.8]
	at org.postgresql.jdbc.PgConnection.<init>(PgConnection.java:279) ~[postgresql-42.7.8.jar:42.7.8]
	at org.postgresql.Driver.makeConnection(Driver.java:448) ~[postgresql-42.7.8.jar:42.7.8]
	at org.postgresql.Driver.connect(Driver.java:298) ~[postgresql-42.7.8.jar:42.7.8]
	at com.zaxxer.hikari.util.DriverDataSource.getConnection(DriverDataSource.java:144) ~[HikariCP-7.0.2.jar:na]
	at com.zaxxer.hikari.pool.PoolBase.newConnection(PoolBase.java:373) ~[HikariCP-7.0.2.jar:na]
	at com.zaxxer.hikari.pool.PoolBase.newPoolEntry(PoolBase.java:210) ~[HikariCP-7.0.2.jar:na]
	at com.zaxxer.hikari.pool.HikariPool.createPoolEntry(HikariPool.java:488) ~[HikariCP-7.0.2.jar:na]
	at com.zaxxer.hikari.pool.HikariPool$PoolEntryCreator.call(HikariPool.java:752) ~[HikariCP-7.0.2.jar:na]
	at com.zaxxer.hikari.pool.HikariPool$PoolEntryCreator.call(HikariPool.java:731) ~[HikariCP-7.0.2.jar:na]
	at java.base/java.util.concurrent.FutureTask.run(FutureTask.java:317) ~[na:na]
	at java.base/java.util.concurrent.ThreadPoolExecutor.runWorker(ThreadPoolExecutor.java:1144) ~[na:na]
	at java.base/java.util.concurrent.ThreadPoolExecutor$Worker.run(ThreadPoolExecutor.java:642) ~[na:na]
	at java.base/java.lang.Thread.run(Thread.java:1583) ~[na:na]
Caused by: java.net.UnknownHostException: dpg-d4i2omjuibrs73du8tbg-a.oregon-postgres.render.com
	at java.base/sun.nio.ch.NioSocketImpl.connect(NioSocketImpl.java:567) ~[na:na]
	at java.base/java.net.SocksSocketImpl.connect(SocksSocketImpl.java:327) ~[na:na]
	at java.base/java.net.Socket.connect(Socket.java:751) ~[na:na]
	at org.postgresql.core.PGStream.createSocket(PGStream.java:261) ~[postgresql-42.7.8.jar:42.7.8]
	at org.postgresql.core.PGStream.<init>(PGStream.java:122) ~[postgresql-42.7.8.jar:42.7.8]
	at org.postgresql.core.v3.ConnectionFactoryImpl.tryConnect(ConnectionFactoryImpl.java:146) ~[postgresql-42.7.8.jar:42.7.8]
	at org.postgresql.core.v3.ConnectionFactoryImpl.openConnectionImpl(ConnectionFactoryImpl.java:289) ~[postgresql-42.7.8.jar:42.7.8]
	... 14 common frames omitted

2025-12-06T00:43:27.520+02:00  WARN 18296 --- [HikariPool-POSTGRE:connection-adder] com.zaxxer.hikari.pool.PoolBase          : HikariPool-POSTGRE - Pool is empty, failed to create/setup connection (e3dd77c8-04da-4efd-8038-f09c46c5d7f0)

org.postgresql.util.PSQLException: The connection attempt failed.
	at org.postgresql.core.v3.ConnectionFactoryImpl.openConnectionImpl(ConnectionFactoryImpl.java:385) ~[postgresql-42.7.8.jar:42.7.8]
	at org.postgresql.core.ConnectionFactory.openConnection(ConnectionFactory.java:57) ~[postgresql-42.7.8.jar:42.7.8]
	at org.postgresql.jdbc.PgConnection.<init>(PgConnection.java:279) ~[postgresql-42.7.8.jar:42.7.8]
	at org.postgresql.Driver.makeConnection(Driver.java:448) ~[postgresql-42.7.8.jar:42.7.8]
	at org.postgresql.Driver.connect(Driver.java:298) ~[postgresql-42.7.8.jar:42.7.8]
	at com.zaxxer.hikari.util.DriverDataSource.getConnection(DriverDataSource.java:144) ~[HikariCP-7.0.2.jar:na]
	at com.zaxxer.hikari.pool.PoolBase.newConnection(PoolBase.java:373) ~[HikariCP-7.0.2.jar:na]
	at com.zaxxer.hikari.pool.PoolBase.newPoolEntry(PoolBase.java:210) ~[HikariCP-7.0.2.jar:na]
	at com.zaxxer.hikari.pool.HikariPool.createPoolEntry(HikariPool.java:488) ~[HikariCP-7.0.2.jar:na]
	at com.zaxxer.hikari.pool.HikariPool$PoolEntryCreator.call(HikariPool.java:752) ~[HikariCP-7.0.2.jar:na]
	at com.zaxxer.hikari.pool.HikariPool$PoolEntryCreator.call(HikariPool.java:731) ~[HikariCP-7.0.2.jar:na]
	at java.base/java.util.concurrent.FutureTask.run(FutureTask.java:317) ~[na:na]
	at java.base/java.util.concurrent.ThreadPoolExecutor.runWorker(ThreadPoolExecutor.java:1144) ~[na:na]
	at java.base/java.util.concurrent.ThreadPoolExecutor$Worker.run(ThreadPoolExecutor.java:642) ~[na:na]
	at java.base/java.lang.Thread.run(Thread.java:1583) ~[na:na]
Caused by: java.net.UnknownHostException: dpg-d4i2omjuibrs73du8tbg-a.oregon-postgres.render.com
	at java.base/sun.nio.ch.NioSocketImpl.connect(NioSocketImpl.java:567) ~[na:na]
	at java.base/java.net.SocksSocketImpl.connect(SocksSocketImpl.java:327) ~[na:na]
	at java.base/java.net.Socket.connect(Socket.java:751) ~[na:na]
	at org.postgresql.core.PGStream.createSocket(PGStream.java:261) ~[postgresql-42.7.8.jar:42.7.8]
	at org.postgresql.core.PGStream.<init>(PGStream.java:122) ~[postgresql-42.7.8.jar:42.7.8]
	at org.postgresql.core.v3.ConnectionFactoryImpl.tryConnect(ConnectionFactoryImpl.java:146) ~[postgresql-42.7.8.jar:42.7.8]
	at org.postgresql.core.v3.ConnectionFactoryImpl.openConnectionImpl(ConnectionFactoryImpl.java:289) ~[postgresql-42.7.8.jar:42.7.8]
	... 14 common frames omitted

2025-12-06T00:44:32.659+02:00  WARN 18296 --- [HikariPool-POSTGRE:connection-adder] com.zaxxer.hikari.pool.PoolBase          : HikariPool-POSTGRE - Pool is empty, failed to create/setup connection (f12ce61f-ab2d-4332-a466-fe45c635b438)

org.postgresql.util.PSQLException: The connection attempt failed.
	at org.postgresql.core.v3.ConnectionFactoryImpl.openConnectionImpl(ConnectionFactoryImpl.java:385) ~[postgresql-42.7.8.jar:42.7.8]
	at org.postgresql.core.ConnectionFactory.openConnection(ConnectionFactory.java:57) ~[postgresql-42.7.8.jar:42.7.8]
	at org.postgresql.jdbc.PgConnection.<init>(PgConnection.java:279) ~[postgresql-42.7.8.jar:42.7.8]
	at org.postgresql.Driver.makeConnection(Driver.java:448) ~[postgresql-42.7.8.jar:42.7.8]
	at org.postgresql.Driver.connect(Driver.java:298) ~[postgresql-42.7.8.jar:42.7.8]
	at com.zaxxer.hikari.util.DriverDataSource.getConnection(DriverDataSource.java:144) ~[HikariCP-7.0.2.jar:na]
	at com.zaxxer.hikari.pool.PoolBase.newConnection(PoolBase.java:373) ~[HikariCP-7.0.2.jar:na]
	at com.zaxxer.hikari.pool.PoolBase.newPoolEntry(PoolBase.java:210) ~[HikariCP-7.0.2.jar:na]
	at com.zaxxer.hikari.pool.HikariPool.createPoolEntry(HikariPool.java:488) ~[HikariCP-7.0.2.jar:na]
	at com.zaxxer.hikari.pool.HikariPool$PoolEntryCreator.call(HikariPool.java:752) ~[HikariCP-7.0.2.jar:na]
	at com.zaxxer.hikari.pool.HikariPool$PoolEntryCreator.call(HikariPool.java:731) ~[HikariCP-7.0.2.jar:na]
	at java.base/java.util.concurrent.FutureTask.run(FutureTask.java:317) ~[na:na]
	at java.base/java.util.concurrent.ThreadPoolExecutor.runWorker(ThreadPoolExecutor.java:1144) ~[na:na]
	at java.base/java.util.concurrent.ThreadPoolExecutor$Worker.run(ThreadPoolExecutor.java:642) ~[na:na]
	at java.base/java.lang.Thread.run(Thread.java:1583) ~[na:na]
Caused by: java.net.UnknownHostException: dpg-d4i2omjuibrs73du8tbg-a.oregon-postgres.render.com
	at java.base/sun.nio.ch.NioSocketImpl.connect(NioSocketImpl.java:567) ~[na:na]
	at java.base/java.net.SocksSocketImpl.connect(SocksSocketImpl.java:327) ~[na:na]
	at java.base/java.net.Socket.connect(Socket.java:751) ~[na:na]
	at org.postgresql.core.PGStream.createSocket(PGStream.java:261) ~[postgresql-42.7.8.jar:42.7.8]
	at org.postgresql.core.PGStream.<init>(PGStream.java:122) ~[postgresql-42.7.8.jar:42.7.8]
	at org.postgresql.core.v3.ConnectionFactoryImpl.tryConnect(ConnectionFactoryImpl.java:146) ~[postgresql-42.7.8.jar:42.7.8]
	at org.postgresql.core.v3.ConnectionFactoryImpl.openConnectionImpl(ConnectionFactoryImpl.java:289) ~[postgresql-42.7.8.jar:42.7.8]
	... 14 common frames omitted

2025-12-06T00:45:37.786+02:00  WARN 18296 --- [HikariPool-POSTGRE:connection-adder] com.zaxxer.hikari.pool.PoolBase          : HikariPool-POSTGRE - Pool is empty, failed to create/setup connection (4b9f06b2-f30b-4a1c-87ee-63d6450a5dc8)

org.postgresql.util.PSQLException: The connection attempt failed.
	at org.postgresql.core.v3.ConnectionFactoryImpl.openConnectionImpl(ConnectionFactoryImpl.java:385) ~[postgresql-42.7.8.jar:42.7.8]
	at org.postgresql.core.ConnectionFactory.openConnection(ConnectionFactory.java:57) ~[postgresql-42.7.8.jar:42.7.8]
	at org.postgresql.jdbc.PgConnection.<init>(PgConnection.java:279) ~[postgresql-42.7.8.jar:42.7.8]
	at org.postgresql.Driver.makeConnection(Driver.java:448) ~[postgresql-42.7.8.jar:42.7.8]
	at org.postgresql.Driver.connect(Driver.java:298) ~[postgresql-42.7.8.jar:42.7.8]
	at com.zaxxer.hikari.util.DriverDataSource.getConnection(DriverDataSource.java:144) ~[HikariCP-7.0.2.jar:na]
	at com.zaxxer.hikari.pool.PoolBase.newConnection(PoolBase.java:373) ~[HikariCP-7.0.2.jar:na]
	at com.zaxxer.hikari.pool.PoolBase.newPoolEntry(PoolBase.java:210) ~[HikariCP-7.0.2.jar:na]
	at com.zaxxer.hikari.pool.HikariPool.createPoolEntry(HikariPool.java:488) ~[HikariCP-7.0.2.jar:na]
	at com.zaxxer.hikari.pool.HikariPool$PoolEntryCreator.call(HikariPool.java:752) ~[HikariCP-7.0.2.jar:na]
	at com.zaxxer.hikari.pool.HikariPool$PoolEntryCreator.call(HikariPool.java:731) ~[HikariCP-7.0.2.jar:na]
	at java.base/java.util.concurrent.FutureTask.run(FutureTask.java:317) ~[na:na]
	at java.base/java.util.concurrent.ThreadPoolExecutor.runWorker(ThreadPoolExecutor.java:1144) ~[na:na]
	at java.base/java.util.concurrent.ThreadPoolExecutor$Worker.run(ThreadPoolExecutor.java:642) ~[na:na]
	at java.base/java.lang.Thread.run(Thread.java:1583) ~[na:na]
Caused by: java.net.UnknownHostException: dpg-d4i2omjuibrs73du8tbg-a.oregon-postgres.render.com
	at java.base/sun.nio.ch.NioSocketImpl.connect(NioSocketImpl.java:567) ~[na:na]
	at java.base/java.net.SocksSocketImpl.connect(SocksSocketImpl.java:327) ~[na:na]
	at java.base/java.net.Socket.connect(Socket.java:751) ~[na:na]
	at org.postgresql.core.PGStream.createSocket(PGStream.java:261) ~[postgresql-42.7.8.jar:42.7.8]
	at org.postgresql.core.PGStream.<init>(PGStream.java:122) ~[postgresql-42.7.8.jar:42.7.8]
	at org.postgresql.core.v3.ConnectionFactoryImpl.tryConnect(ConnectionFactoryImpl.java:146) ~[postgresql-42.7.8.jar:42.7.8]
	at org.postgresql.core.v3.ConnectionFactoryImpl.openConnectionImpl(ConnectionFactoryImpl.java:289) ~[postgresql-42.7.8.jar:42.7.8]
	... 14 common frames omitted

2025-12-06T00:46:42.894+02:00  WARN 18296 --- [HikariPool-POSTGRE:connection-adder] com.zaxxer.hikari.pool.PoolBase          : HikariPool-POSTGRE - Pool is empty, failed to create/setup connection (7f931494-7ca8-4b7d-aeec-08ad9ac3fed0)

org.postgresql.util.PSQLException: The connection attempt failed.
	at org.postgresql.core.v3.ConnectionFactoryImpl.openConnectionImpl(ConnectionFactoryImpl.java:385) ~[postgresql-42.7.8.jar:42.7.8]
	at org.postgresql.core.ConnectionFactory.openConnection(ConnectionFactory.java:57) ~[postgresql-42.7.8.jar:42.7.8]
	at org.postgresql.jdbc.PgConnection.<init>(PgConnection.java:279) ~[postgresql-42.7.8.jar:42.7.8]
	at org.postgresql.Driver.makeConnection(Driver.java:448) ~[postgresql-42.7.8.jar:42.7.8]
	at org.postgresql.Driver.connect(Driver.java:298) ~[postgresql-42.7.8.jar:42.7.8]
	at com.zaxxer.hikari.util.DriverDataSource.getConnection(DriverDataSource.java:144) ~[HikariCP-7.0.2.jar:na]
	at com.zaxxer.hikari.pool.PoolBase.newConnection(PoolBase.java:373) ~[HikariCP-7.0.2.jar:na]
	at com.zaxxer.hikari.pool.PoolBase.newPoolEntry(PoolBase.java:210) ~[HikariCP-7.0.2.jar:na]
	at com.zaxxer.hikari.pool.HikariPool.createPoolEntry(HikariPool.java:488) ~[HikariCP-7.0.2.jar:na]
	at com.zaxxer.hikari.pool.HikariPool$PoolEntryCreator.call(HikariPool.java:752) ~[HikariCP-7.0.2.jar:na]
	at com.zaxxer.hikari.pool.HikariPool$PoolEntryCreator.call(HikariPool.java:731) ~[HikariCP-7.0.2.jar:na]
	at java.base/java.util.concurrent.FutureTask.run(FutureTask.java:317) ~[na:na]
	at java.base/java.util.concurrent.ThreadPoolExecutor.runWorker(ThreadPoolExecutor.java:1144) ~[na:na]
	at java.base/java.util.concurrent.ThreadPoolExecutor$Worker.run(ThreadPoolExecutor.java:642) ~[na:na]
	at java.base/java.lang.Thread.run(Thread.java:1583) ~[na:na]
Caused by: java.net.UnknownHostException: dpg-d4i2omjuibrs73du8tbg-a.oregon-postgres.render.com
	at java.base/sun.nio.ch.NioSocketImpl.connect(NioSocketImpl.java:567) ~[na:na]
	at java.base/java.net.SocksSocketImpl.connect(SocksSocketImpl.java:327) ~[na:na]
	at java.base/java.net.Socket.connect(Socket.java:751) ~[na:na]
	at org.postgresql.core.PGStream.createSocket(PGStream.java:261) ~[postgresql-42.7.8.jar:42.7.8]
	at org.postgresql.core.PGStream.<init>(PGStream.java:122) ~[postgresql-42.7.8.jar:42.7.8]
	at org.postgresql.core.v3.ConnectionFactoryImpl.tryConnect(ConnectionFactoryImpl.java:146) ~[postgresql-42.7.8.jar:42.7.8]
	at org.postgresql.core.v3.ConnectionFactoryImpl.openConnectionImpl(ConnectionFactoryImpl.java:289) ~[postgresql-42.7.8.jar:42.7.8]
	... 14 common frames omitted

2025-12-06T00:47:48.040+02:00  WARN 18296 --- [HikariPool-POSTGRE:connection-adder] com.zaxxer.hikari.pool.PoolBase          : HikariPool-POSTGRE - Pool is empty, failed to create/setup connection (d17bb3fe-bc6b-4523-a627-1e7ab4e88373)

org.postgresql.util.PSQLException: The connection attempt failed.
	at org.postgresql.core.v3.ConnectionFactoryImpl.openConnectionImpl(ConnectionFactoryImpl.java:385) ~[postgresql-42.7.8.jar:42.7.8]
	at org.postgresql.core.ConnectionFactory.openConnection(ConnectionFactory.java:57) ~[postgresql-42.7.8.jar:42.7.8]
	at org.postgresql.jdbc.PgConnection.<init>(PgConnection.java:279) ~[postgresql-42.7.8.jar:42.7.8]
	at org.postgresql.Driver.makeConnection(Driver.java:448) ~[postgresql-42.7.8.jar:42.7.8]
	at org.postgresql.Driver.connect(Driver.java:298) ~[postgresql-42.7.8.jar:42.7.8]
	at com.zaxxer.hikari.util.DriverDataSource.getConnection(DriverDataSource.java:144) ~[HikariCP-7.0.2.jar:na]
	at com.zaxxer.hikari.pool.PoolBase.newConnection(PoolBase.java:373) ~[HikariCP-7.0.2.jar:na]
	at com.zaxxer.hikari.pool.PoolBase.newPoolEntry(PoolBase.java:210) ~[HikariCP-7.0.2.jar:na]
	at com.zaxxer.hikari.pool.HikariPool.createPoolEntry(HikariPool.java:488) ~[HikariCP-7.0.2.jar:na]
	at com.zaxxer.hikari.pool.HikariPool$PoolEntryCreator.call(HikariPool.java:752) ~[HikariCP-7.0.2.jar:na]
	at com.zaxxer.hikari.pool.HikariPool$PoolEntryCreator.call(HikariPool.java:731) ~[HikariCP-7.0.2.jar:na]
	at java.base/java.util.concurrent.FutureTask.run(FutureTask.java:317) ~[na:na]
	at java.base/java.util.concurrent.ThreadPoolExecutor.runWorker(ThreadPoolExecutor.java:1144) ~[na:na]
	at java.base/java.util.concurrent.ThreadPoolExecutor$Worker.run(ThreadPoolExecutor.java:642) ~[na:na]
	at java.base/java.lang.Thread.run(Thread.java:1583) ~[na:na]
Caused by: java.net.UnknownHostException: dpg-d4i2omjuibrs73du8tbg-a.oregon-postgres.render.com
	at java.base/sun.nio.ch.NioSocketImpl.connect(NioSocketImpl.java:567) ~[na:na]
	at java.base/java.net.SocksSocketImpl.connect(SocksSocketImpl.java:327) ~[na:na]
	at java.base/java.net.Socket.connect(Socket.java:751) ~[na:na]
	at org.postgresql.core.PGStream.createSocket(PGStream.java:261) ~[postgresql-42.7.8.jar:42.7.8]
	at org.postgresql.core.PGStream.<init>(PGStream.java:122) ~[postgresql-42.7.8.jar:42.7.8]
	at org.postgresql.core.v3.ConnectionFactoryImpl.tryConnect(ConnectionFactoryImpl.java:146) ~[postgresql-42.7.8.jar:42.7.8]
	at org.postgresql.core.v3.ConnectionFactoryImpl.openConnectionImpl(ConnectionFactoryImpl.java:289) ~[postgresql-42.7.8.jar:42.7.8]
	... 14 common frames omitted

2025-12-06T00:48:53.140+02:00  WARN 18296 --- [HikariPool-POSTGRE:connection-adder] com.zaxxer.hikari.pool.PoolBase          : HikariPool-POSTGRE - Pool is empty, failed to create/setup connection (1b9d2ff2-3c36-457b-866e-6fca1766f63b)

org.postgresql.util.PSQLException: The connection attempt failed.
	at org.postgresql.core.v3.ConnectionFactoryImpl.openConnectionImpl(ConnectionFactoryImpl.java:385) ~[postgresql-42.7.8.jar:42.7.8]
	at org.postgresql.core.ConnectionFactory.openConnection(ConnectionFactory.java:57) ~[postgresql-42.7.8.jar:42.7.8]
	at org.postgresql.jdbc.PgConnection.<init>(PgConnection.java:279) ~[postgresql-42.7.8.jar:42.7.8]
	at org.postgresql.Driver.makeConnection(Driver.java:448) ~[postgresql-42.7.8.jar:42.7.8]
	at org.postgresql.Driver.connect(Driver.java:298) ~[postgresql-42.7.8.jar:42.7.8]
	at com.zaxxer.hikari.util.DriverDataSource.getConnection(DriverDataSource.java:144) ~[HikariCP-7.0.2.jar:na]
	at com.zaxxer.hikari.pool.PoolBase.newConnection(PoolBase.java:373) ~[HikariCP-7.0.2.jar:na]
	at com.zaxxer.hikari.pool.PoolBase.newPoolEntry(PoolBase.java:210) ~[HikariCP-7.0.2.jar:na]
	at com.zaxxer.hikari.pool.HikariPool.createPoolEntry(HikariPool.java:488) ~[HikariCP-7.0.2.jar:na]
	at com.zaxxer.hikari.pool.HikariPool$PoolEntryCreator.call(HikariPool.java:752) ~[HikariCP-7.0.2.jar:na]
	at com.zaxxer.hikari.pool.HikariPool$PoolEntryCreator.call(HikariPool.java:731) ~[HikariCP-7.0.2.jar:na]
	at java.base/java.util.concurrent.FutureTask.run(FutureTask.java:317) ~[na:na]
	at java.base/java.util.concurrent.ThreadPoolExecutor.runWorker(ThreadPoolExecutor.java:1144) ~[na:na]
	at java.base/java.util.concurrent.ThreadPoolExecutor$Worker.run(ThreadPoolExecutor.java:642) ~[na:na]
	at java.base/java.lang.Thread.run(Thread.java:1583) ~[na:na]
Caused by: java.net.UnknownHostException: dpg-d4i2omjuibrs73du8tbg-a.oregon-postgres.render.com
	at java.base/sun.nio.ch.NioSocketImpl.connect(NioSocketImpl.java:567) ~[na:na]
	at java.base/java.net.SocksSocketImpl.connect(SocksSocketImpl.java:327) ~[na:na]
	at java.base/java.net.Socket.connect(Socket.java:751) ~[na:na]
	at org.postgresql.core.PGStream.createSocket(PGStream.java:261) ~[postgresql-42.7.8.jar:42.7.8]
	at org.postgresql.core.PGStream.<init>(PGStream.java:122) ~[postgresql-42.7.8.jar:42.7.8]
	at org.postgresql.core.v3.ConnectionFactoryImpl.tryConnect(ConnectionFactoryImpl.java:146) ~[postgresql-42.7.8.jar:42.7.8]
	at org.postgresql.core.v3.ConnectionFactoryImpl.openConnectionImpl(ConnectionFactoryImpl.java:289) ~[postgresql-42.7.8.jar:42.7.8]
	... 14 common frames omitted

2025-12-06T00:49:58.237+02:00  WARN 18296 --- [HikariPool-POSTGRE:connection-adder] com.zaxxer.hikari.pool.PoolBase          : HikariPool-POSTGRE - Pool is empty, failed to create/setup connection (fa0bc77c-2d9d-4822-bd66-0667fce9b399)

org.postgresql.util.PSQLException: The connection attempt failed.
	at org.postgresql.core.v3.ConnectionFactoryImpl.openConnectionImpl(ConnectionFactoryImpl.java:385) ~[postgresql-42.7.8.jar:42.7.8]
	at org.postgresql.core.ConnectionFactory.openConnection(ConnectionFactory.java:57) ~[postgresql-42.7.8.jar:42.7.8]
	at org.postgresql.jdbc.PgConnection.<init>(PgConnection.java:279) ~[postgresql-42.7.8.jar:42.7.8]
	at org.postgresql.Driver.makeConnection(Driver.java:448) ~[postgresql-42.7.8.jar:42.7.8]
	at org.postgresql.Driver.connect(Driver.java:298) ~[postgresql-42.7.8.jar:42.7.8]
	at com.zaxxer.hikari.util.DriverDataSource.getConnection(DriverDataSource.java:144) ~[HikariCP-7.0.2.jar:na]
	at com.zaxxer.hikari.pool.PoolBase.newConnection(PoolBase.java:373) ~[HikariCP-7.0.2.jar:na]
	at com.zaxxer.hikari.pool.PoolBase.newPoolEntry(PoolBase.java:210) ~[HikariCP-7.0.2.jar:na]
	at com.zaxxer.hikari.pool.HikariPool.createPoolEntry(HikariPool.java:488) ~[HikariCP-7.0.2.jar:na]
	at com.zaxxer.hikari.pool.HikariPool$PoolEntryCreator.call(HikariPool.java:752) ~[HikariCP-7.0.2.jar:na]
	at com.zaxxer.hikari.pool.HikariPool$PoolEntryCreator.call(HikariPool.java:731) ~[HikariCP-7.0.2.jar:na]
	at java.base/java.util.concurrent.FutureTask.run(FutureTask.java:317) ~[na:na]
	at java.base/java.util.concurrent.ThreadPoolExecutor.runWorker(ThreadPoolExecutor.java:1144) ~[na:na]
	at java.base/java.util.concurrent.ThreadPoolExecutor$Worker.run(ThreadPoolExecutor.java:642) ~[na:na]
	at java.base/java.lang.Thread.run(Thread.java:1583) ~[na:na]
Caused by: java.net.UnknownHostException: dpg-d4i2omjuibrs73du8tbg-a.oregon-postgres.render.com
	at java.base/sun.nio.ch.NioSocketImpl.connect(NioSocketImpl.java:567) ~[na:na]
	at java.base/java.net.SocksSocketImpl.connect(SocksSocketImpl.java:327) ~[na:na]
	at java.base/java.net.Socket.connect(Socket.java:751) ~[na:na]
	at org.postgresql.core.PGStream.createSocket(PGStream.java:261) ~[postgresql-42.7.8.jar:42.7.8]
	at org.postgresql.core.PGStream.<init>(PGStream.java:122) ~[postgresql-42.7.8.jar:42.7.8]
	at org.postgresql.core.v3.ConnectionFactoryImpl.tryConnect(ConnectionFactoryImpl.java:146) ~[postgresql-42.7.8.jar:42.7.8]
	at org.postgresql.core.v3.ConnectionFactoryImpl.openConnectionImpl(ConnectionFactoryImpl.java:289) ~[postgresql-42.7.8.jar:42.7.8]
	... 14 common frames omitted

2025-12-06T00:51:03.393+02:00  WARN 18296 --- [HikariPool-POSTGRE:connection-adder] com.zaxxer.hikari.pool.PoolBase          : HikariPool-POSTGRE - Pool is empty, failed to create/setup connection (7e3deefb-effa-4a6e-907d-749d9cfe5e4e)

org.postgresql.util.PSQLException: The connection attempt failed.
	at org.postgresql.core.v3.ConnectionFactoryImpl.openConnectionImpl(ConnectionFactoryImpl.java:385) ~[postgresql-42.7.8.jar:42.7.8]
	at org.postgresql.core.ConnectionFactory.openConnection(ConnectionFactory.java:57) ~[postgresql-42.7.8.jar:42.7.8]
	at org.postgresql.jdbc.PgConnection.<init>(PgConnection.java:279) ~[postgresql-42.7.8.jar:42.7.8]
	at org.postgresql.Driver.makeConnection(Driver.java:448) ~[postgresql-42.7.8.jar:42.7.8]
	at org.postgresql.Driver.connect(Driver.java:298) ~[postgresql-42.7.8.jar:42.7.8]
	at com.zaxxer.hikari.util.DriverDataSource.getConnection(DriverDataSource.java:144) ~[HikariCP-7.0.2.jar:na]
	at com.zaxxer.hikari.pool.PoolBase.newConnection(PoolBase.java:373) ~[HikariCP-7.0.2.jar:na]
	at com.zaxxer.hikari.pool.PoolBase.newPoolEntry(PoolBase.java:210) ~[HikariCP-7.0.2.jar:na]
	at com.zaxxer.hikari.pool.HikariPool.createPoolEntry(HikariPool.java:488) ~[HikariCP-7.0.2.jar:na]
	at com.zaxxer.hikari.pool.HikariPool$PoolEntryCreator.call(HikariPool.java:752) ~[HikariCP-7.0.2.jar:na]
	at com.zaxxer.hikari.pool.HikariPool$PoolEntryCreator.call(HikariPool.java:731) ~[HikariCP-7.0.2.jar:na]
	at java.base/java.util.concurrent.FutureTask.run(FutureTask.java:317) ~[na:na]
	at java.base/java.util.concurrent.ThreadPoolExecutor.runWorker(ThreadPoolExecutor.java:1144) ~[na:na]
	at java.base/java.util.concurrent.ThreadPoolExecutor$Worker.run(ThreadPoolExecutor.java:642) ~[na:na]
	at java.base/java.lang.Thread.run(Thread.java:1583) ~[na:na]
Caused by: java.net.UnknownHostException: dpg-d4i2omjuibrs73du8tbg-a.oregon-postgres.render.com
	at java.base/sun.nio.ch.NioSocketImpl.connect(NioSocketImpl.java:567) ~[na:na]
	at java.base/java.net.SocksSocketImpl.connect(SocksSocketImpl.java:327) ~[na:na]
	at java.base/java.net.Socket.connect(Socket.java:751) ~[na:na]
	at org.postgresql.core.PGStream.createSocket(PGStream.java:261) ~[postgresql-42.7.8.jar:42.7.8]
	at org.postgresql.core.PGStream.<init>(PGStream.java:122) ~[postgresql-42.7.8.jar:42.7.8]
	at org.postgresql.core.v3.ConnectionFactoryImpl.tryConnect(ConnectionFactoryImpl.java:146) ~[postgresql-42.7.8.jar:42.7.8]
	at org.postgresql.core.v3.ConnectionFactoryImpl.openConnectionImpl(ConnectionFactoryImpl.java:289) ~[postgresql-42.7.8.jar:42.7.8]
	... 14 common frames omitted

2025-12-06T00:52:08.529+02:00  WARN 18296 --- [HikariPool-POSTGRE:connection-adder] com.zaxxer.hikari.pool.PoolBase          : HikariPool-POSTGRE - Pool is empty, failed to create/setup connection (04071289-1043-43b1-beb6-7a4244e6ad3f)

org.postgresql.util.PSQLException: The connection attempt failed.
	at org.postgresql.core.v3.ConnectionFactoryImpl.openConnectionImpl(ConnectionFactoryImpl.java:385) ~[postgresql-42.7.8.jar:42.7.8]
	at org.postgresql.core.ConnectionFactory.openConnection(ConnectionFactory.java:57) ~[postgresql-42.7.8.jar:42.7.8]
	at org.postgresql.jdbc.PgConnection.<init>(PgConnection.java:279) ~[postgresql-42.7.8.jar:42.7.8]
	at org.postgresql.Driver.makeConnection(Driver.java:448) ~[postgresql-42.7.8.jar:42.7.8]
	at org.postgresql.Driver.connect(Driver.java:298) ~[postgresql-42.7.8.jar:42.7.8]
	at com.zaxxer.hikari.util.DriverDataSource.getConnection(DriverDataSource.java:144) ~[HikariCP-7.0.2.jar:na]
	at com.zaxxer.hikari.pool.PoolBase.newConnection(PoolBase.java:373) ~[HikariCP-7.0.2.jar:na]
	at com.zaxxer.hikari.pool.PoolBase.newPoolEntry(PoolBase.java:210) ~[HikariCP-7.0.2.jar:na]
	at com.zaxxer.hikari.pool.HikariPool.createPoolEntry(HikariPool.java:488) ~[HikariCP-7.0.2.jar:na]
	at com.zaxxer.hikari.pool.HikariPool$PoolEntryCreator.call(HikariPool.java:752) ~[HikariCP-7.0.2.jar:na]
	at com.zaxxer.hikari.pool.HikariPool$PoolEntryCreator.call(HikariPool.java:731) ~[HikariCP-7.0.2.jar:na]
	at java.base/java.util.concurrent.FutureTask.run(FutureTask.java:317) ~[na:na]
	at java.base/java.util.concurrent.ThreadPoolExecutor.runWorker(ThreadPoolExecutor.java:1144) ~[na:na]
	at java.base/java.util.concurrent.ThreadPoolExecutor$Worker.run(ThreadPoolExecutor.java:642) ~[na:na]
	at java.base/java.lang.Thread.run(Thread.java:1583) ~[na:na]
Caused by: java.net.UnknownHostException: dpg-d4i2omjuibrs73du8tbg-a.oregon-postgres.render.com
	at java.base/sun.nio.ch.NioSocketImpl.connect(NioSocketImpl.java:567) ~[na:na]
	at java.base/java.net.SocksSocketImpl.connect(SocksSocketImpl.java:327) ~[na:na]
	at java.base/java.net.Socket.connect(Socket.java:751) ~[na:na]
	at org.postgresql.core.PGStream.createSocket(PGStream.java:261) ~[postgresql-42.7.8.jar:42.7.8]
	at org.postgresql.core.PGStream.<init>(PGStream.java:122) ~[postgresql-42.7.8.jar:42.7.8]
	at org.postgresql.core.v3.ConnectionFactoryImpl.tryConnect(ConnectionFactoryImpl.java:146) ~[postgresql-42.7.8.jar:42.7.8]
	at org.postgresql.core.v3.ConnectionFactoryImpl.openConnectionImpl(ConnectionFactoryImpl.java:289) ~[postgresql-42.7.8.jar:42.7.8]
	... 14 common frames omitted

2025-12-06T00:53:13.662+02:00  WARN 18296 --- [HikariPool-POSTGRE:connection-adder] com.zaxxer.hikari.pool.PoolBase          : HikariPool-POSTGRE - Pool is empty, failed to create/setup connection (b08f3805-9b6a-4f18-a967-e3b7ea0ec32d)

org.postgresql.util.PSQLException: The connection attempt failed.
	at org.postgresql.core.v3.ConnectionFactoryImpl.openConnectionImpl(ConnectionFactoryImpl.java:385) ~[postgresql-42.7.8.jar:42.7.8]
	at org.postgresql.core.ConnectionFactory.openConnection(ConnectionFactory.java:57) ~[postgresql-42.7.8.jar:42.7.8]
	at org.postgresql.jdbc.PgConnection.<init>(PgConnection.java:279) ~[postgresql-42.7.8.jar:42.7.8]
	at org.postgresql.Driver.makeConnection(Driver.java:448) ~[postgresql-42.7.8.jar:42.7.8]
	at org.postgresql.Driver.connect(Driver.java:298) ~[postgresql-42.7.8.jar:42.7.8]
	at com.zaxxer.hikari.util.DriverDataSource.getConnection(DriverDataSource.java:144) ~[HikariCP-7.0.2.jar:na]
	at com.zaxxer.hikari.pool.PoolBase.newConnection(PoolBase.java:373) ~[HikariCP-7.0.2.jar:na]
	at com.zaxxer.hikari.pool.PoolBase.newPoolEntry(PoolBase.java:210) ~[HikariCP-7.0.2.jar:na]
	at com.zaxxer.hikari.pool.HikariPool.createPoolEntry(HikariPool.java:488) ~[HikariCP-7.0.2.jar:na]
	at com.zaxxer.hikari.pool.HikariPool$PoolEntryCreator.call(HikariPool.java:752) ~[HikariCP-7.0.2.jar:na]
	at com.zaxxer.hikari.pool.HikariPool$PoolEntryCreator.call(HikariPool.java:731) ~[HikariCP-7.0.2.jar:na]
	at java.base/java.util.concurrent.FutureTask.run(FutureTask.java:317) ~[na:na]
	at java.base/java.util.concurrent.ThreadPoolExecutor.runWorker(ThreadPoolExecutor.java:1144) ~[na:na]
	at java.base/java.util.concurrent.ThreadPoolExecutor$Worker.run(ThreadPoolExecutor.java:642) ~[na:na]
	at java.base/java.lang.Thread.run(Thread.java:1583) ~[na:na]
Caused by: java.net.UnknownHostException: dpg-d4i2omjuibrs73du8tbg-a.oregon-postgres.render.com
	at java.base/sun.nio.ch.NioSocketImpl.connect(NioSocketImpl.java:567) ~[na:na]
	at java.base/java.net.SocksSocketImpl.connect(SocksSocketImpl.java:327) ~[na:na]
	at java.base/java.net.Socket.connect(Socket.java:751) ~[na:na]
	at org.postgresql.core.PGStream.createSocket(PGStream.java:261) ~[postgresql-42.7.8.jar:42.7.8]
	at org.postgresql.core.PGStream.<init>(PGStream.java:122) ~[postgresql-42.7.8.jar:42.7.8]
	at org.postgresql.core.v3.ConnectionFactoryImpl.tryConnect(ConnectionFactoryImpl.java:146) ~[postgresql-42.7.8.jar:42.7.8]
	at org.postgresql.core.v3.ConnectionFactoryImpl.openConnectionImpl(ConnectionFactoryImpl.java:289) ~[postgresql-42.7.8.jar:42.7.8]
	... 14 common frames omitted

2025-12-06T00:54:18.808+02:00  WARN 18296 --- [HikariPool-POSTGRE:connection-adder] com.zaxxer.hikari.pool.PoolBase          : HikariPool-POSTGRE - Pool is empty, failed to create/setup connection (d1f3cd4e-8eb1-4ee1-a804-2bda0492f396)

org.postgresql.util.PSQLException: The connection attempt failed.
	at org.postgresql.core.v3.ConnectionFactoryImpl.openConnectionImpl(ConnectionFactoryImpl.java:385) ~[postgresql-42.7.8.jar:42.7.8]
	at org.postgresql.core.ConnectionFactory.openConnection(ConnectionFactory.java:57) ~[postgresql-42.7.8.jar:42.7.8]
	at org.postgresql.jdbc.PgConnection.<init>(PgConnection.java:279) ~[postgresql-42.7.8.jar:42.7.8]
	at org.postgresql.Driver.makeConnection(Driver.java:448) ~[postgresql-42.7.8.jar:42.7.8]
	at org.postgresql.Driver.connect(Driver.java:298) ~[postgresql-42.7.8.jar:42.7.8]
	at com.zaxxer.hikari.util.DriverDataSource.getConnection(DriverDataSource.java:144) ~[HikariCP-7.0.2.jar:na]
	at com.zaxxer.hikari.pool.PoolBase.newConnection(PoolBase.java:373) ~[HikariCP-7.0.2.jar:na]
	at com.zaxxer.hikari.pool.PoolBase.newPoolEntry(PoolBase.java:210) ~[HikariCP-7.0.2.jar:na]
	at com.zaxxer.hikari.pool.HikariPool.createPoolEntry(HikariPool.java:488) ~[HikariCP-7.0.2.jar:na]
	at com.zaxxer.hikari.pool.HikariPool$PoolEntryCreator.call(HikariPool.java:752) ~[HikariCP-7.0.2.jar:na]
	at com.zaxxer.hikari.pool.HikariPool$PoolEntryCreator.call(HikariPool.java:731) ~[HikariCP-7.0.2.jar:na]
	at java.base/java.util.concurrent.FutureTask.run(FutureTask.java:317) ~[na:na]
	at java.base/java.util.concurrent.ThreadPoolExecutor.runWorker(ThreadPoolExecutor.java:1144) ~[na:na]
	at java.base/java.util.concurrent.ThreadPoolExecutor$Worker.run(ThreadPoolExecutor.java:642) ~[na:na]
	at java.base/java.lang.Thread.run(Thread.java:1583) ~[na:na]
Caused by: java.net.UnknownHostException: dpg-d4i2omjuibrs73du8tbg-a.oregon-postgres.render.com
	at java.base/sun.nio.ch.NioSocketImpl.connect(NioSocketImpl.java:567) ~[na:na]
	at java.base/java.net.SocksSocketImpl.connect(SocksSocketImpl.java:327) ~[na:na]
	at java.base/java.net.Socket.connect(Socket.java:751) ~[na:na]
	at org.postgresql.core.PGStream.createSocket(PGStream.java:261) ~[postgresql-42.7.8.jar:42.7.8]
	at org.postgresql.core.PGStream.<init>(PGStream.java:122) ~[postgresql-42.7.8.jar:42.7.8]
	at org.postgresql.core.v3.ConnectionFactoryImpl.tryConnect(ConnectionFactoryImpl.java:146) ~[postgresql-42.7.8.jar:42.7.8]
	at org.postgresql.core.v3.ConnectionFactoryImpl.openConnectionImpl(ConnectionFactoryImpl.java:289) ~[postgresql-42.7.8.jar:42.7.8]
	... 14 common frames omitted

2025-12-06T00:55:23.938+02:00  WARN 18296 --- [HikariPool-POSTGRE:connection-adder] com.zaxxer.hikari.pool.PoolBase          : HikariPool-POSTGRE - Pool is empty, failed to create/setup connection (ba12dbf5-ef8e-41ad-bf48-2c1c744558ca)

org.postgresql.util.PSQLException: The connection attempt failed.
	at org.postgresql.core.v3.ConnectionFactoryImpl.openConnectionImpl(ConnectionFactoryImpl.java:385) ~[postgresql-42.7.8.jar:42.7.8]
	at org.postgresql.core.ConnectionFactory.openConnection(ConnectionFactory.java:57) ~[postgresql-42.7.8.jar:42.7.8]
	at org.postgresql.jdbc.PgConnection.<init>(PgConnection.java:279) ~[postgresql-42.7.8.jar:42.7.8]
	at org.postgresql.Driver.makeConnection(Driver.java:448) ~[postgresql-42.7.8.jar:42.7.8]
	at org.postgresql.Driver.connect(Driver.java:298) ~[postgresql-42.7.8.jar:42.7.8]
	at com.zaxxer.hikari.util.DriverDataSource.getConnection(DriverDataSource.java:144) ~[HikariCP-7.0.2.jar:na]
	at com.zaxxer.hikari.pool.PoolBase.newConnection(PoolBase.java:373) ~[HikariCP-7.0.2.jar:na]
	at com.zaxxer.hikari.pool.PoolBase.newPoolEntry(PoolBase.java:210) ~[HikariCP-7.0.2.jar:na]
	at com.zaxxer.hikari.pool.HikariPool.createPoolEntry(HikariPool.java:488) ~[HikariCP-7.0.2.jar:na]
	at com.zaxxer.hikari.pool.HikariPool$PoolEntryCreator.call(HikariPool.java:752) ~[HikariCP-7.0.2.jar:na]
	at com.zaxxer.hikari.pool.HikariPool$PoolEntryCreator.call(HikariPool.java:731) ~[HikariCP-7.0.2.jar:na]
	at java.base/java.util.concurrent.FutureTask.run(FutureTask.java:317) ~[na:na]
	at java.base/java.util.concurrent.ThreadPoolExecutor.runWorker(ThreadPoolExecutor.java:1144) ~[na:na]
	at java.base/java.util.concurrent.ThreadPoolExecutor$Worker.run(ThreadPoolExecutor.java:642) ~[na:na]
	at java.base/java.lang.Thread.run(Thread.java:1583) ~[na:na]
Caused by: java.net.UnknownHostException: dpg-d4i2omjuibrs73du8tbg-a.oregon-postgres.render.com
	at java.base/sun.nio.ch.NioSocketImpl.connect(NioSocketImpl.java:567) ~[na:na]
	at java.base/java.net.SocksSocketImpl.connect(SocksSocketImpl.java:327) ~[na:na]
	at java.base/java.net.Socket.connect(Socket.java:751) ~[na:na]
	at org.postgresql.core.PGStream.createSocket(PGStream.java:261) ~[postgresql-42.7.8.jar:42.7.8]
	at org.postgresql.core.PGStream.<init>(PGStream.java:122) ~[postgresql-42.7.8.jar:42.7.8]
	at org.postgresql.core.v3.ConnectionFactoryImpl.tryConnect(ConnectionFactoryImpl.java:146) ~[postgresql-42.7.8.jar:42.7.8]
	at org.postgresql.core.v3.ConnectionFactoryImpl.openConnectionImpl(ConnectionFactoryImpl.java:289) ~[postgresql-42.7.8.jar:42.7.8]
	... 14 common frames omitted

2025-12-06T00:56:29.087+02:00  WARN 18296 --- [HikariPool-POSTGRE:connection-adder] com.zaxxer.hikari.pool.PoolBase          : HikariPool-POSTGRE - Pool is empty, failed to create/setup connection (76dcffb9-2ff9-4fa6-a477-f7bb848b5a5b)

org.postgresql.util.PSQLException: The connection attempt failed.
	at org.postgresql.core.v3.ConnectionFactoryImpl.openConnectionImpl(ConnectionFactoryImpl.java:385) ~[postgresql-42.7.8.jar:42.7.8]
	at org.postgresql.core.ConnectionFactory.openConnection(ConnectionFactory.java:57) ~[postgresql-42.7.8.jar:42.7.8]
	at org.postgresql.jdbc.PgConnection.<init>(PgConnection.java:279) ~[postgresql-42.7.8.jar:42.7.8]
	at org.postgresql.Driver.makeConnection(Driver.java:448) ~[postgresql-42.7.8.jar:42.7.8]
	at org.postgresql.Driver.connect(Driver.java:298) ~[postgresql-42.7.8.jar:42.7.8]
	at com.zaxxer.hikari.util.DriverDataSource.getConnection(DriverDataSource.java:144) ~[HikariCP-7.0.2.jar:na]
	at com.zaxxer.hikari.pool.PoolBase.newConnection(PoolBase.java:373) ~[HikariCP-7.0.2.jar:na]
	at com.zaxxer.hikari.pool.PoolBase.newPoolEntry(PoolBase.java:210) ~[HikariCP-7.0.2.jar:na]
	at com.zaxxer.hikari.pool.HikariPool.createPoolEntry(HikariPool.java:488) ~[HikariCP-7.0.2.jar:na]
	at com.zaxxer.hikari.pool.HikariPool$PoolEntryCreator.call(HikariPool.java:752) ~[HikariCP-7.0.2.jar:na]
	at com.zaxxer.hikari.pool.HikariPool$PoolEntryCreator.call(HikariPool.java:731) ~[HikariCP-7.0.2.jar:na]
	at java.base/java.util.concurrent.FutureTask.run(FutureTask.java:317) ~[na:na]
	at java.base/java.util.concurrent.ThreadPoolExecutor.runWorker(ThreadPoolExecutor.java:1144) ~[na:na]
	at java.base/java.util.concurrent.ThreadPoolExecutor$Worker.run(ThreadPoolExecutor.java:642) ~[na:na]
	at java.base/java.lang.Thread.run(Thread.java:1583) ~[na:na]
Caused by: java.net.UnknownHostException: dpg-d4i2omjuibrs73du8tbg-a.oregon-postgres.render.com
	at java.base/sun.nio.ch.NioSocketImpl.connect(NioSocketImpl.java:567) ~[na:na]
	at java.base/java.net.SocksSocketImpl.connect(SocksSocketImpl.java:327) ~[na:na]
	at java.base/java.net.Socket.connect(Socket.java:751) ~[na:na]
	at org.postgresql.core.PGStream.createSocket(PGStream.java:261) ~[postgresql-42.7.8.jar:42.7.8]
	at org.postgresql.core.PGStream.<init>(PGStream.java:122) ~[postgresql-42.7.8.jar:42.7.8]
	at org.postgresql.core.v3.ConnectionFactoryImpl.tryConnect(ConnectionFactoryImpl.java:146) ~[postgresql-42.7.8.jar:42.7.8]
	at org.postgresql.core.v3.ConnectionFactoryImpl.openConnectionImpl(ConnectionFactoryImpl.java:289) ~[postgresql-42.7.8.jar:42.7.8]
	... 14 common frames omitted

2025-12-06T00:57:34.189+02:00  WARN 18296 --- [HikariPool-POSTGRE:connection-adder] com.zaxxer.hikari.pool.PoolBase          : HikariPool-POSTGRE - Pool is empty, failed to create/setup connection (3698f410-e2bd-4db7-a75f-1bf8cd130f9c)

org.postgresql.util.PSQLException: The connection attempt failed.
	at org.postgresql.core.v3.ConnectionFactoryImpl.openConnectionImpl(ConnectionFactoryImpl.java:385) ~[postgresql-42.7.8.jar:42.7.8]
	at org.postgresql.core.ConnectionFactory.openConnection(ConnectionFactory.java:57) ~[postgresql-42.7.8.jar:42.7.8]
	at org.postgresql.jdbc.PgConnection.<init>(PgConnection.java:279) ~[postgresql-42.7.8.jar:42.7.8]
	at org.postgresql.Driver.makeConnection(Driver.java:448) ~[postgresql-42.7.8.jar:42.7.8]
	at org.postgresql.Driver.connect(Driver.java:298) ~[postgresql-42.7.8.jar:42.7.8]
	at com.zaxxer.hikari.util.DriverDataSource.getConnection(DriverDataSource.java:144) ~[HikariCP-7.0.2.jar:na]
	at com.zaxxer.hikari.pool.PoolBase.newConnection(PoolBase.java:373) ~[HikariCP-7.0.2.jar:na]
	at com.zaxxer.hikari.pool.PoolBase.newPoolEntry(PoolBase.java:210) ~[HikariCP-7.0.2.jar:na]
	at com.zaxxer.hikari.pool.HikariPool.createPoolEntry(HikariPool.java:488) ~[HikariCP-7.0.2.jar:na]
	at com.zaxxer.hikari.pool.HikariPool$PoolEntryCreator.call(HikariPool.java:752) ~[HikariCP-7.0.2.jar:na]
	at com.zaxxer.hikari.pool.HikariPool$PoolEntryCreator.call(HikariPool.java:731) ~[HikariCP-7.0.2.jar:na]
	at java.base/java.util.concurrent.FutureTask.run(FutureTask.java:317) ~[na:na]
	at java.base/java.util.concurrent.ThreadPoolExecutor.runWorker(ThreadPoolExecutor.java:1144) ~[na:na]
	at java.base/java.util.concurrent.ThreadPoolExecutor$Worker.run(ThreadPoolExecutor.java:642) ~[na:na]
	at java.base/java.lang.Thread.run(Thread.java:1583) ~[na:na]
Caused by: java.net.UnknownHostException: dpg-d4i2omjuibrs73du8tbg-a.oregon-postgres.render.com
	at java.base/sun.nio.ch.NioSocketImpl.connect(NioSocketImpl.java:567) ~[na:na]
	at java.base/java.net.SocksSocketImpl.connect(SocksSocketImpl.java:327) ~[na:na]
	at java.base/java.net.Socket.connect(Socket.java:751) ~[na:na]
	at org.postgresql.core.PGStream.createSocket(PGStream.java:261) ~[postgresql-42.7.8.jar:42.7.8]
	at org.postgresql.core.PGStream.<init>(PGStream.java:122) ~[postgresql-42.7.8.jar:42.7.8]
	at org.postgresql.core.v3.ConnectionFactoryImpl.tryConnect(ConnectionFactoryImpl.java:146) ~[postgresql-42.7.8.jar:42.7.8]
	at org.postgresql.core.v3.ConnectionFactoryImpl.openConnectionImpl(ConnectionFactoryImpl.java:289) ~[postgresql-42.7.8.jar:42.7.8]
	... 14 common frames omitted

2025-12-06T00:58:39.275+02:00  WARN 18296 --- [HikariPool-POSTGRE:connection-adder] com.zaxxer.hikari.pool.PoolBase          : HikariPool-POSTGRE - Pool is empty, failed to create/setup connection (696ae721-ede8-4b30-bf35-0e8a792d8580)

org.postgresql.util.PSQLException: The connection attempt failed.
	at org.postgresql.core.v3.ConnectionFactoryImpl.openConnectionImpl(ConnectionFactoryImpl.java:385) ~[postgresql-42.7.8.jar:42.7.8]
	at org.postgresql.core.ConnectionFactory.openConnection(ConnectionFactory.java:57) ~[postgresql-42.7.8.jar:42.7.8]
	at org.postgresql.jdbc.PgConnection.<init>(PgConnection.java:279) ~[postgresql-42.7.8.jar:42.7.8]
	at org.postgresql.Driver.makeConnection(Driver.java:448) ~[postgresql-42.7.8.jar:42.7.8]
	at org.postgresql.Driver.connect(Driver.java:298) ~[postgresql-42.7.8.jar:42.7.8]
	at com.zaxxer.hikari.util.DriverDataSource.getConnection(DriverDataSource.java:144) ~[HikariCP-7.0.2.jar:na]
	at com.zaxxer.hikari.pool.PoolBase.newConnection(PoolBase.java:373) ~[HikariCP-7.0.2.jar:na]
	at com.zaxxer.hikari.pool.PoolBase.newPoolEntry(PoolBase.java:210) ~[HikariCP-7.0.2.jar:na]
	at com.zaxxer.hikari.pool.HikariPool.createPoolEntry(HikariPool.java:488) ~[HikariCP-7.0.2.jar:na]
	at com.zaxxer.hikari.pool.HikariPool$PoolEntryCreator.call(HikariPool.java:752) ~[HikariCP-7.0.2.jar:na]
	at com.zaxxer.hikari.pool.HikariPool$PoolEntryCreator.call(HikariPool.java:731) ~[HikariCP-7.0.2.jar:na]
	at java.base/java.util.concurrent.FutureTask.run(FutureTask.java:317) ~[na:na]
	at java.base/java.util.concurrent.ThreadPoolExecutor.runWorker(ThreadPoolExecutor.java:1144) ~[na:na]
	at java.base/java.util.concurrent.ThreadPoolExecutor$Worker.run(ThreadPoolExecutor.java:642) ~[na:na]
	at java.base/java.lang.Thread.run(Thread.java:1583) ~[na:na]
Caused by: java.net.UnknownHostException: dpg-d4i2omjuibrs73du8tbg-a.oregon-postgres.render.com
	at java.base/sun.nio.ch.NioSocketImpl.connect(NioSocketImpl.java:567) ~[na:na]
	at java.base/java.net.SocksSocketImpl.connect(SocksSocketImpl.java:327) ~[na:na]
	at java.base/java.net.Socket.connect(Socket.java:751) ~[na:na]
	at org.postgresql.core.PGStream.createSocket(PGStream.java:261) ~[postgresql-42.7.8.jar:42.7.8]
	at org.postgresql.core.PGStream.<init>(PGStream.java:122) ~[postgresql-42.7.8.jar:42.7.8]
	at org.postgresql.core.v3.ConnectionFactoryImpl.tryConnect(ConnectionFactoryImpl.java:146) ~[postgresql-42.7.8.jar:42.7.8]
	at org.postgresql.core.v3.ConnectionFactoryImpl.openConnectionImpl(ConnectionFactoryImpl.java:289) ~[postgresql-42.7.8.jar:42.7.8]
	... 14 common frames omitted

2025-12-06T00:59:44.411+02:00  WARN 18296 --- [HikariPool-POSTGRE:connection-adder] com.zaxxer.hikari.pool.PoolBase          : HikariPool-POSTGRE - Pool is empty, failed to create/setup connection (180011c2-b163-44cc-b5fb-aa6c28c4e6ac)

org.postgresql.util.PSQLException: The connection attempt failed.
	at org.postgresql.core.v3.ConnectionFactoryImpl.openConnectionImpl(ConnectionFactoryImpl.java:385) ~[postgresql-42.7.8.jar:42.7.8]
	at org.postgresql.core.ConnectionFactory.openConnection(ConnectionFactory.java:57) ~[postgresql-42.7.8.jar:42.7.8]
	at org.postgresql.jdbc.PgConnection.<init>(PgConnection.java:279) ~[postgresql-42.7.8.jar:42.7.8]
	at org.postgresql.Driver.makeConnection(Driver.java:448) ~[postgresql-42.7.8.jar:42.7.8]
	at org.postgresql.Driver.connect(Driver.java:298) ~[postgresql-42.7.8.jar:42.7.8]
	at com.zaxxer.hikari.util.DriverDataSource.getConnection(DriverDataSource.java:144) ~[HikariCP-7.0.2.jar:na]
	at com.zaxxer.hikari.pool.PoolBase.newConnection(PoolBase.java:373) ~[HikariCP-7.0.2.jar:na]
	at com.zaxxer.hikari.pool.PoolBase.newPoolEntry(PoolBase.java:210) ~[HikariCP-7.0.2.jar:na]
	at com.zaxxer.hikari.pool.HikariPool.createPoolEntry(HikariPool.java:488) ~[HikariCP-7.0.2.jar:na]
	at com.zaxxer.hikari.pool.HikariPool$PoolEntryCreator.call(HikariPool.java:752) ~[HikariCP-7.0.2.jar:na]
	at com.zaxxer.hikari.pool.HikariPool$PoolEntryCreator.call(HikariPool.java:731) ~[HikariCP-7.0.2.jar:na]
	at java.base/java.util.concurrent.FutureTask.run(FutureTask.java:317) ~[na:na]
	at java.base/java.util.concurrent.ThreadPoolExecutor.runWorker(ThreadPoolExecutor.java:1144) ~[na:na]
	at java.base/java.util.concurrent.ThreadPoolExecutor$Worker.run(ThreadPoolExecutor.java:642) ~[na:na]
	at java.base/java.lang.Thread.run(Thread.java:1583) ~[na:na]
Caused by: java.net.UnknownHostException: dpg-d4i2omjuibrs73du8tbg-a.oregon-postgres.render.com
	at java.base/sun.nio.ch.NioSocketImpl.connect(NioSocketImpl.java:567) ~[na:na]
	at java.base/java.net.SocksSocketImpl.connect(SocksSocketImpl.java:327) ~[na:na]
	at java.base/java.net.Socket.connect(Socket.java:751) ~[na:na]
	at org.postgresql.core.PGStream.createSocket(PGStream.java:261) ~[postgresql-42.7.8.jar:42.7.8]
	at org.postgresql.core.PGStream.<init>(PGStream.java:122) ~[postgresql-42.7.8.jar:42.7.8]
	at org.postgresql.core.v3.ConnectionFactoryImpl.tryConnect(ConnectionFactoryImpl.java:146) ~[postgresql-42.7.8.jar:42.7.8]
	at org.postgresql.core.v3.ConnectionFactoryImpl.openConnectionImpl(ConnectionFactoryImpl.java:289) ~[postgresql-42.7.8.jar:42.7.8]
	... 14 common frames omitted

2025-12-06T01:00:49.555+02:00  WARN 18296 --- [HikariPool-POSTGRE:connection-adder] com.zaxxer.hikari.pool.PoolBase          : HikariPool-POSTGRE - Pool is empty, failed to create/setup connection (b4170d2d-38cf-4fd4-a107-9db6e8745920)

org.postgresql.util.PSQLException: The connection attempt failed.
	at org.postgresql.core.v3.ConnectionFactoryImpl.openConnectionImpl(ConnectionFactoryImpl.java:385) ~[postgresql-42.7.8.jar:42.7.8]
	at org.postgresql.core.ConnectionFactory.openConnection(ConnectionFactory.java:57) ~[postgresql-42.7.8.jar:42.7.8]
	at org.postgresql.jdbc.PgConnection.<init>(PgConnection.java:279) ~[postgresql-42.7.8.jar:42.7.8]
	at org.postgresql.Driver.makeConnection(Driver.java:448) ~[postgresql-42.7.8.jar:42.7.8]
	at org.postgresql.Driver.connect(Driver.java:298) ~[postgresql-42.7.8.jar:42.7.8]
	at com.zaxxer.hikari.util.DriverDataSource.getConnection(DriverDataSource.java:144) ~[HikariCP-7.0.2.jar:na]
	at com.zaxxer.hikari.pool.PoolBase.newConnection(PoolBase.java:373) ~[HikariCP-7.0.2.jar:na]
	at com.zaxxer.hikari.pool.PoolBase.newPoolEntry(PoolBase.java:210) ~[HikariCP-7.0.2.jar:na]
	at com.zaxxer.hikari.pool.HikariPool.createPoolEntry(HikariPool.java:488) ~[HikariCP-7.0.2.jar:na]
	at com.zaxxer.hikari.pool.HikariPool$PoolEntryCreator.call(HikariPool.java:752) ~[HikariCP-7.0.2.jar:na]
	at com.zaxxer.hikari.pool.HikariPool$PoolEntryCreator.call(HikariPool.java:731) ~[HikariCP-7.0.2.jar:na]
	at java.base/java.util.concurrent.FutureTask.run(FutureTask.java:317) ~[na:na]
	at java.base/java.util.concurrent.ThreadPoolExecutor.runWorker(ThreadPoolExecutor.java:1144) ~[na:na]
	at java.base/java.util.concurrent.ThreadPoolExecutor$Worker.run(ThreadPoolExecutor.java:642) ~[na:na]
	at java.base/java.lang.Thread.run(Thread.java:1583) ~[na:na]
Caused by: java.net.UnknownHostException: dpg-d4i2omjuibrs73du8tbg-a.oregon-postgres.render.com
	at java.base/sun.nio.ch.NioSocketImpl.connect(NioSocketImpl.java:567) ~[na:na]
	at java.base/java.net.SocksSocketImpl.connect(SocksSocketImpl.java:327) ~[na:na]
	at java.base/java.net.Socket.connect(Socket.java:751) ~[na:na]
	at org.postgresql.core.PGStream.createSocket(PGStream.java:261) ~[postgresql-42.7.8.jar:42.7.8]
	at org.postgresql.core.PGStream.<init>(PGStream.java:122) ~[postgresql-42.7.8.jar:42.7.8]
	at org.postgresql.core.v3.ConnectionFactoryImpl.tryConnect(ConnectionFactoryImpl.java:146) ~[postgresql-42.7.8.jar:42.7.8]
	at org.postgresql.core.v3.ConnectionFactoryImpl.openConnectionImpl(ConnectionFactoryImpl.java:289) ~[postgresql-42.7.8.jar:42.7.8]
	... 14 common frames omitted

2025-12-06T01:01:54.700+02:00  WARN 18296 --- [HikariPool-POSTGRE:connection-adder] com.zaxxer.hikari.pool.PoolBase          : HikariPool-POSTGRE - Pool is empty, failed to create/setup connection (7e0705d3-137d-4782-b2f3-e52e97edc111)

org.postgresql.util.PSQLException: The connection attempt failed.
	at org.postgresql.core.v3.ConnectionFactoryImpl.openConnectionImpl(ConnectionFactoryImpl.java:385) ~[postgresql-42.7.8.jar:42.7.8]
	at org.postgresql.core.ConnectionFactory.openConnection(ConnectionFactory.java:57) ~[postgresql-42.7.8.jar:42.7.8]
	at org.postgresql.jdbc.PgConnection.<init>(PgConnection.java:279) ~[postgresql-42.7.8.jar:42.7.8]
	at org.postgresql.Driver.makeConnection(Driver.java:448) ~[postgresql-42.7.8.jar:42.7.8]
	at org.postgresql.Driver.connect(Driver.java:298) ~[postgresql-42.7.8.jar:42.7.8]
	at com.zaxxer.hikari.util.DriverDataSource.getConnection(DriverDataSource.java:144) ~[HikariCP-7.0.2.jar:na]
	at com.zaxxer.hikari.pool.PoolBase.newConnection(PoolBase.java:373) ~[HikariCP-7.0.2.jar:na]
	at com.zaxxer.hikari.pool.PoolBase.newPoolEntry(PoolBase.java:210) ~[HikariCP-7.0.2.jar:na]
	at com.zaxxer.hikari.pool.HikariPool.createPoolEntry(HikariPool.java:488) ~[HikariCP-7.0.2.jar:na]
	at com.zaxxer.hikari.pool.HikariPool$PoolEntryCreator.call(HikariPool.java:752) ~[HikariCP-7.0.2.jar:na]
	at com.zaxxer.hikari.pool.HikariPool$PoolEntryCreator.call(HikariPool.java:731) ~[HikariCP-7.0.2.jar:na]
	at java.base/java.util.concurrent.FutureTask.run(FutureTask.java:317) ~[na:na]
	at java.base/java.util.concurrent.ThreadPoolExecutor.runWorker(ThreadPoolExecutor.java:1144) ~[na:na]
	at java.base/java.util.concurrent.ThreadPoolExecutor$Worker.run(ThreadPoolExecutor.java:642) ~[na:na]
	at java.base/java.lang.Thread.run(Thread.java:1583) ~[na:na]
Caused by: java.net.UnknownHostException: dpg-d4i2omjuibrs73du8tbg-a.oregon-postgres.render.com
	at java.base/sun.nio.ch.NioSocketImpl.connect(NioSocketImpl.java:567) ~[na:na]
	at java.base/java.net.SocksSocketImpl.connect(SocksSocketImpl.java:327) ~[na:na]
	at java.base/java.net.Socket.connect(Socket.java:751) ~[na:na]
	at org.postgresql.core.PGStream.createSocket(PGStream.java:261) ~[postgresql-42.7.8.jar:42.7.8]
	at org.postgresql.core.PGStream.<init>(PGStream.java:122) ~[postgresql-42.7.8.jar:42.7.8]
	at org.postgresql.core.v3.ConnectionFactoryImpl.tryConnect(ConnectionFactoryImpl.java:146) ~[postgresql-42.7.8.jar:42.7.8]
	at org.postgresql.core.v3.ConnectionFactoryImpl.openConnectionImpl(ConnectionFactoryImpl.java:289) ~[postgresql-42.7.8.jar:42.7.8]
	... 14 common frames omitted

2025-12-06T01:02:59.845+02:00  WARN 18296 --- [HikariPool-POSTGRE:connection-adder] com.zaxxer.hikari.pool.PoolBase          : HikariPool-POSTGRE - Pool is empty, failed to create/setup connection (f09d48b7-9b54-4933-b452-bbd59d9a75f7)

org.postgresql.util.PSQLException: The connection attempt failed.
	at org.postgresql.core.v3.ConnectionFactoryImpl.openConnectionImpl(ConnectionFactoryImpl.java:385) ~[postgresql-42.7.8.jar:42.7.8]
	at org.postgresql.core.ConnectionFactory.openConnection(ConnectionFactory.java:57) ~[postgresql-42.7.8.jar:42.7.8]
	at org.postgresql.jdbc.PgConnection.<init>(PgConnection.java:279) ~[postgresql-42.7.8.jar:42.7.8]
	at org.postgresql.Driver.makeConnection(Driver.java:448) ~[postgresql-42.7.8.jar:42.7.8]
	at org.postgresql.Driver.connect(Driver.java:298) ~[postgresql-42.7.8.jar:42.7.8]
	at com.zaxxer.hikari.util.DriverDataSource.getConnection(DriverDataSource.java:144) ~[HikariCP-7.0.2.jar:na]
	at com.zaxxer.hikari.pool.PoolBase.newConnection(PoolBase.java:373) ~[HikariCP-7.0.2.jar:na]
	at com.zaxxer.hikari.pool.PoolBase.newPoolEntry(PoolBase.java:210) ~[HikariCP-7.0.2.jar:na]
	at com.zaxxer.hikari.pool.HikariPool.createPoolEntry(HikariPool.java:488) ~[HikariCP-7.0.2.jar:na]
	at com.zaxxer.hikari.pool.HikariPool$PoolEntryCreator.call(HikariPool.java:752) ~[HikariCP-7.0.2.jar:na]
	at com.zaxxer.hikari.pool.HikariPool$PoolEntryCreator.call(HikariPool.java:731) ~[HikariCP-7.0.2.jar:na]
	at java.base/java.util.concurrent.FutureTask.run(FutureTask.java:317) ~[na:na]
	at java.base/java.util.concurrent.ThreadPoolExecutor.runWorker(ThreadPoolExecutor.java:1144) ~[na:na]
	at java.base/java.util.concurrent.ThreadPoolExecutor$Worker.run(ThreadPoolExecutor.java:642) ~[na:na]
	at java.base/java.lang.Thread.run(Thread.java:1583) ~[na:na]
Caused by: java.net.UnknownHostException: dpg-d4i2omjuibrs73du8tbg-a.oregon-postgres.render.com
	at java.base/sun.nio.ch.NioSocketImpl.connect(NioSocketImpl.java:567) ~[na:na]
	at java.base/java.net.SocksSocketImpl.connect(SocksSocketImpl.java:327) ~[na:na]
	at java.base/java.net.Socket.connect(Socket.java:751) ~[na:na]
	at org.postgresql.core.PGStream.createSocket(PGStream.java:261) ~[postgresql-42.7.8.jar:42.7.8]
	at org.postgresql.core.PGStream.<init>(PGStream.java:122) ~[postgresql-42.7.8.jar:42.7.8]
	at org.postgresql.core.v3.ConnectionFactoryImpl.tryConnect(ConnectionFactoryImpl.java:146) ~[postgresql-42.7.8.jar:42.7.8]
	at org.postgresql.core.v3.ConnectionFactoryImpl.openConnectionImpl(ConnectionFactoryImpl.java:289) ~[postgresql-42.7.8.jar:42.7.8]
	... 14 common frames omitted

2025-12-06T01:04:04.971+02:00  WARN 18296 --- [HikariPool-POSTGRE:connection-adder] com.zaxxer.hikari.pool.PoolBase          : HikariPool-POSTGRE - Pool is empty, failed to create/setup connection (b74532d7-edc0-40e9-aec3-e605f3124459)

org.postgresql.util.PSQLException: The connection attempt failed.
	at org.postgresql.core.v3.ConnectionFactoryImpl.openConnectionImpl(ConnectionFactoryImpl.java:385) ~[postgresql-42.7.8.jar:42.7.8]
	at org.postgresql.core.ConnectionFactory.openConnection(ConnectionFactory.java:57) ~[postgresql-42.7.8.jar:42.7.8]
	at org.postgresql.jdbc.PgConnection.<init>(PgConnection.java:279) ~[postgresql-42.7.8.jar:42.7.8]
	at org.postgresql.Driver.makeConnection(Driver.java:448) ~[postgresql-42.7.8.jar:42.7.8]
	at org.postgresql.Driver.connect(Driver.java:298) ~[postgresql-42.7.8.jar:42.7.8]
	at com.zaxxer.hikari.util.DriverDataSource.getConnection(DriverDataSource.java:144) ~[HikariCP-7.0.2.jar:na]
	at com.zaxxer.hikari.pool.PoolBase.newConnection(PoolBase.java:373) ~[HikariCP-7.0.2.jar:na]
	at com.zaxxer.hikari.pool.PoolBase.newPoolEntry(PoolBase.java:210) ~[HikariCP-7.0.2.jar:na]
	at com.zaxxer.hikari.pool.HikariPool.createPoolEntry(HikariPool.java:488) ~[HikariCP-7.0.2.jar:na]
	at com.zaxxer.hikari.pool.HikariPool$PoolEntryCreator.call(HikariPool.java:752) ~[HikariCP-7.0.2.jar:na]
	at com.zaxxer.hikari.pool.HikariPool$PoolEntryCreator.call(HikariPool.java:731) ~[HikariCP-7.0.2.jar:na]
	at java.base/java.util.concurrent.FutureTask.run(FutureTask.java:317) ~[na:na]
	at java.base/java.util.concurrent.ThreadPoolExecutor.runWorker(ThreadPoolExecutor.java:1144) ~[na:na]
	at java.base/java.util.concurrent.ThreadPoolExecutor$Worker.run(ThreadPoolExecutor.java:642) ~[na:na]
	at java.base/java.lang.Thread.run(Thread.java:1583) ~[na:na]
Caused by: java.net.UnknownHostException: dpg-d4i2omjuibrs73du8tbg-a.oregon-postgres.render.com
	at java.base/sun.nio.ch.NioSocketImpl.connect(NioSocketImpl.java:567) ~[na:na]
	at java.base/java.net.SocksSocketImpl.connect(SocksSocketImpl.java:327) ~[na:na]
	at java.base/java.net.Socket.connect(Socket.java:751) ~[na:na]
	at org.postgresql.core.PGStream.createSocket(PGStream.java:261) ~[postgresql-42.7.8.jar:42.7.8]
	at org.postgresql.core.PGStream.<init>(PGStream.java:122) ~[postgresql-42.7.8.jar:42.7.8]
	at org.postgresql.core.v3.ConnectionFactoryImpl.tryConnect(ConnectionFactoryImpl.java:146) ~[postgresql-42.7.8.jar:42.7.8]
	at org.postgresql.core.v3.ConnectionFactoryImpl.openConnectionImpl(ConnectionFactoryImpl.java:289) ~[postgresql-42.7.8.jar:42.7.8]
	... 14 common frames omitted

2025-12-06T01:05:10.125+02:00  WARN 18296 --- [HikariPool-POSTGRE:connection-adder] com.zaxxer.hikari.pool.PoolBase          : HikariPool-POSTGRE - Pool is empty, failed to create/setup connection (a7c72da0-6e1d-4a7f-9f98-b193d8a67a7e)

org.postgresql.util.PSQLException: The connection attempt failed.
	at org.postgresql.core.v3.ConnectionFactoryImpl.openConnectionImpl(ConnectionFactoryImpl.java:385) ~[postgresql-42.7.8.jar:42.7.8]
	at org.postgresql.core.ConnectionFactory.openConnection(ConnectionFactory.java:57) ~[postgresql-42.7.8.jar:42.7.8]
	at org.postgresql.jdbc.PgConnection.<init>(PgConnection.java:279) ~[postgresql-42.7.8.jar:42.7.8]
	at org.postgresql.Driver.makeConnection(Driver.java:448) ~[postgresql-42.7.8.jar:42.7.8]
	at org.postgresql.Driver.connect(Driver.java:298) ~[postgresql-42.7.8.jar:42.7.8]
	at com.zaxxer.hikari.util.DriverDataSource.getConnection(DriverDataSource.java:144) ~[HikariCP-7.0.2.jar:na]
	at com.zaxxer.hikari.pool.PoolBase.newConnection(PoolBase.java:373) ~[HikariCP-7.0.2.jar:na]
	at com.zaxxer.hikari.pool.PoolBase.newPoolEntry(PoolBase.java:210) ~[HikariCP-7.0.2.jar:na]
	at com.zaxxer.hikari.pool.HikariPool.createPoolEntry(HikariPool.java:488) ~[HikariCP-7.0.2.jar:na]
	at com.zaxxer.hikari.pool.HikariPool$PoolEntryCreator.call(HikariPool.java:752) ~[HikariCP-7.0.2.jar:na]
	at com.zaxxer.hikari.pool.HikariPool$PoolEntryCreator.call(HikariPool.java:731) ~[HikariCP-7.0.2.jar:na]
	at java.base/java.util.concurrent.FutureTask.run(FutureTask.java:317) ~[na:na]
	at java.base/java.util.concurrent.ThreadPoolExecutor.runWorker(ThreadPoolExecutor.java:1144) ~[na:na]
	at java.base/java.util.concurrent.ThreadPoolExecutor$Worker.run(ThreadPoolExecutor.java:642) ~[na:na]
	at java.base/java.lang.Thread.run(Thread.java:1583) ~[na:na]
Caused by: java.net.UnknownHostException: dpg-d4i2omjuibrs73du8tbg-a.oregon-postgres.render.com
	at java.base/sun.nio.ch.NioSocketImpl.connect(NioSocketImpl.java:567) ~[na:na]
	at java.base/java.net.SocksSocketImpl.connect(SocksSocketImpl.java:327) ~[na:na]
	at java.base/java.net.Socket.connect(Socket.java:751) ~[na:na]
	at org.postgresql.core.PGStream.createSocket(PGStream.java:261) ~[postgresql-42.7.8.jar:42.7.8]
	at org.postgresql.core.PGStream.<init>(PGStream.java:122) ~[postgresql-42.7.8.jar:42.7.8]
	at org.postgresql.core.v3.ConnectionFactoryImpl.tryConnect(ConnectionFactoryImpl.java:146) ~[postgresql-42.7.8.jar:42.7.8]
	at org.postgresql.core.v3.ConnectionFactoryImpl.openConnectionImpl(ConnectionFactoryImpl.java:289) ~[postgresql-42.7.8.jar:42.7.8]
	... 14 common frames omitted

2025-12-06T01:06:15.307+02:00  WARN 18296 --- [HikariPool-POSTGRE:connection-adder] com.zaxxer.hikari.pool.PoolBase          : HikariPool-POSTGRE - Pool is empty, failed to create/setup connection (e2378044-b7db-41e0-9465-d0246fb89323)

org.postgresql.util.PSQLException: The connection attempt failed.
	at org.postgresql.core.v3.ConnectionFactoryImpl.openConnectionImpl(ConnectionFactoryImpl.java:385) ~[postgresql-42.7.8.jar:42.7.8]
	at org.postgresql.core.ConnectionFactory.openConnection(ConnectionFactory.java:57) ~[postgresql-42.7.8.jar:42.7.8]
	at org.postgresql.jdbc.PgConnection.<init>(PgConnection.java:279) ~[postgresql-42.7.8.jar:42.7.8]
	at org.postgresql.Driver.makeConnection(Driver.java:448) ~[postgresql-42.7.8.jar:42.7.8]
	at org.postgresql.Driver.connect(Driver.java:298) ~[postgresql-42.7.8.jar:42.7.8]
	at com.zaxxer.hikari.util.DriverDataSource.getConnection(DriverDataSource.java:144) ~[HikariCP-7.0.2.jar:na]
	at com.zaxxer.hikari.pool.PoolBase.newConnection(PoolBase.java:373) ~[HikariCP-7.0.2.jar:na]
	at com.zaxxer.hikari.pool.PoolBase.newPoolEntry(PoolBase.java:210) ~[HikariCP-7.0.2.jar:na]
	at com.zaxxer.hikari.pool.HikariPool.createPoolEntry(HikariPool.java:488) ~[HikariCP-7.0.2.jar:na]
	at com.zaxxer.hikari.pool.HikariPool$PoolEntryCreator.call(HikariPool.java:752) ~[HikariCP-7.0.2.jar:na]
	at com.zaxxer.hikari.pool.HikariPool$PoolEntryCreator.call(HikariPool.java:731) ~[HikariCP-7.0.2.jar:na]
	at java.base/java.util.concurrent.FutureTask.run(FutureTask.java:317) ~[na:na]
	at java.base/java.util.concurrent.ThreadPoolExecutor.runWorker(ThreadPoolExecutor.java:1144) ~[na:na]
	at java.base/java.util.concurrent.ThreadPoolExecutor$Worker.run(ThreadPoolExecutor.java:642) ~[na:na]
	at java.base/java.lang.Thread.run(Thread.java:1583) ~[na:na]
Caused by: java.net.UnknownHostException: dpg-d4i2omjuibrs73du8tbg-a.oregon-postgres.render.com
	at java.base/sun.nio.ch.NioSocketImpl.connect(NioSocketImpl.java:567) ~[na:na]
	at java.base/java.net.SocksSocketImpl.connect(SocksSocketImpl.java:327) ~[na:na]
	at java.base/java.net.Socket.connect(Socket.java:751) ~[na:na]
	at org.postgresql.core.PGStream.createSocket(PGStream.java:261) ~[postgresql-42.7.8.jar:42.7.8]
	at org.postgresql.core.PGStream.<init>(PGStream.java:122) ~[postgresql-42.7.8.jar:42.7.8]
	at org.postgresql.core.v3.ConnectionFactoryImpl.tryConnect(ConnectionFactoryImpl.java:146) ~[postgresql-42.7.8.jar:42.7.8]
	at org.postgresql.core.v3.ConnectionFactoryImpl.openConnectionImpl(ConnectionFactoryImpl.java:289) ~[postgresql-42.7.8.jar:42.7.8]
	... 14 common frames omitted

2025-12-06T01:07:20.456+02:00  WARN 18296 --- [HikariPool-POSTGRE:connection-adder] com.zaxxer.hikari.pool.PoolBase          : HikariPool-POSTGRE - Pool is empty, failed to create/setup connection (66ea2a74-38a7-4540-9465-2af9a65eaad6)

org.postgresql.util.PSQLException: The connection attempt failed.
	at org.postgresql.core.v3.ConnectionFactoryImpl.openConnectionImpl(ConnectionFactoryImpl.java:385) ~[postgresql-42.7.8.jar:42.7.8]
	at org.postgresql.core.ConnectionFactory.openConnection(ConnectionFactory.java:57) ~[postgresql-42.7.8.jar:42.7.8]
	at org.postgresql.jdbc.PgConnection.<init>(PgConnection.java:279) ~[postgresql-42.7.8.jar:42.7.8]
	at org.postgresql.Driver.makeConnection(Driver.java:448) ~[postgresql-42.7.8.jar:42.7.8]
	at org.postgresql.Driver.connect(Driver.java:298) ~[postgresql-42.7.8.jar:42.7.8]
	at com.zaxxer.hikari.util.DriverDataSource.getConnection(DriverDataSource.java:144) ~[HikariCP-7.0.2.jar:na]
	at com.zaxxer.hikari.pool.PoolBase.newConnection(PoolBase.java:373) ~[HikariCP-7.0.2.jar:na]
	at com.zaxxer.hikari.pool.PoolBase.newPoolEntry(PoolBase.java:210) ~[HikariCP-7.0.2.jar:na]
	at com.zaxxer.hikari.pool.HikariPool.createPoolEntry(HikariPool.java:488) ~[HikariCP-7.0.2.jar:na]
	at com.zaxxer.hikari.pool.HikariPool$PoolEntryCreator.call(HikariPool.java:752) ~[HikariCP-7.0.2.jar:na]
	at com.zaxxer.hikari.pool.HikariPool$PoolEntryCreator.call(HikariPool.java:731) ~[HikariCP-7.0.2.jar:na]
	at java.base/java.util.concurrent.FutureTask.run(FutureTask.java:317) ~[na:na]
	at java.base/java.util.concurrent.ThreadPoolExecutor.runWorker(ThreadPoolExecutor.java:1144) ~[na:na]
	at java.base/java.util.concurrent.ThreadPoolExecutor$Worker.run(ThreadPoolExecutor.java:642) ~[na:na]
	at java.base/java.lang.Thread.run(Thread.java:1583) ~[na:na]
Caused by: java.net.UnknownHostException: dpg-d4i2omjuibrs73du8tbg-a.oregon-postgres.render.com
	at java.base/sun.nio.ch.NioSocketImpl.connect(NioSocketImpl.java:567) ~[na:na]
	at java.base/java.net.SocksSocketImpl.connect(SocksSocketImpl.java:327) ~[na:na]
	at java.base/java.net.Socket.connect(Socket.java:751) ~[na:na]
	at org.postgresql.core.PGStream.createSocket(PGStream.java:261) ~[postgresql-42.7.8.jar:42.7.8]
	at org.postgresql.core.PGStream.<init>(PGStream.java:122) ~[postgresql-42.7.8.jar:42.7.8]
	at org.postgresql.core.v3.ConnectionFactoryImpl.tryConnect(ConnectionFactoryImpl.java:146) ~[postgresql-42.7.8.jar:42.7.8]
	at org.postgresql.core.v3.ConnectionFactoryImpl.openConnectionImpl(ConnectionFactoryImpl.java:289) ~[postgresql-42.7.8.jar:42.7.8]
	... 14 common frames omitted

2025-12-06T01:08:25.583+02:00  WARN 18296 --- [HikariPool-POSTGRE:connection-adder] com.zaxxer.hikari.pool.PoolBase          : HikariPool-POSTGRE - Pool is empty, failed to create/setup connection (b64d93aa-a84f-4699-b583-7318e9543ac2)

org.postgresql.util.PSQLException: The connection attempt failed.
	at org.postgresql.core.v3.ConnectionFactoryImpl.openConnectionImpl(ConnectionFactoryImpl.java:385) ~[postgresql-42.7.8.jar:42.7.8]
	at org.postgresql.core.ConnectionFactory.openConnection(ConnectionFactory.java:57) ~[postgresql-42.7.8.jar:42.7.8]
	at org.postgresql.jdbc.PgConnection.<init>(PgConnection.java:279) ~[postgresql-42.7.8.jar:42.7.8]
	at org.postgresql.Driver.makeConnection(Driver.java:448) ~[postgresql-42.7.8.jar:42.7.8]
	at org.postgresql.Driver.connect(Driver.java:298) ~[postgresql-42.7.8.jar:42.7.8]
	at com.zaxxer.hikari.util.DriverDataSource.getConnection(DriverDataSource.java:144) ~[HikariCP-7.0.2.jar:na]
	at com.zaxxer.hikari.pool.PoolBase.newConnection(PoolBase.java:373) ~[HikariCP-7.0.2.jar:na]
	at com.zaxxer.hikari.pool.PoolBase.newPoolEntry(PoolBase.java:210) ~[HikariCP-7.0.2.jar:na]
	at com.zaxxer.hikari.pool.HikariPool.createPoolEntry(HikariPool.java:488) ~[HikariCP-7.0.2.jar:na]
	at com.zaxxer.hikari.pool.HikariPool$PoolEntryCreator.call(HikariPool.java:752) ~[HikariCP-7.0.2.jar:na]
	at com.zaxxer.hikari.pool.HikariPool$PoolEntryCreator.call(HikariPool.java:731) ~[HikariCP-7.0.2.jar:na]
	at java.base/java.util.concurrent.FutureTask.run(FutureTask.java:317) ~[na:na]
	at java.base/java.util.concurrent.ThreadPoolExecutor.runWorker(ThreadPoolExecutor.java:1144) ~[na:na]
	at java.base/java.util.concurrent.ThreadPoolExecutor$Worker.run(ThreadPoolExecutor.java:642) ~[na:na]
	at java.base/java.lang.Thread.run(Thread.java:1583) ~[na:na]
Caused by: java.net.UnknownHostException: dpg-d4i2omjuibrs73du8tbg-a.oregon-postgres.render.com
	at java.base/sun.nio.ch.NioSocketImpl.connect(NioSocketImpl.java:567) ~[na:na]
	at java.base/java.net.SocksSocketImpl.connect(SocksSocketImpl.java:327) ~[na:na]
	at java.base/java.net.Socket.connect(Socket.java:751) ~[na:na]
	at org.postgresql.core.PGStream.createSocket(PGStream.java:261) ~[postgresql-42.7.8.jar:42.7.8]
	at org.postgresql.core.PGStream.<init>(PGStream.java:122) ~[postgresql-42.7.8.jar:42.7.8]
	at org.postgresql.core.v3.ConnectionFactoryImpl.tryConnect(ConnectionFactoryImpl.java:146) ~[postgresql-42.7.8.jar:42.7.8]
	at org.postgresql.core.v3.ConnectionFactoryImpl.openConnectionImpl(ConnectionFactoryImpl.java:289) ~[postgresql-42.7.8.jar:42.7.8]
	... 14 common frames omitted

2025-12-06T01:09:30.715+02:00  WARN 18296 --- [HikariPool-POSTGRE:connection-adder] com.zaxxer.hikari.pool.PoolBase          : HikariPool-POSTGRE - Pool is empty, failed to create/setup connection (46a6da98-102d-4acb-bf83-6a3d8be14988)

org.postgresql.util.PSQLException: The connection attempt failed.
	at org.postgresql.core.v3.ConnectionFactoryImpl.openConnectionImpl(ConnectionFactoryImpl.java:385) ~[postgresql-42.7.8.jar:42.7.8]
	at org.postgresql.core.ConnectionFactory.openConnection(ConnectionFactory.java:57) ~[postgresql-42.7.8.jar:42.7.8]
	at org.postgresql.jdbc.PgConnection.<init>(PgConnection.java:279) ~[postgresql-42.7.8.jar:42.7.8]
	at org.postgresql.Driver.makeConnection(Driver.java:448) ~[postgresql-42.7.8.jar:42.7.8]
	at org.postgresql.Driver.connect(Driver.java:298) ~[postgresql-42.7.8.jar:42.7.8]
	at com.zaxxer.hikari.util.DriverDataSource.getConnection(DriverDataSource.java:144) ~[HikariCP-7.0.2.jar:na]
	at com.zaxxer.hikari.pool.PoolBase.newConnection(PoolBase.java:373) ~[HikariCP-7.0.2.jar:na]
	at com.zaxxer.hikari.pool.PoolBase.newPoolEntry(PoolBase.java:210) ~[HikariCP-7.0.2.jar:na]
	at com.zaxxer.hikari.pool.HikariPool.createPoolEntry(HikariPool.java:488) ~[HikariCP-7.0.2.jar:na]
	at com.zaxxer.hikari.pool.HikariPool$PoolEntryCreator.call(HikariPool.java:752) ~[HikariCP-7.0.2.jar:na]
	at com.zaxxer.hikari.pool.HikariPool$PoolEntryCreator.call(HikariPool.java:731) ~[HikariCP-7.0.2.jar:na]
	at java.base/java.util.concurrent.FutureTask.run(FutureTask.java:317) ~[na:na]
	at java.base/java.util.concurrent.ThreadPoolExecutor.runWorker(ThreadPoolExecutor.java:1144) ~[na:na]
	at java.base/java.util.concurrent.ThreadPoolExecutor$Worker.run(ThreadPoolExecutor.java:642) ~[na:na]
	at java.base/java.lang.Thread.run(Thread.java:1583) ~[na:na]
Caused by: java.net.UnknownHostException: dpg-d4i2omjuibrs73du8tbg-a.oregon-postgres.render.com
	at java.base/sun.nio.ch.NioSocketImpl.connect(NioSocketImpl.java:567) ~[na:na]
	at java.base/java.net.SocksSocketImpl.connect(SocksSocketImpl.java:327) ~[na:na]
	at java.base/java.net.Socket.connect(Socket.java:751) ~[na:na]
	at org.postgresql.core.PGStream.createSocket(PGStream.java:261) ~[postgresql-42.7.8.jar:42.7.8]
	at org.postgresql.core.PGStream.<init>(PGStream.java:122) ~[postgresql-42.7.8.jar:42.7.8]
	at org.postgresql.core.v3.ConnectionFactoryImpl.tryConnect(ConnectionFactoryImpl.java:146) ~[postgresql-42.7.8.jar:42.7.8]
	at org.postgresql.core.v3.ConnectionFactoryImpl.openConnectionImpl(ConnectionFactoryImpl.java:289) ~[postgresql-42.7.8.jar:42.7.8]
	... 14 common frames omitted

2025-12-06T01:10:35.868+02:00  WARN 18296 --- [HikariPool-POSTGRE:connection-adder] com.zaxxer.hikari.pool.PoolBase          : HikariPool-POSTGRE - Pool is empty, failed to create/setup connection (47a4ff2d-f98f-40ea-b3d9-261759e272ba)

org.postgresql.util.PSQLException: The connection attempt failed.
	at org.postgresql.core.v3.ConnectionFactoryImpl.openConnectionImpl(ConnectionFactoryImpl.java:385) ~[postgresql-42.7.8.jar:42.7.8]
	at org.postgresql.core.ConnectionFactory.openConnection(ConnectionFactory.java:57) ~[postgresql-42.7.8.jar:42.7.8]
	at org.postgresql.jdbc.PgConnection.<init>(PgConnection.java:279) ~[postgresql-42.7.8.jar:42.7.8]
	at org.postgresql.Driver.makeConnection(Driver.java:448) ~[postgresql-42.7.8.jar:42.7.8]
	at org.postgresql.Driver.connect(Driver.java:298) ~[postgresql-42.7.8.jar:42.7.8]
	at com.zaxxer.hikari.util.DriverDataSource.getConnection(DriverDataSource.java:144) ~[HikariCP-7.0.2.jar:na]
	at com.zaxxer.hikari.pool.PoolBase.newConnection(PoolBase.java:373) ~[HikariCP-7.0.2.jar:na]
	at com.zaxxer.hikari.pool.PoolBase.newPoolEntry(PoolBase.java:210) ~[HikariCP-7.0.2.jar:na]
	at com.zaxxer.hikari.pool.HikariPool.createPoolEntry(HikariPool.java:488) ~[HikariCP-7.0.2.jar:na]
	at com.zaxxer.hikari.pool.HikariPool$PoolEntryCreator.call(HikariPool.java:752) ~[HikariCP-7.0.2.jar:na]
	at com.zaxxer.hikari.pool.HikariPool$PoolEntryCreator.call(HikariPool.java:731) ~[HikariCP-7.0.2.jar:na]
	at java.base/java.util.concurrent.FutureTask.run(FutureTask.java:317) ~[na:na]
	at java.base/java.util.concurrent.ThreadPoolExecutor.runWorker(ThreadPoolExecutor.java:1144) ~[na:na]
	at java.base/java.util.concurrent.ThreadPoolExecutor$Worker.run(ThreadPoolExecutor.java:642) ~[na:na]
	at java.base/java.lang.Thread.run(Thread.java:1583) ~[na:na]
Caused by: java.net.UnknownHostException: dpg-d4i2omjuibrs73du8tbg-a.oregon-postgres.render.com
	at java.base/sun.nio.ch.NioSocketImpl.connect(NioSocketImpl.java:567) ~[na:na]
	at java.base/java.net.SocksSocketImpl.connect(SocksSocketImpl.java:327) ~[na:na]
	at java.base/java.net.Socket.connect(Socket.java:751) ~[na:na]
	at org.postgresql.core.PGStream.createSocket(PGStream.java:261) ~[postgresql-42.7.8.jar:42.7.8]
	at org.postgresql.core.PGStream.<init>(PGStream.java:122) ~[postgresql-42.7.8.jar:42.7.8]
	at org.postgresql.core.v3.ConnectionFactoryImpl.tryConnect(ConnectionFactoryImpl.java:146) ~[postgresql-42.7.8.jar:42.7.8]
	at org.postgresql.core.v3.ConnectionFactoryImpl.openConnectionImpl(ConnectionFactoryImpl.java:289) ~[postgresql-42.7.8.jar:42.7.8]
	... 14 common frames omitted

2025-12-06T01:11:41.015+02:00  WARN 18296 --- [HikariPool-POSTGRE:connection-adder] com.zaxxer.hikari.pool.PoolBase          : HikariPool-POSTGRE - Pool is empty, failed to create/setup connection (63afd0f9-697d-43ed-8811-3c44da07aa5a)

org.postgresql.util.PSQLException: The connection attempt failed.
	at org.postgresql.core.v3.ConnectionFactoryImpl.openConnectionImpl(ConnectionFactoryImpl.java:385) ~[postgresql-42.7.8.jar:42.7.8]
	at org.postgresql.core.ConnectionFactory.openConnection(ConnectionFactory.java:57) ~[postgresql-42.7.8.jar:42.7.8]
	at org.postgresql.jdbc.PgConnection.<init>(PgConnection.java:279) ~[postgresql-42.7.8.jar:42.7.8]
	at org.postgresql.Driver.makeConnection(Driver.java:448) ~[postgresql-42.7.8.jar:42.7.8]
	at org.postgresql.Driver.connect(Driver.java:298) ~[postgresql-42.7.8.jar:42.7.8]
	at com.zaxxer.hikari.util.DriverDataSource.getConnection(DriverDataSource.java:144) ~[HikariCP-7.0.2.jar:na]
	at com.zaxxer.hikari.pool.PoolBase.newConnection(PoolBase.java:373) ~[HikariCP-7.0.2.jar:na]
	at com.zaxxer.hikari.pool.PoolBase.newPoolEntry(PoolBase.java:210) ~[HikariCP-7.0.2.jar:na]
	at com.zaxxer.hikari.pool.HikariPool.createPoolEntry(HikariPool.java:488) ~[HikariCP-7.0.2.jar:na]
	at com.zaxxer.hikari.pool.HikariPool$PoolEntryCreator.call(HikariPool.java:752) ~[HikariCP-7.0.2.jar:na]
	at com.zaxxer.hikari.pool.HikariPool$PoolEntryCreator.call(HikariPool.java:731) ~[HikariCP-7.0.2.jar:na]
	at java.base/java.util.concurrent.FutureTask.run(FutureTask.java:317) ~[na:na]
	at java.base/java.util.concurrent.ThreadPoolExecutor.runWorker(ThreadPoolExecutor.java:1144) ~[na:na]
	at java.base/java.util.concurrent.ThreadPoolExecutor$Worker.run(ThreadPoolExecutor.java:642) ~[na:na]
	at java.base/java.lang.Thread.run(Thread.java:1583) ~[na:na]
Caused by: java.net.UnknownHostException: dpg-d4i2omjuibrs73du8tbg-a.oregon-postgres.render.com
	at java.base/sun.nio.ch.NioSocketImpl.connect(NioSocketImpl.java:567) ~[na:na]
	at java.base/java.net.SocksSocketImpl.connect(SocksSocketImpl.java:327) ~[na:na]
	at java.base/java.net.Socket.connect(Socket.java:751) ~[na:na]
	at org.postgresql.core.PGStream.createSocket(PGStream.java:261) ~[postgresql-42.7.8.jar:42.7.8]
	at org.postgresql.core.PGStream.<init>(PGStream.java:122) ~[postgresql-42.7.8.jar:42.7.8]
	at org.postgresql.core.v3.ConnectionFactoryImpl.tryConnect(ConnectionFactoryImpl.java:146) ~[postgresql-42.7.8.jar:42.7.8]
	at org.postgresql.core.v3.ConnectionFactoryImpl.openConnectionImpl(ConnectionFactoryImpl.java:289) ~[postgresql-42.7.8.jar:42.7.8]
	... 14 common frames omitted

2025-12-06T01:12:46.148+02:00  WARN 18296 --- [HikariPool-POSTGRE:connection-adder] com.zaxxer.hikari.pool.PoolBase          : HikariPool-POSTGRE - Pool is empty, failed to create/setup connection (5021c6e5-67c8-4cd5-8529-16ed521afff2)

org.postgresql.util.PSQLException: The connection attempt failed.
	at org.postgresql.core.v3.ConnectionFactoryImpl.openConnectionImpl(ConnectionFactoryImpl.java:385) ~[postgresql-42.7.8.jar:42.7.8]
	at org.postgresql.core.ConnectionFactory.openConnection(ConnectionFactory.java:57) ~[postgresql-42.7.8.jar:42.7.8]
	at org.postgresql.jdbc.PgConnection.<init>(PgConnection.java:279) ~[postgresql-42.7.8.jar:42.7.8]
	at org.postgresql.Driver.makeConnection(Driver.java:448) ~[postgresql-42.7.8.jar:42.7.8]
	at org.postgresql.Driver.connect(Driver.java:298) ~[postgresql-42.7.8.jar:42.7.8]
	at com.zaxxer.hikari.util.DriverDataSource.getConnection(DriverDataSource.java:144) ~[HikariCP-7.0.2.jar:na]
	at com.zaxxer.hikari.pool.PoolBase.newConnection(PoolBase.java:373) ~[HikariCP-7.0.2.jar:na]
	at com.zaxxer.hikari.pool.PoolBase.newPoolEntry(PoolBase.java:210) ~[HikariCP-7.0.2.jar:na]
	at com.zaxxer.hikari.pool.HikariPool.createPoolEntry(HikariPool.java:488) ~[HikariCP-7.0.2.jar:na]
	at com.zaxxer.hikari.pool.HikariPool$PoolEntryCreator.call(HikariPool.java:752) ~[HikariCP-7.0.2.jar:na]
	at com.zaxxer.hikari.pool.HikariPool$PoolEntryCreator.call(HikariPool.java:731) ~[HikariCP-7.0.2.jar:na]
	at java.base/java.util.concurrent.FutureTask.run(FutureTask.java:317) ~[na:na]
	at java.base/java.util.concurrent.ThreadPoolExecutor.runWorker(ThreadPoolExecutor.java:1144) ~[na:na]
	at java.base/java.util.concurrent.ThreadPoolExecutor$Worker.run(ThreadPoolExecutor.java:642) ~[na:na]
	at java.base/java.lang.Thread.run(Thread.java:1583) ~[na:na]
Caused by: java.net.UnknownHostException: dpg-d4i2omjuibrs73du8tbg-a.oregon-postgres.render.com
	at java.base/sun.nio.ch.NioSocketImpl.connect(NioSocketImpl.java:567) ~[na:na]
	at java.base/java.net.SocksSocketImpl.connect(SocksSocketImpl.java:327) ~[na:na]
	at java.base/java.net.Socket.connect(Socket.java:751) ~[na:na]
	at org.postgresql.core.PGStream.createSocket(PGStream.java:261) ~[postgresql-42.7.8.jar:42.7.8]
	at org.postgresql.core.PGStream.<init>(PGStream.java:122) ~[postgresql-42.7.8.jar:42.7.8]
	at org.postgresql.core.v3.ConnectionFactoryImpl.tryConnect(ConnectionFactoryImpl.java:146) ~[postgresql-42.7.8.jar:42.7.8]
	at org.postgresql.core.v3.ConnectionFactoryImpl.openConnectionImpl(ConnectionFactoryImpl.java:289) ~[postgresql-42.7.8.jar:42.7.8]
	... 14 common frames omitted

2025-12-06T01:13:51.267+02:00  WARN 18296 --- [HikariPool-POSTGRE:connection-adder] com.zaxxer.hikari.pool.PoolBase          : HikariPool-POSTGRE - Pool is empty, failed to create/setup connection (defc82ab-d36b-49cd-9847-06f04a01ef78)

org.postgresql.util.PSQLException: The connection attempt failed.
	at org.postgresql.core.v3.ConnectionFactoryImpl.openConnectionImpl(ConnectionFactoryImpl.java:385) ~[postgresql-42.7.8.jar:42.7.8]
	at org.postgresql.core.ConnectionFactory.openConnection(ConnectionFactory.java:57) ~[postgresql-42.7.8.jar:42.7.8]
	at org.postgresql.jdbc.PgConnection.<init>(PgConnection.java:279) ~[postgresql-42.7.8.jar:42.7.8]
	at org.postgresql.Driver.makeConnection(Driver.java:448) ~[postgresql-42.7.8.jar:42.7.8]
	at org.postgresql.Driver.connect(Driver.java:298) ~[postgresql-42.7.8.jar:42.7.8]
	at com.zaxxer.hikari.util.DriverDataSource.getConnection(DriverDataSource.java:144) ~[HikariCP-7.0.2.jar:na]
	at com.zaxxer.hikari.pool.PoolBase.newConnection(PoolBase.java:373) ~[HikariCP-7.0.2.jar:na]
	at com.zaxxer.hikari.pool.PoolBase.newPoolEntry(PoolBase.java:210) ~[HikariCP-7.0.2.jar:na]
	at com.zaxxer.hikari.pool.HikariPool.createPoolEntry(HikariPool.java:488) ~[HikariCP-7.0.2.jar:na]
	at com.zaxxer.hikari.pool.HikariPool$PoolEntryCreator.call(HikariPool.java:752) ~[HikariCP-7.0.2.jar:na]
	at com.zaxxer.hikari.pool.HikariPool$PoolEntryCreator.call(HikariPool.java:731) ~[HikariCP-7.0.2.jar:na]
	at java.base/java.util.concurrent.FutureTask.run(FutureTask.java:317) ~[na:na]
	at java.base/java.util.concurrent.ThreadPoolExecutor.runWorker(ThreadPoolExecutor.java:1144) ~[na:na]
	at java.base/java.util.concurrent.ThreadPoolExecutor$Worker.run(ThreadPoolExecutor.java:642) ~[na:na]
	at java.base/java.lang.Thread.run(Thread.java:1583) ~[na:na]
Caused by: java.net.UnknownHostException: dpg-d4i2omjuibrs73du8tbg-a.oregon-postgres.render.com
	at java.base/sun.nio.ch.NioSocketImpl.connect(NioSocketImpl.java:567) ~[na:na]
	at java.base/java.net.SocksSocketImpl.connect(SocksSocketImpl.java:327) ~[na:na]
	at java.base/java.net.Socket.connect(Socket.java:751) ~[na:na]
	at org.postgresql.core.PGStream.createSocket(PGStream.java:261) ~[postgresql-42.7.8.jar:42.7.8]
	at org.postgresql.core.PGStream.<init>(PGStream.java:122) ~[postgresql-42.7.8.jar:42.7.8]
	at org.postgresql.core.v3.ConnectionFactoryImpl.tryConnect(ConnectionFactoryImpl.java:146) ~[postgresql-42.7.8.jar:42.7.8]
	at org.postgresql.core.v3.ConnectionFactoryImpl.openConnectionImpl(ConnectionFactoryImpl.java:289) ~[postgresql-42.7.8.jar:42.7.8]
	... 14 common frames omitted

2025-12-06T01:14:56.396+02:00  WARN 18296 --- [HikariPool-POSTGRE:connection-adder] com.zaxxer.hikari.pool.PoolBase          : HikariPool-POSTGRE - Pool is empty, failed to create/setup connection (1fbbdf2f-5bea-41ed-bd29-bf6a51ecdd99)

org.postgresql.util.PSQLException: The connection attempt failed.
	at org.postgresql.core.v3.ConnectionFactoryImpl.openConnectionImpl(ConnectionFactoryImpl.java:385) ~[postgresql-42.7.8.jar:42.7.8]
	at org.postgresql.core.ConnectionFactory.openConnection(ConnectionFactory.java:57) ~[postgresql-42.7.8.jar:42.7.8]
	at org.postgresql.jdbc.PgConnection.<init>(PgConnection.java:279) ~[postgresql-42.7.8.jar:42.7.8]
	at org.postgresql.Driver.makeConnection(Driver.java:448) ~[postgresql-42.7.8.jar:42.7.8]
	at org.postgresql.Driver.connect(Driver.java:298) ~[postgresql-42.7.8.jar:42.7.8]
	at com.zaxxer.hikari.util.DriverDataSource.getConnection(DriverDataSource.java:144) ~[HikariCP-7.0.2.jar:na]
	at com.zaxxer.hikari.pool.PoolBase.newConnection(PoolBase.java:373) ~[HikariCP-7.0.2.jar:na]
	at com.zaxxer.hikari.pool.PoolBase.newPoolEntry(PoolBase.java:210) ~[HikariCP-7.0.2.jar:na]
	at com.zaxxer.hikari.pool.HikariPool.createPoolEntry(HikariPool.java:488) ~[HikariCP-7.0.2.jar:na]
	at com.zaxxer.hikari.pool.HikariPool$PoolEntryCreator.call(HikariPool.java:752) ~[HikariCP-7.0.2.jar:na]
	at com.zaxxer.hikari.pool.HikariPool$PoolEntryCreator.call(HikariPool.java:731) ~[HikariCP-7.0.2.jar:na]
	at java.base/java.util.concurrent.FutureTask.run(FutureTask.java:317) ~[na:na]
	at java.base/java.util.concurrent.ThreadPoolExecutor.runWorker(ThreadPoolExecutor.java:1144) ~[na:na]
	at java.base/java.util.concurrent.ThreadPoolExecutor$Worker.run(ThreadPoolExecutor.java:642) ~[na:na]
	at java.base/java.lang.Thread.run(Thread.java:1583) ~[na:na]
Caused by: java.net.UnknownHostException: dpg-d4i2omjuibrs73du8tbg-a.oregon-postgres.render.com
	at java.base/sun.nio.ch.NioSocketImpl.connect(NioSocketImpl.java:567) ~[na:na]
	at java.base/java.net.SocksSocketImpl.connect(SocksSocketImpl.java:327) ~[na:na]
	at java.base/java.net.Socket.connect(Socket.java:751) ~[na:na]
	at org.postgresql.core.PGStream.createSocket(PGStream.java:261) ~[postgresql-42.7.8.jar:42.7.8]
	at org.postgresql.core.PGStream.<init>(PGStream.java:122) ~[postgresql-42.7.8.jar:42.7.8]
	at org.postgresql.core.v3.ConnectionFactoryImpl.tryConnect(ConnectionFactoryImpl.java:146) ~[postgresql-42.7.8.jar:42.7.8]
	at org.postgresql.core.v3.ConnectionFactoryImpl.openConnectionImpl(ConnectionFactoryImpl.java:289) ~[postgresql-42.7.8.jar:42.7.8]
	... 14 common frames omitted

2025-12-06T01:16:01.540+02:00  WARN 18296 --- [HikariPool-POSTGRE:connection-adder] com.zaxxer.hikari.pool.PoolBase          : HikariPool-POSTGRE - Pool is empty, failed to create/setup connection (b8cee6c1-bbd1-45eb-b86d-d7b4e2f6439c)

org.postgresql.util.PSQLException: The connection attempt failed.
	at org.postgresql.core.v3.ConnectionFactoryImpl.openConnectionImpl(ConnectionFactoryImpl.java:385) ~[postgresql-42.7.8.jar:42.7.8]
	at org.postgresql.core.ConnectionFactory.openConnection(ConnectionFactory.java:57) ~[postgresql-42.7.8.jar:42.7.8]
	at org.postgresql.jdbc.PgConnection.<init>(PgConnection.java:279) ~[postgresql-42.7.8.jar:42.7.8]
	at org.postgresql.Driver.makeConnection(Driver.java:448) ~[postgresql-42.7.8.jar:42.7.8]
	at org.postgresql.Driver.connect(Driver.java:298) ~[postgresql-42.7.8.jar:42.7.8]
	at com.zaxxer.hikari.util.DriverDataSource.getConnection(DriverDataSource.java:144) ~[HikariCP-7.0.2.jar:na]
	at com.zaxxer.hikari.pool.PoolBase.newConnection(PoolBase.java:373) ~[HikariCP-7.0.2.jar:na]
	at com.zaxxer.hikari.pool.PoolBase.newPoolEntry(PoolBase.java:210) ~[HikariCP-7.0.2.jar:na]
	at com.zaxxer.hikari.pool.HikariPool.createPoolEntry(HikariPool.java:488) ~[HikariCP-7.0.2.jar:na]
	at com.zaxxer.hikari.pool.HikariPool$PoolEntryCreator.call(HikariPool.java:752) ~[HikariCP-7.0.2.jar:na]
	at com.zaxxer.hikari.pool.HikariPool$PoolEntryCreator.call(HikariPool.java:731) ~[HikariCP-7.0.2.jar:na]
	at java.base/java.util.concurrent.FutureTask.run(FutureTask.java:317) ~[na:na]
	at java.base/java.util.concurrent.ThreadPoolExecutor.runWorker(ThreadPoolExecutor.java:1144) ~[na:na]
	at java.base/java.util.concurrent.ThreadPoolExecutor$Worker.run(ThreadPoolExecutor.java:642) ~[na:na]
	at java.base/java.lang.Thread.run(Thread.java:1583) ~[na:na]
Caused by: java.net.UnknownHostException: dpg-d4i2omjuibrs73du8tbg-a.oregon-postgres.render.com
	at java.base/sun.nio.ch.NioSocketImpl.connect(NioSocketImpl.java:567) ~[na:na]
	at java.base/java.net.SocksSocketImpl.connect(SocksSocketImpl.java:327) ~[na:na]
	at java.base/java.net.Socket.connect(Socket.java:751) ~[na:na]
	at org.postgresql.core.PGStream.createSocket(PGStream.java:261) ~[postgresql-42.7.8.jar:42.7.8]
	at org.postgresql.core.PGStream.<init>(PGStream.java:122) ~[postgresql-42.7.8.jar:42.7.8]
	at org.postgresql.core.v3.ConnectionFactoryImpl.tryConnect(ConnectionFactoryImpl.java:146) ~[postgresql-42.7.8.jar:42.7.8]
	at org.postgresql.core.v3.ConnectionFactoryImpl.openConnectionImpl(ConnectionFactoryImpl.java:289) ~[postgresql-42.7.8.jar:42.7.8]
	... 14 common frames omitted

2025-12-06T01:17:06.687+02:00  WARN 18296 --- [HikariPool-POSTGRE:connection-adder] com.zaxxer.hikari.pool.PoolBase          : HikariPool-POSTGRE - Pool is empty, failed to create/setup connection (69f5b1c1-fa58-430e-aef5-d77842a5e23e)

org.postgresql.util.PSQLException: The connection attempt failed.
	at org.postgresql.core.v3.ConnectionFactoryImpl.openConnectionImpl(ConnectionFactoryImpl.java:385) ~[postgresql-42.7.8.jar:42.7.8]
	at org.postgresql.core.ConnectionFactory.openConnection(ConnectionFactory.java:57) ~[postgresql-42.7.8.jar:42.7.8]
	at org.postgresql.jdbc.PgConnection.<init>(PgConnection.java:279) ~[postgresql-42.7.8.jar:42.7.8]
	at org.postgresql.Driver.makeConnection(Driver.java:448) ~[postgresql-42.7.8.jar:42.7.8]
	at org.postgresql.Driver.connect(Driver.java:298) ~[postgresql-42.7.8.jar:42.7.8]
	at com.zaxxer.hikari.util.DriverDataSource.getConnection(DriverDataSource.java:144) ~[HikariCP-7.0.2.jar:na]
	at com.zaxxer.hikari.pool.PoolBase.newConnection(PoolBase.java:373) ~[HikariCP-7.0.2.jar:na]
	at com.zaxxer.hikari.pool.PoolBase.newPoolEntry(PoolBase.java:210) ~[HikariCP-7.0.2.jar:na]
	at com.zaxxer.hikari.pool.HikariPool.createPoolEntry(HikariPool.java:488) ~[HikariCP-7.0.2.jar:na]
	at com.zaxxer.hikari.pool.HikariPool$PoolEntryCreator.call(HikariPool.java:752) ~[HikariCP-7.0.2.jar:na]
	at com.zaxxer.hikari.pool.HikariPool$PoolEntryCreator.call(HikariPool.java:731) ~[HikariCP-7.0.2.jar:na]
	at java.base/java.util.concurrent.FutureTask.run(FutureTask.java:317) ~[na:na]
	at java.base/java.util.concurrent.ThreadPoolExecutor.runWorker(ThreadPoolExecutor.java:1144) ~[na:na]
	at java.base/java.util.concurrent.ThreadPoolExecutor$Worker.run(ThreadPoolExecutor.java:642) ~[na:na]
	at java.base/java.lang.Thread.run(Thread.java:1583) ~[na:na]
Caused by: java.net.UnknownHostException: dpg-d4i2omjuibrs73du8tbg-a.oregon-postgres.render.com
	at java.base/sun.nio.ch.NioSocketImpl.connect(NioSocketImpl.java:567) ~[na:na]
	at java.base/java.net.SocksSocketImpl.connect(SocksSocketImpl.java:327) ~[na:na]
	at java.base/java.net.Socket.connect(Socket.java:751) ~[na:na]
	at org.postgresql.core.PGStream.createSocket(PGStream.java:261) ~[postgresql-42.7.8.jar:42.7.8]
	at org.postgresql.core.PGStream.<init>(PGStream.java:122) ~[postgresql-42.7.8.jar:42.7.8]
	at org.postgresql.core.v3.ConnectionFactoryImpl.tryConnect(ConnectionFactoryImpl.java:146) ~[postgresql-42.7.8.jar:42.7.8]
	at org.postgresql.core.v3.ConnectionFactoryImpl.openConnectionImpl(ConnectionFactoryImpl.java:289) ~[postgresql-42.7.8.jar:42.7.8]
	... 14 common frames omitted

2025-12-06T01:18:11.825+02:00  WARN 18296 --- [HikariPool-POSTGRE:connection-adder] com.zaxxer.hikari.pool.PoolBase          : HikariPool-POSTGRE - Pool is empty, failed to create/setup connection (a484c77d-9f06-448e-b2ee-e03be1ae2b09)

org.postgresql.util.PSQLException: The connection attempt failed.
	at org.postgresql.core.v3.ConnectionFactoryImpl.openConnectionImpl(ConnectionFactoryImpl.java:385) ~[postgresql-42.7.8.jar:42.7.8]
	at org.postgresql.core.ConnectionFactory.openConnection(ConnectionFactory.java:57) ~[postgresql-42.7.8.jar:42.7.8]
	at org.postgresql.jdbc.PgConnection.<init>(PgConnection.java:279) ~[postgresql-42.7.8.jar:42.7.8]
	at org.postgresql.Driver.makeConnection(Driver.java:448) ~[postgresql-42.7.8.jar:42.7.8]
	at org.postgresql.Driver.connect(Driver.java:298) ~[postgresql-42.7.8.jar:42.7.8]
	at com.zaxxer.hikari.util.DriverDataSource.getConnection(DriverDataSource.java:144) ~[HikariCP-7.0.2.jar:na]
	at com.zaxxer.hikari.pool.PoolBase.newConnection(PoolBase.java:373) ~[HikariCP-7.0.2.jar:na]
	at com.zaxxer.hikari.pool.PoolBase.newPoolEntry(PoolBase.java:210) ~[HikariCP-7.0.2.jar:na]
	at com.zaxxer.hikari.pool.HikariPool.createPoolEntry(HikariPool.java:488) ~[HikariCP-7.0.2.jar:na]
	at com.zaxxer.hikari.pool.HikariPool$PoolEntryCreator.call(HikariPool.java:752) ~[HikariCP-7.0.2.jar:na]
	at com.zaxxer.hikari.pool.HikariPool$PoolEntryCreator.call(HikariPool.java:731) ~[HikariCP-7.0.2.jar:na]
	at java.base/java.util.concurrent.FutureTask.run(FutureTask.java:317) ~[na:na]
	at java.base/java.util.concurrent.ThreadPoolExecutor.runWorker(ThreadPoolExecutor.java:1144) ~[na:na]
	at java.base/java.util.concurrent.ThreadPoolExecutor$Worker.run(ThreadPoolExecutor.java:642) ~[na:na]
	at java.base/java.lang.Thread.run(Thread.java:1583) ~[na:na]
Caused by: java.net.UnknownHostException: dpg-d4i2omjuibrs73du8tbg-a.oregon-postgres.render.com
	at java.base/sun.nio.ch.NioSocketImpl.connect(NioSocketImpl.java:567) ~[na:na]
	at java.base/java.net.SocksSocketImpl.connect(SocksSocketImpl.java:327) ~[na:na]
	at java.base/java.net.Socket.connect(Socket.java:751) ~[na:na]
	at org.postgresql.core.PGStream.createSocket(PGStream.java:261) ~[postgresql-42.7.8.jar:42.7.8]
	at org.postgresql.core.PGStream.<init>(PGStream.java:122) ~[postgresql-42.7.8.jar:42.7.8]
	at org.postgresql.core.v3.ConnectionFactoryImpl.tryConnect(ConnectionFactoryImpl.java:146) ~[postgresql-42.7.8.jar:42.7.8]
	at org.postgresql.core.v3.ConnectionFactoryImpl.openConnectionImpl(ConnectionFactoryImpl.java:289) ~[postgresql-42.7.8.jar:42.7.8]
	... 14 common frames omitted

2025-12-06T01:19:16.967+02:00  WARN 18296 --- [HikariPool-POSTGRE:connection-adder] com.zaxxer.hikari.pool.PoolBase          : HikariPool-POSTGRE - Pool is empty, failed to create/setup connection (c06dcc54-a248-4042-92a4-83fce5b7cffa)

org.postgresql.util.PSQLException: The connection attempt failed.
	at org.postgresql.core.v3.ConnectionFactoryImpl.openConnectionImpl(ConnectionFactoryImpl.java:385) ~[postgresql-42.7.8.jar:42.7.8]
	at org.postgresql.core.ConnectionFactory.openConnection(ConnectionFactory.java:57) ~[postgresql-42.7.8.jar:42.7.8]
	at org.postgresql.jdbc.PgConnection.<init>(PgConnection.java:279) ~[postgresql-42.7.8.jar:42.7.8]
	at org.postgresql.Driver.makeConnection(Driver.java:448) ~[postgresql-42.7.8.jar:42.7.8]
	at org.postgresql.Driver.connect(Driver.java:298) ~[postgresql-42.7.8.jar:42.7.8]
	at com.zaxxer.hikari.util.DriverDataSource.getConnection(DriverDataSource.java:144) ~[HikariCP-7.0.2.jar:na]
	at com.zaxxer.hikari.pool.PoolBase.newConnection(PoolBase.java:373) ~[HikariCP-7.0.2.jar:na]
	at com.zaxxer.hikari.pool.PoolBase.newPoolEntry(PoolBase.java:210) ~[HikariCP-7.0.2.jar:na]
	at com.zaxxer.hikari.pool.HikariPool.createPoolEntry(HikariPool.java:488) ~[HikariCP-7.0.2.jar:na]
	at com.zaxxer.hikari.pool.HikariPool$PoolEntryCreator.call(HikariPool.java:752) ~[HikariCP-7.0.2.jar:na]
	at com.zaxxer.hikari.pool.HikariPool$PoolEntryCreator.call(HikariPool.java:731) ~[HikariCP-7.0.2.jar:na]
	at java.base/java.util.concurrent.FutureTask.run(FutureTask.java:317) ~[na:na]
	at java.base/java.util.concurrent.ThreadPoolExecutor.runWorker(ThreadPoolExecutor.java:1144) ~[na:na]
	at java.base/java.util.concurrent.ThreadPoolExecutor$Worker.run(ThreadPoolExecutor.java:642) ~[na:na]
	at java.base/java.lang.Thread.run(Thread.java:1583) ~[na:na]
Caused by: java.net.UnknownHostException: dpg-d4i2omjuibrs73du8tbg-a.oregon-postgres.render.com
	at java.base/sun.nio.ch.NioSocketImpl.connect(NioSocketImpl.java:567) ~[na:na]
	at java.base/java.net.SocksSocketImpl.connect(SocksSocketImpl.java:327) ~[na:na]
	at java.base/java.net.Socket.connect(Socket.java:751) ~[na:na]
	at org.postgresql.core.PGStream.createSocket(PGStream.java:261) ~[postgresql-42.7.8.jar:42.7.8]
	at org.postgresql.core.PGStream.<init>(PGStream.java:122) ~[postgresql-42.7.8.jar:42.7.8]
	at org.postgresql.core.v3.ConnectionFactoryImpl.tryConnect(ConnectionFactoryImpl.java:146) ~[postgresql-42.7.8.jar:42.7.8]
	at org.postgresql.core.v3.ConnectionFactoryImpl.openConnectionImpl(ConnectionFactoryImpl.java:289) ~[postgresql-42.7.8.jar:42.7.8]
	... 14 common frames omitted

2025-12-06T01:20:22.116+02:00  WARN 18296 --- [HikariPool-POSTGRE:connection-adder] com.zaxxer.hikari.pool.PoolBase          : HikariPool-POSTGRE - Pool is empty, failed to create/setup connection (19aaf01e-d350-4f02-b135-fa94c7b82a75)

org.postgresql.util.PSQLException: The connection attempt failed.
	at org.postgresql.core.v3.ConnectionFactoryImpl.openConnectionImpl(ConnectionFactoryImpl.java:385) ~[postgresql-42.7.8.jar:42.7.8]
	at org.postgresql.core.ConnectionFactory.openConnection(ConnectionFactory.java:57) ~[postgresql-42.7.8.jar:42.7.8]
	at org.postgresql.jdbc.PgConnection.<init>(PgConnection.java:279) ~[postgresql-42.7.8.jar:42.7.8]
	at org.postgresql.Driver.makeConnection(Driver.java:448) ~[postgresql-42.7.8.jar:42.7.8]
	at org.postgresql.Driver.connect(Driver.java:298) ~[postgresql-42.7.8.jar:42.7.8]
	at com.zaxxer.hikari.util.DriverDataSource.getConnection(DriverDataSource.java:144) ~[HikariCP-7.0.2.jar:na]
	at com.zaxxer.hikari.pool.PoolBase.newConnection(PoolBase.java:373) ~[HikariCP-7.0.2.jar:na]
	at com.zaxxer.hikari.pool.PoolBase.newPoolEntry(PoolBase.java:210) ~[HikariCP-7.0.2.jar:na]
	at com.zaxxer.hikari.pool.HikariPool.createPoolEntry(HikariPool.java:488) ~[HikariCP-7.0.2.jar:na]
	at com.zaxxer.hikari.pool.HikariPool$PoolEntryCreator.call(HikariPool.java:752) ~[HikariCP-7.0.2.jar:na]
	at com.zaxxer.hikari.pool.HikariPool$PoolEntryCreator.call(HikariPool.java:731) ~[HikariCP-7.0.2.jar:na]
	at java.base/java.util.concurrent.FutureTask.run(FutureTask.java:317) ~[na:na]
	at java.base/java.util.concurrent.ThreadPoolExecutor.runWorker(ThreadPoolExecutor.java:1144) ~[na:na]
	at java.base/java.util.concurrent.ThreadPoolExecutor$Worker.run(ThreadPoolExecutor.java:642) ~[na:na]
	at java.base/java.lang.Thread.run(Thread.java:1583) ~[na:na]
Caused by: java.net.UnknownHostException: dpg-d4i2omjuibrs73du8tbg-a.oregon-postgres.render.com
	at java.base/sun.nio.ch.NioSocketImpl.connect(NioSocketImpl.java:567) ~[na:na]
	at java.base/java.net.SocksSocketImpl.connect(SocksSocketImpl.java:327) ~[na:na]
	at java.base/java.net.Socket.connect(Socket.java:751) ~[na:na]
	at org.postgresql.core.PGStream.createSocket(PGStream.java:261) ~[postgresql-42.7.8.jar:42.7.8]
	at org.postgresql.core.PGStream.<init>(PGStream.java:122) ~[postgresql-42.7.8.jar:42.7.8]
	at org.postgresql.core.v3.ConnectionFactoryImpl.tryConnect(ConnectionFactoryImpl.java:146) ~[postgresql-42.7.8.jar:42.7.8]
	at org.postgresql.core.v3.ConnectionFactoryImpl.openConnectionImpl(ConnectionFactoryImpl.java:289) ~[postgresql-42.7.8.jar:42.7.8]
	... 14 common frames omitted

2025-12-06T01:21:27.276+02:00  WARN 18296 --- [HikariPool-POSTGRE:connection-adder] com.zaxxer.hikari.pool.PoolBase          : HikariPool-POSTGRE - Pool is empty, failed to create/setup connection (9c4e338f-c018-4d0b-afc7-8238137d2fd2)

org.postgresql.util.PSQLException: The connection attempt failed.
	at org.postgresql.core.v3.ConnectionFactoryImpl.openConnectionImpl(ConnectionFactoryImpl.java:385) ~[postgresql-42.7.8.jar:42.7.8]
	at org.postgresql.core.ConnectionFactory.openConnection(ConnectionFactory.java:57) ~[postgresql-42.7.8.jar:42.7.8]
	at org.postgresql.jdbc.PgConnection.<init>(PgConnection.java:279) ~[postgresql-42.7.8.jar:42.7.8]
	at org.postgresql.Driver.makeConnection(Driver.java:448) ~[postgresql-42.7.8.jar:42.7.8]
	at org.postgresql.Driver.connect(Driver.java:298) ~[postgresql-42.7.8.jar:42.7.8]
	at com.zaxxer.hikari.util.DriverDataSource.getConnection(DriverDataSource.java:144) ~[HikariCP-7.0.2.jar:na]
	at com.zaxxer.hikari.pool.PoolBase.newConnection(PoolBase.java:373) ~[HikariCP-7.0.2.jar:na]
	at com.zaxxer.hikari.pool.PoolBase.newPoolEntry(PoolBase.java:210) ~[HikariCP-7.0.2.jar:na]
	at com.zaxxer.hikari.pool.HikariPool.createPoolEntry(HikariPool.java:488) ~[HikariCP-7.0.2.jar:na]
	at com.zaxxer.hikari.pool.HikariPool$PoolEntryCreator.call(HikariPool.java:752) ~[HikariCP-7.0.2.jar:na]
	at com.zaxxer.hikari.pool.HikariPool$PoolEntryCreator.call(HikariPool.java:731) ~[HikariCP-7.0.2.jar:na]
	at java.base/java.util.concurrent.FutureTask.run(FutureTask.java:317) ~[na:na]
	at java.base/java.util.concurrent.ThreadPoolExecutor.runWorker(ThreadPoolExecutor.java:1144) ~[na:na]
	at java.base/java.util.concurrent.ThreadPoolExecutor$Worker.run(ThreadPoolExecutor.java:642) ~[na:na]
	at java.base/java.lang.Thread.run(Thread.java:1583) ~[na:na]
Caused by: java.net.UnknownHostException: dpg-d4i2omjuibrs73du8tbg-a.oregon-postgres.render.com
	at java.base/sun.nio.ch.NioSocketImpl.connect(NioSocketImpl.java:567) ~[na:na]
	at java.base/java.net.SocksSocketImpl.connect(SocksSocketImpl.java:327) ~[na:na]
	at java.base/java.net.Socket.connect(Socket.java:751) ~[na:na]
	at org.postgresql.core.PGStream.createSocket(PGStream.java:261) ~[postgresql-42.7.8.jar:42.7.8]
	at org.postgresql.core.PGStream.<init>(PGStream.java:122) ~[postgresql-42.7.8.jar:42.7.8]
	at org.postgresql.core.v3.ConnectionFactoryImpl.tryConnect(ConnectionFactoryImpl.java:146) ~[postgresql-42.7.8.jar:42.7.8]
	at org.postgresql.core.v3.ConnectionFactoryImpl.openConnectionImpl(ConnectionFactoryImpl.java:289) ~[postgresql-42.7.8.jar:42.7.8]
	... 14 common frames omitted

2025-12-06T01:22:32.351+02:00  WARN 18296 --- [HikariPool-POSTGRE:connection-adder] com.zaxxer.hikari.pool.PoolBase          : HikariPool-POSTGRE - Pool is empty, failed to create/setup connection (8d972d32-c5d7-4e44-bc7d-790062e770d0)

org.postgresql.util.PSQLException: The connection attempt failed.
	at org.postgresql.core.v3.ConnectionFactoryImpl.openConnectionImpl(ConnectionFactoryImpl.java:385) ~[postgresql-42.7.8.jar:42.7.8]
	at org.postgresql.core.ConnectionFactory.openConnection(ConnectionFactory.java:57) ~[postgresql-42.7.8.jar:42.7.8]
	at org.postgresql.jdbc.PgConnection.<init>(PgConnection.java:279) ~[postgresql-42.7.8.jar:42.7.8]
	at org.postgresql.Driver.makeConnection(Driver.java:448) ~[postgresql-42.7.8.jar:42.7.8]
	at org.postgresql.Driver.connect(Driver.java:298) ~[postgresql-42.7.8.jar:42.7.8]
	at com.zaxxer.hikari.util.DriverDataSource.getConnection(DriverDataSource.java:144) ~[HikariCP-7.0.2.jar:na]
	at com.zaxxer.hikari.pool.PoolBase.newConnection(PoolBase.java:373) ~[HikariCP-7.0.2.jar:na]
	at com.zaxxer.hikari.pool.PoolBase.newPoolEntry(PoolBase.java:210) ~[HikariCP-7.0.2.jar:na]
	at com.zaxxer.hikari.pool.HikariPool.createPoolEntry(HikariPool.java:488) ~[HikariCP-7.0.2.jar:na]
	at com.zaxxer.hikari.pool.HikariPool$PoolEntryCreator.call(HikariPool.java:752) ~[HikariCP-7.0.2.jar:na]
	at com.zaxxer.hikari.pool.HikariPool$PoolEntryCreator.call(HikariPool.java:731) ~[HikariCP-7.0.2.jar:na]
	at java.base/java.util.concurrent.FutureTask.run(FutureTask.java:317) ~[na:na]
	at java.base/java.util.concurrent.ThreadPoolExecutor.runWorker(ThreadPoolExecutor.java:1144) ~[na:na]
	at java.base/java.util.concurrent.ThreadPoolExecutor$Worker.run(ThreadPoolExecutor.java:642) ~[na:na]
	at java.base/java.lang.Thread.run(Thread.java:1583) ~[na:na]
Caused by: java.net.UnknownHostException: dpg-d4i2omjuibrs73du8tbg-a.oregon-postgres.render.com
	at java.base/sun.nio.ch.NioSocketImpl.connect(NioSocketImpl.java:567) ~[na:na]
	at java.base/java.net.SocksSocketImpl.connect(SocksSocketImpl.java:327) ~[na:na]
	at java.base/java.net.Socket.connect(Socket.java:751) ~[na:na]
	at org.postgresql.core.PGStream.createSocket(PGStream.java:261) ~[postgresql-42.7.8.jar:42.7.8]
	at org.postgresql.core.PGStream.<init>(PGStream.java:122) ~[postgresql-42.7.8.jar:42.7.8]
	at org.postgresql.core.v3.ConnectionFactoryImpl.tryConnect(ConnectionFactoryImpl.java:146) ~[postgresql-42.7.8.jar:42.7.8]
	at org.postgresql.core.v3.ConnectionFactoryImpl.openConnectionImpl(ConnectionFactoryImpl.java:289) ~[postgresql-42.7.8.jar:42.7.8]
	... 14 common frames omitted

2025-12-06T01:23:37.498+02:00  WARN 18296 --- [HikariPool-POSTGRE:connection-adder] com.zaxxer.hikari.pool.PoolBase          : HikariPool-POSTGRE - Pool is empty, failed to create/setup connection (529037eb-6d3f-4d3e-9f33-1bb9045574a1)

org.postgresql.util.PSQLException: The connection attempt failed.
	at org.postgresql.core.v3.ConnectionFactoryImpl.openConnectionImpl(ConnectionFactoryImpl.java:385) ~[postgresql-42.7.8.jar:42.7.8]
	at org.postgresql.core.ConnectionFactory.openConnection(ConnectionFactory.java:57) ~[postgresql-42.7.8.jar:42.7.8]
	at org.postgresql.jdbc.PgConnection.<init>(PgConnection.java:279) ~[postgresql-42.7.8.jar:42.7.8]
	at org.postgresql.Driver.makeConnection(Driver.java:448) ~[postgresql-42.7.8.jar:42.7.8]
	at org.postgresql.Driver.connect(Driver.java:298) ~[postgresql-42.7.8.jar:42.7.8]
	at com.zaxxer.hikari.util.DriverDataSource.getConnection(DriverDataSource.java:144) ~[HikariCP-7.0.2.jar:na]
	at com.zaxxer.hikari.pool.PoolBase.newConnection(PoolBase.java:373) ~[HikariCP-7.0.2.jar:na]
	at com.zaxxer.hikari.pool.PoolBase.newPoolEntry(PoolBase.java:210) ~[HikariCP-7.0.2.jar:na]
	at com.zaxxer.hikari.pool.HikariPool.createPoolEntry(HikariPool.java:488) ~[HikariCP-7.0.2.jar:na]
	at com.zaxxer.hikari.pool.HikariPool$PoolEntryCreator.call(HikariPool.java:752) ~[HikariCP-7.0.2.jar:na]
	at com.zaxxer.hikari.pool.HikariPool$PoolEntryCreator.call(HikariPool.java:731) ~[HikariCP-7.0.2.jar:na]
	at java.base/java.util.concurrent.FutureTask.run(FutureTask.java:317) ~[na:na]
	at java.base/java.util.concurrent.ThreadPoolExecutor.runWorker(ThreadPoolExecutor.java:1144) ~[na:na]
	at java.base/java.util.concurrent.ThreadPoolExecutor$Worker.run(ThreadPoolExecutor.java:642) ~[na:na]
	at java.base/java.lang.Thread.run(Thread.java:1583) ~[na:na]
Caused by: java.net.UnknownHostException: dpg-d4i2omjuibrs73du8tbg-a.oregon-postgres.render.com
	at java.base/sun.nio.ch.NioSocketImpl.connect(NioSocketImpl.java:567) ~[na:na]
	at java.base/java.net.SocksSocketImpl.connect(SocksSocketImpl.java:327) ~[na:na]
	at java.base/java.net.Socket.connect(Socket.java:751) ~[na:na]
	at org.postgresql.core.PGStream.createSocket(PGStream.java:261) ~[postgresql-42.7.8.jar:42.7.8]
	at org.postgresql.core.PGStream.<init>(PGStream.java:122) ~[postgresql-42.7.8.jar:42.7.8]
	at org.postgresql.core.v3.ConnectionFactoryImpl.tryConnect(ConnectionFactoryImpl.java:146) ~[postgresql-42.7.8.jar:42.7.8]
	at org.postgresql.core.v3.ConnectionFactoryImpl.openConnectionImpl(ConnectionFactoryImpl.java:289) ~[postgresql-42.7.8.jar:42.7.8]
	... 14 common frames omitted

2025-12-06T01:24:42.638+02:00  WARN 18296 --- [HikariPool-POSTGRE:connection-adder] com.zaxxer.hikari.pool.PoolBase          : HikariPool-POSTGRE - Pool is empty, failed to create/setup connection (1e95a13e-bc43-44a8-b6e5-ae0fbbb155d8)

org.postgresql.util.PSQLException: The connection attempt failed.
	at org.postgresql.core.v3.ConnectionFactoryImpl.openConnectionImpl(ConnectionFactoryImpl.java:385) ~[postgresql-42.7.8.jar:42.7.8]
	at org.postgresql.core.ConnectionFactory.openConnection(ConnectionFactory.java:57) ~[postgresql-42.7.8.jar:42.7.8]
	at org.postgresql.jdbc.PgConnection.<init>(PgConnection.java:279) ~[postgresql-42.7.8.jar:42.7.8]
	at org.postgresql.Driver.makeConnection(Driver.java:448) ~[postgresql-42.7.8.jar:42.7.8]
	at org.postgresql.Driver.connect(Driver.java:298) ~[postgresql-42.7.8.jar:42.7.8]
	at com.zaxxer.hikari.util.DriverDataSource.getConnection(DriverDataSource.java:144) ~[HikariCP-7.0.2.jar:na]
	at com.zaxxer.hikari.pool.PoolBase.newConnection(PoolBase.java:373) ~[HikariCP-7.0.2.jar:na]
	at com.zaxxer.hikari.pool.PoolBase.newPoolEntry(PoolBase.java:210) ~[HikariCP-7.0.2.jar:na]
	at com.zaxxer.hikari.pool.HikariPool.createPoolEntry(HikariPool.java:488) ~[HikariCP-7.0.2.jar:na]
	at com.zaxxer.hikari.pool.HikariPool$PoolEntryCreator.call(HikariPool.java:752) ~[HikariCP-7.0.2.jar:na]
	at com.zaxxer.hikari.pool.HikariPool$PoolEntryCreator.call(HikariPool.java:731) ~[HikariCP-7.0.2.jar:na]
	at java.base/java.util.concurrent.FutureTask.run(FutureTask.java:317) ~[na:na]
	at java.base/java.util.concurrent.ThreadPoolExecutor.runWorker(ThreadPoolExecutor.java:1144) ~[na:na]
	at java.base/java.util.concurrent.ThreadPoolExecutor$Worker.run(ThreadPoolExecutor.java:642) ~[na:na]
	at java.base/java.lang.Thread.run(Thread.java:1583) ~[na:na]
Caused by: java.net.UnknownHostException: dpg-d4i2omjuibrs73du8tbg-a.oregon-postgres.render.com
	at java.base/sun.nio.ch.NioSocketImpl.connect(NioSocketImpl.java:567) ~[na:na]
	at java.base/java.net.SocksSocketImpl.connect(SocksSocketImpl.java:327) ~[na:na]
	at java.base/java.net.Socket.connect(Socket.java:751) ~[na:na]
	at org.postgresql.core.PGStream.createSocket(PGStream.java:261) ~[postgresql-42.7.8.jar:42.7.8]
	at org.postgresql.core.PGStream.<init>(PGStream.java:122) ~[postgresql-42.7.8.jar:42.7.8]
	at org.postgresql.core.v3.ConnectionFactoryImpl.tryConnect(ConnectionFactoryImpl.java:146) ~[postgresql-42.7.8.jar:42.7.8]
	at org.postgresql.core.v3.ConnectionFactoryImpl.openConnectionImpl(ConnectionFactoryImpl.java:289) ~[postgresql-42.7.8.jar:42.7.8]
	... 14 common frames omitted

2025-12-06T01:25:47.773+02:00  WARN 18296 --- [HikariPool-POSTGRE:connection-adder] com.zaxxer.hikari.pool.PoolBase          : HikariPool-POSTGRE - Pool is empty, failed to create/setup connection (0c76cf0f-127a-4982-b731-dd8f09cb20c8)

org.postgresql.util.PSQLException: The connection attempt failed.
	at org.postgresql.core.v3.ConnectionFactoryImpl.openConnectionImpl(ConnectionFactoryImpl.java:385) ~[postgresql-42.7.8.jar:42.7.8]
	at org.postgresql.core.ConnectionFactory.openConnection(ConnectionFactory.java:57) ~[postgresql-42.7.8.jar:42.7.8]
	at org.postgresql.jdbc.PgConnection.<init>(PgConnection.java:279) ~[postgresql-42.7.8.jar:42.7.8]
	at org.postgresql.Driver.makeConnection(Driver.java:448) ~[postgresql-42.7.8.jar:42.7.8]
	at org.postgresql.Driver.connect(Driver.java:298) ~[postgresql-42.7.8.jar:42.7.8]
	at com.zaxxer.hikari.util.DriverDataSource.getConnection(DriverDataSource.java:144) ~[HikariCP-7.0.2.jar:na]
	at com.zaxxer.hikari.pool.PoolBase.newConnection(PoolBase.java:373) ~[HikariCP-7.0.2.jar:na]
	at com.zaxxer.hikari.pool.PoolBase.newPoolEntry(PoolBase.java:210) ~[HikariCP-7.0.2.jar:na]
	at com.zaxxer.hikari.pool.HikariPool.createPoolEntry(HikariPool.java:488) ~[HikariCP-7.0.2.jar:na]
	at com.zaxxer.hikari.pool.HikariPool$PoolEntryCreator.call(HikariPool.java:752) ~[HikariCP-7.0.2.jar:na]
	at com.zaxxer.hikari.pool.HikariPool$PoolEntryCreator.call(HikariPool.java:731) ~[HikariCP-7.0.2.jar:na]
	at java.base/java.util.concurrent.FutureTask.run(FutureTask.java:317) ~[na:na]
	at java.base/java.util.concurrent.ThreadPoolExecutor.runWorker(ThreadPoolExecutor.java:1144) ~[na:na]
	at java.base/java.util.concurrent.ThreadPoolExecutor$Worker.run(ThreadPoolExecutor.java:642) ~[na:na]
	at java.base/java.lang.Thread.run(Thread.java:1583) ~[na:na]
Caused by: java.net.UnknownHostException: dpg-d4i2omjuibrs73du8tbg-a.oregon-postgres.render.com
	at java.base/sun.nio.ch.NioSocketImpl.connect(NioSocketImpl.java:567) ~[na:na]
	at java.base/java.net.SocksSocketImpl.connect(SocksSocketImpl.java:327) ~[na:na]
	at java.base/java.net.Socket.connect(Socket.java:751) ~[na:na]
	at org.postgresql.core.PGStream.createSocket(PGStream.java:261) ~[postgresql-42.7.8.jar:42.7.8]
	at org.postgresql.core.PGStream.<init>(PGStream.java:122) ~[postgresql-42.7.8.jar:42.7.8]
	at org.postgresql.core.v3.ConnectionFactoryImpl.tryConnect(ConnectionFactoryImpl.java:146) ~[postgresql-42.7.8.jar:42.7.8]
	at org.postgresql.core.v3.ConnectionFactoryImpl.openConnectionImpl(ConnectionFactoryImpl.java:289) ~[postgresql-42.7.8.jar:42.7.8]
	... 14 common frames omitted

2025-12-06T01:26:52.919+02:00  WARN 18296 --- [HikariPool-POSTGRE:connection-adder] com.zaxxer.hikari.pool.PoolBase          : HikariPool-POSTGRE - Pool is empty, failed to create/setup connection (de5472ab-2cca-496a-a91a-44f1c4d0e17d)

org.postgresql.util.PSQLException: The connection attempt failed.
	at org.postgresql.core.v3.ConnectionFactoryImpl.openConnectionImpl(ConnectionFactoryImpl.java:385) ~[postgresql-42.7.8.jar:42.7.8]
	at org.postgresql.core.ConnectionFactory.openConnection(ConnectionFactory.java:57) ~[postgresql-42.7.8.jar:42.7.8]
	at org.postgresql.jdbc.PgConnection.<init>(PgConnection.java:279) ~[postgresql-42.7.8.jar:42.7.8]
	at org.postgresql.Driver.makeConnection(Driver.java:448) ~[postgresql-42.7.8.jar:42.7.8]
	at org.postgresql.Driver.connect(Driver.java:298) ~[postgresql-42.7.8.jar:42.7.8]
	at com.zaxxer.hikari.util.DriverDataSource.getConnection(DriverDataSource.java:144) ~[HikariCP-7.0.2.jar:na]
	at com.zaxxer.hikari.pool.PoolBase.newConnection(PoolBase.java:373) ~[HikariCP-7.0.2.jar:na]
	at com.zaxxer.hikari.pool.PoolBase.newPoolEntry(PoolBase.java:210) ~[HikariCP-7.0.2.jar:na]
	at com.zaxxer.hikari.pool.HikariPool.createPoolEntry(HikariPool.java:488) ~[HikariCP-7.0.2.jar:na]
	at com.zaxxer.hikari.pool.HikariPool$PoolEntryCreator.call(HikariPool.java:752) ~[HikariCP-7.0.2.jar:na]
	at com.zaxxer.hikari.pool.HikariPool$PoolEntryCreator.call(HikariPool.java:731) ~[HikariCP-7.0.2.jar:na]
	at java.base/java.util.concurrent.FutureTask.run(FutureTask.java:317) ~[na:na]
	at java.base/java.util.concurrent.ThreadPoolExecutor.runWorker(ThreadPoolExecutor.java:1144) ~[na:na]
	at java.base/java.util.concurrent.ThreadPoolExecutor$Worker.run(ThreadPoolExecutor.java:642) ~[na:na]
	at java.base/java.lang.Thread.run(Thread.java:1583) ~[na:na]
Caused by: java.net.UnknownHostException: dpg-d4i2omjuibrs73du8tbg-a.oregon-postgres.render.com
	at java.base/sun.nio.ch.NioSocketImpl.connect(NioSocketImpl.java:567) ~[na:na]
	at java.base/java.net.SocksSocketImpl.connect(SocksSocketImpl.java:327) ~[na:na]
	at java.base/java.net.Socket.connect(Socket.java:751) ~[na:na]
	at org.postgresql.core.PGStream.createSocket(PGStream.java:261) ~[postgresql-42.7.8.jar:42.7.8]
	at org.postgresql.core.PGStream.<init>(PGStream.java:122) ~[postgresql-42.7.8.jar:42.7.8]
	at org.postgresql.core.v3.ConnectionFactoryImpl.tryConnect(ConnectionFactoryImpl.java:146) ~[postgresql-42.7.8.jar:42.7.8]
	at org.postgresql.core.v3.ConnectionFactoryImpl.openConnectionImpl(ConnectionFactoryImpl.java:289) ~[postgresql-42.7.8.jar:42.7.8]
	... 14 common frames omitted

2025-12-06T01:27:58.061+02:00  WARN 18296 --- [HikariPool-POSTGRE:connection-adder] com.zaxxer.hikari.pool.PoolBase          : HikariPool-POSTGRE - Pool is empty, failed to create/setup connection (66f7c21a-ff5b-4a30-9735-95bff50f7445)

org.postgresql.util.PSQLException: The connection attempt failed.
	at org.postgresql.core.v3.ConnectionFactoryImpl.openConnectionImpl(ConnectionFactoryImpl.java:385) ~[postgresql-42.7.8.jar:42.7.8]
	at org.postgresql.core.ConnectionFactory.openConnection(ConnectionFactory.java:57) ~[postgresql-42.7.8.jar:42.7.8]
	at org.postgresql.jdbc.PgConnection.<init>(PgConnection.java:279) ~[postgresql-42.7.8.jar:42.7.8]
	at org.postgresql.Driver.makeConnection(Driver.java:448) ~[postgresql-42.7.8.jar:42.7.8]
	at org.postgresql.Driver.connect(Driver.java:298) ~[postgresql-42.7.8.jar:42.7.8]
	at com.zaxxer.hikari.util.DriverDataSource.getConnection(DriverDataSource.java:144) ~[HikariCP-7.0.2.jar:na]
	at com.zaxxer.hikari.pool.PoolBase.newConnection(PoolBase.java:373) ~[HikariCP-7.0.2.jar:na]
	at com.zaxxer.hikari.pool.PoolBase.newPoolEntry(PoolBase.java:210) ~[HikariCP-7.0.2.jar:na]
	at com.zaxxer.hikari.pool.HikariPool.createPoolEntry(HikariPool.java:488) ~[HikariCP-7.0.2.jar:na]
	at com.zaxxer.hikari.pool.HikariPool$PoolEntryCreator.call(HikariPool.java:752) ~[HikariCP-7.0.2.jar:na]
	at com.zaxxer.hikari.pool.HikariPool$PoolEntryCreator.call(HikariPool.java:731) ~[HikariCP-7.0.2.jar:na]
	at java.base/java.util.concurrent.FutureTask.run(FutureTask.java:317) ~[na:na]
	at java.base/java.util.concurrent.ThreadPoolExecutor.runWorker(ThreadPoolExecutor.java:1144) ~[na:na]
	at java.base/java.util.concurrent.ThreadPoolExecutor$Worker.run(ThreadPoolExecutor.java:642) ~[na:na]
	at java.base/java.lang.Thread.run(Thread.java:1583) ~[na:na]
Caused by: java.net.UnknownHostException: dpg-d4i2omjuibrs73du8tbg-a.oregon-postgres.render.com
	at java.base/sun.nio.ch.NioSocketImpl.connect(NioSocketImpl.java:567) ~[na:na]
	at java.base/java.net.SocksSocketImpl.connect(SocksSocketImpl.java:327) ~[na:na]
	at java.base/java.net.Socket.connect(Socket.java:751) ~[na:na]
	at org.postgresql.core.PGStream.createSocket(PGStream.java:261) ~[postgresql-42.7.8.jar:42.7.8]
	at org.postgresql.core.PGStream.<init>(PGStream.java:122) ~[postgresql-42.7.8.jar:42.7.8]
	at org.postgresql.core.v3.ConnectionFactoryImpl.tryConnect(ConnectionFactoryImpl.java:146) ~[postgresql-42.7.8.jar:42.7.8]
	at org.postgresql.core.v3.ConnectionFactoryImpl.openConnectionImpl(ConnectionFactoryImpl.java:289) ~[postgresql-42.7.8.jar:42.7.8]
	... 14 common frames omitted

2025-12-06T01:29:03.225+02:00  WARN 18296 --- [HikariPool-POSTGRE:connection-adder] com.zaxxer.hikari.pool.PoolBase          : HikariPool-POSTGRE - Pool is empty, failed to create/setup connection (b24b8275-a3c2-4cc9-aa79-e561b17627fe)

org.postgresql.util.PSQLException: The connection attempt failed.
	at org.postgresql.core.v3.ConnectionFactoryImpl.openConnectionImpl(ConnectionFactoryImpl.java:385) ~[postgresql-42.7.8.jar:42.7.8]
	at org.postgresql.core.ConnectionFactory.openConnection(ConnectionFactory.java:57) ~[postgresql-42.7.8.jar:42.7.8]
	at org.postgresql.jdbc.PgConnection.<init>(PgConnection.java:279) ~[postgresql-42.7.8.jar:42.7.8]
	at org.postgresql.Driver.makeConnection(Driver.java:448) ~[postgresql-42.7.8.jar:42.7.8]
	at org.postgresql.Driver.connect(Driver.java:298) ~[postgresql-42.7.8.jar:42.7.8]
	at com.zaxxer.hikari.util.DriverDataSource.getConnection(DriverDataSource.java:144) ~[HikariCP-7.0.2.jar:na]
	at com.zaxxer.hikari.pool.PoolBase.newConnection(PoolBase.java:373) ~[HikariCP-7.0.2.jar:na]
	at com.zaxxer.hikari.pool.PoolBase.newPoolEntry(PoolBase.java:210) ~[HikariCP-7.0.2.jar:na]
	at com.zaxxer.hikari.pool.HikariPool.createPoolEntry(HikariPool.java:488) ~[HikariCP-7.0.2.jar:na]
	at com.zaxxer.hikari.pool.HikariPool$PoolEntryCreator.call(HikariPool.java:752) ~[HikariCP-7.0.2.jar:na]
	at com.zaxxer.hikari.pool.HikariPool$PoolEntryCreator.call(HikariPool.java:731) ~[HikariCP-7.0.2.jar:na]
	at java.base/java.util.concurrent.FutureTask.run(FutureTask.java:317) ~[na:na]
	at java.base/java.util.concurrent.ThreadPoolExecutor.runWorker(ThreadPoolExecutor.java:1144) ~[na:na]
	at java.base/java.util.concurrent.ThreadPoolExecutor$Worker.run(ThreadPoolExecutor.java:642) ~[na:na]
	at java.base/java.lang.Thread.run(Thread.java:1583) ~[na:na]
Caused by: java.net.UnknownHostException: dpg-d4i2omjuibrs73du8tbg-a.oregon-postgres.render.com
	at java.base/sun.nio.ch.NioSocketImpl.connect(NioSocketImpl.java:567) ~[na:na]
	at java.base/java.net.SocksSocketImpl.connect(SocksSocketImpl.java:327) ~[na:na]
	at java.base/java.net.Socket.connect(Socket.java:751) ~[na:na]
	at org.postgresql.core.PGStream.createSocket(PGStream.java:261) ~[postgresql-42.7.8.jar:42.7.8]
	at org.postgresql.core.PGStream.<init>(PGStream.java:122) ~[postgresql-42.7.8.jar:42.7.8]
	at org.postgresql.core.v3.ConnectionFactoryImpl.tryConnect(ConnectionFactoryImpl.java:146) ~[postgresql-42.7.8.jar:42.7.8]
	at org.postgresql.core.v3.ConnectionFactoryImpl.openConnectionImpl(ConnectionFactoryImpl.java:289) ~[postgresql-42.7.8.jar:42.7.8]
	... 14 common frames omitted

2025-12-06T01:30:08.361+02:00  WARN 18296 --- [HikariPool-POSTGRE:connection-adder] com.zaxxer.hikari.pool.PoolBase          : HikariPool-POSTGRE - Pool is empty, failed to create/setup connection (23d568ba-6f41-4cc4-9cf6-37bfde21f4dc)

org.postgresql.util.PSQLException: The connection attempt failed.
	at org.postgresql.core.v3.ConnectionFactoryImpl.openConnectionImpl(ConnectionFactoryImpl.java:385) ~[postgresql-42.7.8.jar:42.7.8]
	at org.postgresql.core.ConnectionFactory.openConnection(ConnectionFactory.java:57) ~[postgresql-42.7.8.jar:42.7.8]
	at org.postgresql.jdbc.PgConnection.<init>(PgConnection.java:279) ~[postgresql-42.7.8.jar:42.7.8]
	at org.postgresql.Driver.makeConnection(Driver.java:448) ~[postgresql-42.7.8.jar:42.7.8]
	at org.postgresql.Driver.connect(Driver.java:298) ~[postgresql-42.7.8.jar:42.7.8]
	at com.zaxxer.hikari.util.DriverDataSource.getConnection(DriverDataSource.java:144) ~[HikariCP-7.0.2.jar:na]
	at com.zaxxer.hikari.pool.PoolBase.newConnection(PoolBase.java:373) ~[HikariCP-7.0.2.jar:na]
	at com.zaxxer.hikari.pool.PoolBase.newPoolEntry(PoolBase.java:210) ~[HikariCP-7.0.2.jar:na]
	at com.zaxxer.hikari.pool.HikariPool.createPoolEntry(HikariPool.java:488) ~[HikariCP-7.0.2.jar:na]
	at com.zaxxer.hikari.pool.HikariPool$PoolEntryCreator.call(HikariPool.java:752) ~[HikariCP-7.0.2.jar:na]
	at com.zaxxer.hikari.pool.HikariPool$PoolEntryCreator.call(HikariPool.java:731) ~[HikariCP-7.0.2.jar:na]
	at java.base/java.util.concurrent.FutureTask.run(FutureTask.java:317) ~[na:na]
	at java.base/java.util.concurrent.ThreadPoolExecutor.runWorker(ThreadPoolExecutor.java:1144) ~[na:na]
	at java.base/java.util.concurrent.ThreadPoolExecutor$Worker.run(ThreadPoolExecutor.java:642) ~[na:na]
	at java.base/java.lang.Thread.run(Thread.java:1583) ~[na:na]
Caused by: java.net.UnknownHostException: dpg-d4i2omjuibrs73du8tbg-a.oregon-postgres.render.com
	at java.base/sun.nio.ch.NioSocketImpl.connect(NioSocketImpl.java:567) ~[na:na]
	at java.base/java.net.SocksSocketImpl.connect(SocksSocketImpl.java:327) ~[na:na]
	at java.base/java.net.Socket.connect(Socket.java:751) ~[na:na]
	at org.postgresql.core.PGStream.createSocket(PGStream.java:261) ~[postgresql-42.7.8.jar:42.7.8]
	at org.postgresql.core.PGStream.<init>(PGStream.java:122) ~[postgresql-42.7.8.jar:42.7.8]
	at org.postgresql.core.v3.ConnectionFactoryImpl.tryConnect(ConnectionFactoryImpl.java:146) ~[postgresql-42.7.8.jar:42.7.8]
	at org.postgresql.core.v3.ConnectionFactoryImpl.openConnectionImpl(ConnectionFactoryImpl.java:289) ~[postgresql-42.7.8.jar:42.7.8]
	... 14 common frames omitted

2025-12-06T01:31:13.491+02:00  WARN 18296 --- [HikariPool-POSTGRE:connection-adder] com.zaxxer.hikari.pool.PoolBase          : HikariPool-POSTGRE - Pool is empty, failed to create/setup connection (8bd91ee4-e72f-4887-9efc-92f70c10b7bf)

org.postgresql.util.PSQLException: The connection attempt failed.
	at org.postgresql.core.v3.ConnectionFactoryImpl.openConnectionImpl(ConnectionFactoryImpl.java:385) ~[postgresql-42.7.8.jar:42.7.8]
	at org.postgresql.core.ConnectionFactory.openConnection(ConnectionFactory.java:57) ~[postgresql-42.7.8.jar:42.7.8]
	at org.postgresql.jdbc.PgConnection.<init>(PgConnection.java:279) ~[postgresql-42.7.8.jar:42.7.8]
	at org.postgresql.Driver.makeConnection(Driver.java:448) ~[postgresql-42.7.8.jar:42.7.8]
	at org.postgresql.Driver.connect(Driver.java:298) ~[postgresql-42.7.8.jar:42.7.8]
	at com.zaxxer.hikari.util.DriverDataSource.getConnection(DriverDataSource.java:144) ~[HikariCP-7.0.2.jar:na]
	at com.zaxxer.hikari.pool.PoolBase.newConnection(PoolBase.java:373) ~[HikariCP-7.0.2.jar:na]
	at com.zaxxer.hikari.pool.PoolBase.newPoolEntry(PoolBase.java:210) ~[HikariCP-7.0.2.jar:na]
	at com.zaxxer.hikari.pool.HikariPool.createPoolEntry(HikariPool.java:488) ~[HikariCP-7.0.2.jar:na]
	at com.zaxxer.hikari.pool.HikariPool$PoolEntryCreator.call(HikariPool.java:752) ~[HikariCP-7.0.2.jar:na]
	at com.zaxxer.hikari.pool.HikariPool$PoolEntryCreator.call(HikariPool.java:731) ~[HikariCP-7.0.2.jar:na]
	at java.base/java.util.concurrent.FutureTask.run(FutureTask.java:317) ~[na:na]
	at java.base/java.util.concurrent.ThreadPoolExecutor.runWorker(ThreadPoolExecutor.java:1144) ~[na:na]
	at java.base/java.util.concurrent.ThreadPoolExecutor$Worker.run(ThreadPoolExecutor.java:642) ~[na:na]
	at java.base/java.lang.Thread.run(Thread.java:1583) ~[na:na]
Caused by: java.net.UnknownHostException: dpg-d4i2omjuibrs73du8tbg-a.oregon-postgres.render.com
	at java.base/sun.nio.ch.NioSocketImpl.connect(NioSocketImpl.java:567) ~[na:na]
	at java.base/java.net.SocksSocketImpl.connect(SocksSocketImpl.java:327) ~[na:na]
	at java.base/java.net.Socket.connect(Socket.java:751) ~[na:na]
	at org.postgresql.core.PGStream.createSocket(PGStream.java:261) ~[postgresql-42.7.8.jar:42.7.8]
	at org.postgresql.core.PGStream.<init>(PGStream.java:122) ~[postgresql-42.7.8.jar:42.7.8]
	at org.postgresql.core.v3.ConnectionFactoryImpl.tryConnect(ConnectionFactoryImpl.java:146) ~[postgresql-42.7.8.jar:42.7.8]
	at org.postgresql.core.v3.ConnectionFactoryImpl.openConnectionImpl(ConnectionFactoryImpl.java:289) ~[postgresql-42.7.8.jar:42.7.8]
	... 14 common frames omitted

2025-12-06T01:32:18.627+02:00  WARN 18296 --- [HikariPool-POSTGRE:connection-adder] com.zaxxer.hikari.pool.PoolBase          : HikariPool-POSTGRE - Pool is empty, failed to create/setup connection (3950e70f-78ac-4280-807f-cd55f8b6f32d)

org.postgresql.util.PSQLException: The connection attempt failed.
	at org.postgresql.core.v3.ConnectionFactoryImpl.openConnectionImpl(ConnectionFactoryImpl.java:385) ~[postgresql-42.7.8.jar:42.7.8]
	at org.postgresql.core.ConnectionFactory.openConnection(ConnectionFactory.java:57) ~[postgresql-42.7.8.jar:42.7.8]
	at org.postgresql.jdbc.PgConnection.<init>(PgConnection.java:279) ~[postgresql-42.7.8.jar:42.7.8]
	at org.postgresql.Driver.makeConnection(Driver.java:448) ~[postgresql-42.7.8.jar:42.7.8]
	at org.postgresql.Driver.connect(Driver.java:298) ~[postgresql-42.7.8.jar:42.7.8]
	at com.zaxxer.hikari.util.DriverDataSource.getConnection(DriverDataSource.java:144) ~[HikariCP-7.0.2.jar:na]
	at com.zaxxer.hikari.pool.PoolBase.newConnection(PoolBase.java:373) ~[HikariCP-7.0.2.jar:na]
	at com.zaxxer.hikari.pool.PoolBase.newPoolEntry(PoolBase.java:210) ~[HikariCP-7.0.2.jar:na]
	at com.zaxxer.hikari.pool.HikariPool.createPoolEntry(HikariPool.java:488) ~[HikariCP-7.0.2.jar:na]
	at com.zaxxer.hikari.pool.HikariPool$PoolEntryCreator.call(HikariPool.java:752) ~[HikariCP-7.0.2.jar:na]
	at com.zaxxer.hikari.pool.HikariPool$PoolEntryCreator.call(HikariPool.java:731) ~[HikariCP-7.0.2.jar:na]
	at java.base/java.util.concurrent.FutureTask.run(FutureTask.java:317) ~[na:na]
	at java.base/java.util.concurrent.ThreadPoolExecutor.runWorker(ThreadPoolExecutor.java:1144) ~[na:na]
	at java.base/java.util.concurrent.ThreadPoolExecutor$Worker.run(ThreadPoolExecutor.java:642) ~[na:na]
	at java.base/java.lang.Thread.run(Thread.java:1583) ~[na:na]
Caused by: java.net.UnknownHostException: dpg-d4i2omjuibrs73du8tbg-a.oregon-postgres.render.com
	at java.base/sun.nio.ch.NioSocketImpl.connect(NioSocketImpl.java:567) ~[na:na]
	at java.base/java.net.SocksSocketImpl.connect(SocksSocketImpl.java:327) ~[na:na]
	at java.base/java.net.Socket.connect(Socket.java:751) ~[na:na]
	at org.postgresql.core.PGStream.createSocket(PGStream.java:261) ~[postgresql-42.7.8.jar:42.7.8]
	at org.postgresql.core.PGStream.<init>(PGStream.java:122) ~[postgresql-42.7.8.jar:42.7.8]
	at org.postgresql.core.v3.ConnectionFactoryImpl.tryConnect(ConnectionFactoryImpl.java:146) ~[postgresql-42.7.8.jar:42.7.8]
	at org.postgresql.core.v3.ConnectionFactoryImpl.openConnectionImpl(ConnectionFactoryImpl.java:289) ~[postgresql-42.7.8.jar:42.7.8]
	... 14 common frames omitted

2025-12-06T01:33:23.725+02:00  WARN 18296 --- [HikariPool-POSTGRE:connection-adder] com.zaxxer.hikari.pool.PoolBase          : HikariPool-POSTGRE - Pool is empty, failed to create/setup connection (ecd25939-fae3-45cc-81d9-222325f0c41a)

org.postgresql.util.PSQLException: The connection attempt failed.
	at org.postgresql.core.v3.ConnectionFactoryImpl.openConnectionImpl(ConnectionFactoryImpl.java:385) ~[postgresql-42.7.8.jar:42.7.8]
	at org.postgresql.core.ConnectionFactory.openConnection(ConnectionFactory.java:57) ~[postgresql-42.7.8.jar:42.7.8]
	at org.postgresql.jdbc.PgConnection.<init>(PgConnection.java:279) ~[postgresql-42.7.8.jar:42.7.8]
	at org.postgresql.Driver.makeConnection(Driver.java:448) ~[postgresql-42.7.8.jar:42.7.8]
	at org.postgresql.Driver.connect(Driver.java:298) ~[postgresql-42.7.8.jar:42.7.8]
	at com.zaxxer.hikari.util.DriverDataSource.getConnection(DriverDataSource.java:144) ~[HikariCP-7.0.2.jar:na]
	at com.zaxxer.hikari.pool.PoolBase.newConnection(PoolBase.java:373) ~[HikariCP-7.0.2.jar:na]
	at com.zaxxer.hikari.pool.PoolBase.newPoolEntry(PoolBase.java:210) ~[HikariCP-7.0.2.jar:na]
	at com.zaxxer.hikari.pool.HikariPool.createPoolEntry(HikariPool.java:488) ~[HikariCP-7.0.2.jar:na]
	at com.zaxxer.hikari.pool.HikariPool$PoolEntryCreator.call(HikariPool.java:752) ~[HikariCP-7.0.2.jar:na]
	at com.zaxxer.hikari.pool.HikariPool$PoolEntryCreator.call(HikariPool.java:731) ~[HikariCP-7.0.2.jar:na]
	at java.base/java.util.concurrent.FutureTask.run(FutureTask.java:317) ~[na:na]
	at java.base/java.util.concurrent.ThreadPoolExecutor.runWorker(ThreadPoolExecutor.java:1144) ~[na:na]
	at java.base/java.util.concurrent.ThreadPoolExecutor$Worker.run(ThreadPoolExecutor.java:642) ~[na:na]
	at java.base/java.lang.Thread.run(Thread.java:1583) ~[na:na]
Caused by: java.net.UnknownHostException: dpg-d4i2omjuibrs73du8tbg-a.oregon-postgres.render.com
	at java.base/sun.nio.ch.NioSocketImpl.connect(NioSocketImpl.java:567) ~[na:na]
	at java.base/java.net.SocksSocketImpl.connect(SocksSocketImpl.java:327) ~[na:na]
	at java.base/java.net.Socket.connect(Socket.java:751) ~[na:na]
	at org.postgresql.core.PGStream.createSocket(PGStream.java:261) ~[postgresql-42.7.8.jar:42.7.8]
	at org.postgresql.core.PGStream.<init>(PGStream.java:122) ~[postgresql-42.7.8.jar:42.7.8]
	at org.postgresql.core.v3.ConnectionFactoryImpl.tryConnect(ConnectionFactoryImpl.java:146) ~[postgresql-42.7.8.jar:42.7.8]
	at org.postgresql.core.v3.ConnectionFactoryImpl.openConnectionImpl(ConnectionFactoryImpl.java:289) ~[postgresql-42.7.8.jar:42.7.8]
	... 14 common frames omitted

2025-12-06T01:34:28.839+02:00  WARN 18296 --- [HikariPool-POSTGRE:connection-adder] com.zaxxer.hikari.pool.PoolBase          : HikariPool-POSTGRE - Pool is empty, failed to create/setup connection (5272313a-8645-4a2b-aee0-20fb2e2d515e)

org.postgresql.util.PSQLException: The connection attempt failed.
	at org.postgresql.core.v3.ConnectionFactoryImpl.openConnectionImpl(ConnectionFactoryImpl.java:385) ~[postgresql-42.7.8.jar:42.7.8]
	at org.postgresql.core.ConnectionFactory.openConnection(ConnectionFactory.java:57) ~[postgresql-42.7.8.jar:42.7.8]
	at org.postgresql.jdbc.PgConnection.<init>(PgConnection.java:279) ~[postgresql-42.7.8.jar:42.7.8]
	at org.postgresql.Driver.makeConnection(Driver.java:448) ~[postgresql-42.7.8.jar:42.7.8]
	at org.postgresql.Driver.connect(Driver.java:298) ~[postgresql-42.7.8.jar:42.7.8]
	at com.zaxxer.hikari.util.DriverDataSource.getConnection(DriverDataSource.java:144) ~[HikariCP-7.0.2.jar:na]
	at com.zaxxer.hikari.pool.PoolBase.newConnection(PoolBase.java:373) ~[HikariCP-7.0.2.jar:na]
	at com.zaxxer.hikari.pool.PoolBase.newPoolEntry(PoolBase.java:210) ~[HikariCP-7.0.2.jar:na]
	at com.zaxxer.hikari.pool.HikariPool.createPoolEntry(HikariPool.java:488) ~[HikariCP-7.0.2.jar:na]
	at com.zaxxer.hikari.pool.HikariPool$PoolEntryCreator.call(HikariPool.java:752) ~[HikariCP-7.0.2.jar:na]
	at com.zaxxer.hikari.pool.HikariPool$PoolEntryCreator.call(HikariPool.java:731) ~[HikariCP-7.0.2.jar:na]
	at java.base/java.util.concurrent.FutureTask.run(FutureTask.java:317) ~[na:na]
	at java.base/java.util.concurrent.ThreadPoolExecutor.runWorker(ThreadPoolExecutor.java:1144) ~[na:na]
	at java.base/java.util.concurrent.ThreadPoolExecutor$Worker.run(ThreadPoolExecutor.java:642) ~[na:na]
	at java.base/java.lang.Thread.run(Thread.java:1583) ~[na:na]
Caused by: java.net.UnknownHostException: dpg-d4i2omjuibrs73du8tbg-a.oregon-postgres.render.com
	at java.base/sun.nio.ch.NioSocketImpl.connect(NioSocketImpl.java:567) ~[na:na]
	at java.base/java.net.SocksSocketImpl.connect(SocksSocketImpl.java:327) ~[na:na]
	at java.base/java.net.Socket.connect(Socket.java:751) ~[na:na]
	at org.postgresql.core.PGStream.createSocket(PGStream.java:261) ~[postgresql-42.7.8.jar:42.7.8]
	at org.postgresql.core.PGStream.<init>(PGStream.java:122) ~[postgresql-42.7.8.jar:42.7.8]
	at org.postgresql.core.v3.ConnectionFactoryImpl.tryConnect(ConnectionFactoryImpl.java:146) ~[postgresql-42.7.8.jar:42.7.8]
	at org.postgresql.core.v3.ConnectionFactoryImpl.openConnectionImpl(ConnectionFactoryImpl.java:289) ~[postgresql-42.7.8.jar:42.7.8]
	... 14 common frames omitted

2025-12-06T01:35:33.936+02:00  WARN 18296 --- [HikariPool-POSTGRE:connection-adder] com.zaxxer.hikari.pool.PoolBase          : HikariPool-POSTGRE - Pool is empty, failed to create/setup connection (31e35a36-932f-42f6-9e52-d8e859276b42)

org.postgresql.util.PSQLException: The connection attempt failed.
	at org.postgresql.core.v3.ConnectionFactoryImpl.openConnectionImpl(ConnectionFactoryImpl.java:385) ~[postgresql-42.7.8.jar:42.7.8]
	at org.postgresql.core.ConnectionFactory.openConnection(ConnectionFactory.java:57) ~[postgresql-42.7.8.jar:42.7.8]
	at org.postgresql.jdbc.PgConnection.<init>(PgConnection.java:279) ~[postgresql-42.7.8.jar:42.7.8]
	at org.postgresql.Driver.makeConnection(Driver.java:448) ~[postgresql-42.7.8.jar:42.7.8]
	at org.postgresql.Driver.connect(Driver.java:298) ~[postgresql-42.7.8.jar:42.7.8]
	at com.zaxxer.hikari.util.DriverDataSource.getConnection(DriverDataSource.java:144) ~[HikariCP-7.0.2.jar:na]
	at com.zaxxer.hikari.pool.PoolBase.newConnection(PoolBase.java:373) ~[HikariCP-7.0.2.jar:na]
	at com.zaxxer.hikari.pool.PoolBase.newPoolEntry(PoolBase.java:210) ~[HikariCP-7.0.2.jar:na]
	at com.zaxxer.hikari.pool.HikariPool.createPoolEntry(HikariPool.java:488) ~[HikariCP-7.0.2.jar:na]
	at com.zaxxer.hikari.pool.HikariPool$PoolEntryCreator.call(HikariPool.java:752) ~[HikariCP-7.0.2.jar:na]
	at com.zaxxer.hikari.pool.HikariPool$PoolEntryCreator.call(HikariPool.java:731) ~[HikariCP-7.0.2.jar:na]
	at java.base/java.util.concurrent.FutureTask.run(FutureTask.java:317) ~[na:na]
	at java.base/java.util.concurrent.ThreadPoolExecutor.runWorker(ThreadPoolExecutor.java:1144) ~[na:na]
	at java.base/java.util.concurrent.ThreadPoolExecutor$Worker.run(ThreadPoolExecutor.java:642) ~[na:na]
	at java.base/java.lang.Thread.run(Thread.java:1583) ~[na:na]
Caused by: java.net.UnknownHostException: dpg-d4i2omjuibrs73du8tbg-a.oregon-postgres.render.com
	at java.base/sun.nio.ch.NioSocketImpl.connect(NioSocketImpl.java:567) ~[na:na]
	at java.base/java.net.SocksSocketImpl.connect(SocksSocketImpl.java:327) ~[na:na]
	at java.base/java.net.Socket.connect(Socket.java:751) ~[na:na]
	at org.postgresql.core.PGStream.createSocket(PGStream.java:261) ~[postgresql-42.7.8.jar:42.7.8]
	at org.postgresql.core.PGStream.<init>(PGStream.java:122) ~[postgresql-42.7.8.jar:42.7.8]
	at org.postgresql.core.v3.ConnectionFactoryImpl.tryConnect(ConnectionFactoryImpl.java:146) ~[postgresql-42.7.8.jar:42.7.8]
	at org.postgresql.core.v3.ConnectionFactoryImpl.openConnectionImpl(ConnectionFactoryImpl.java:289) ~[postgresql-42.7.8.jar:42.7.8]
	... 14 common frames omitted

2025-12-06T01:36:39.067+02:00  WARN 18296 --- [HikariPool-POSTGRE:connection-adder] com.zaxxer.hikari.pool.PoolBase          : HikariPool-POSTGRE - Pool is empty, failed to create/setup connection (3962718d-b047-4f28-9404-134f4fbb37b9)

org.postgresql.util.PSQLException: The connection attempt failed.
	at org.postgresql.core.v3.ConnectionFactoryImpl.openConnectionImpl(ConnectionFactoryImpl.java:385) ~[postgresql-42.7.8.jar:42.7.8]
	at org.postgresql.core.ConnectionFactory.openConnection(ConnectionFactory.java:57) ~[postgresql-42.7.8.jar:42.7.8]
	at org.postgresql.jdbc.PgConnection.<init>(PgConnection.java:279) ~[postgresql-42.7.8.jar:42.7.8]
	at org.postgresql.Driver.makeConnection(Driver.java:448) ~[postgresql-42.7.8.jar:42.7.8]
	at org.postgresql.Driver.connect(Driver.java:298) ~[postgresql-42.7.8.jar:42.7.8]
	at com.zaxxer.hikari.util.DriverDataSource.getConnection(DriverDataSource.java:144) ~[HikariCP-7.0.2.jar:na]
	at com.zaxxer.hikari.pool.PoolBase.newConnection(PoolBase.java:373) ~[HikariCP-7.0.2.jar:na]
	at com.zaxxer.hikari.pool.PoolBase.newPoolEntry(PoolBase.java:210) ~[HikariCP-7.0.2.jar:na]
	at com.zaxxer.hikari.pool.HikariPool.createPoolEntry(HikariPool.java:488) ~[HikariCP-7.0.2.jar:na]
	at com.zaxxer.hikari.pool.HikariPool$PoolEntryCreator.call(HikariPool.java:752) ~[HikariCP-7.0.2.jar:na]
	at com.zaxxer.hikari.pool.HikariPool$PoolEntryCreator.call(HikariPool.java:731) ~[HikariCP-7.0.2.jar:na]
	at java.base/java.util.concurrent.FutureTask.run(FutureTask.java:317) ~[na:na]
	at java.base/java.util.concurrent.ThreadPoolExecutor.runWorker(ThreadPoolExecutor.java:1144) ~[na:na]
	at java.base/java.util.concurrent.ThreadPoolExecutor$Worker.run(ThreadPoolExecutor.java:642) ~[na:na]
	at java.base/java.lang.Thread.run(Thread.java:1583) ~[na:na]
Caused by: java.net.UnknownHostException: dpg-d4i2omjuibrs73du8tbg-a.oregon-postgres.render.com
	at java.base/sun.nio.ch.NioSocketImpl.connect(NioSocketImpl.java:567) ~[na:na]
	at java.base/java.net.SocksSocketImpl.connect(SocksSocketImpl.java:327) ~[na:na]
	at java.base/java.net.Socket.connect(Socket.java:751) ~[na:na]
	at org.postgresql.core.PGStream.createSocket(PGStream.java:261) ~[postgresql-42.7.8.jar:42.7.8]
	at org.postgresql.core.PGStream.<init>(PGStream.java:122) ~[postgresql-42.7.8.jar:42.7.8]
	at org.postgresql.core.v3.ConnectionFactoryImpl.tryConnect(ConnectionFactoryImpl.java:146) ~[postgresql-42.7.8.jar:42.7.8]
	at org.postgresql.core.v3.ConnectionFactoryImpl.openConnectionImpl(ConnectionFactoryImpl.java:289) ~[postgresql-42.7.8.jar:42.7.8]
	... 14 common frames omitted

2025-12-06T01:37:44.195+02:00  WARN 18296 --- [HikariPool-POSTGRE:connection-adder] com.zaxxer.hikari.pool.PoolBase          : HikariPool-POSTGRE - Pool is empty, failed to create/setup connection (1bf3d761-d9c8-4c91-873e-3e280fe0f2e0)

org.postgresql.util.PSQLException: The connection attempt failed.
	at org.postgresql.core.v3.ConnectionFactoryImpl.openConnectionImpl(ConnectionFactoryImpl.java:385) ~[postgresql-42.7.8.jar:42.7.8]
	at org.postgresql.core.ConnectionFactory.openConnection(ConnectionFactory.java:57) ~[postgresql-42.7.8.jar:42.7.8]
	at org.postgresql.jdbc.PgConnection.<init>(PgConnection.java:279) ~[postgresql-42.7.8.jar:42.7.8]
	at org.postgresql.Driver.makeConnection(Driver.java:448) ~[postgresql-42.7.8.jar:42.7.8]
	at org.postgresql.Driver.connect(Driver.java:298) ~[postgresql-42.7.8.jar:42.7.8]
	at com.zaxxer.hikari.util.DriverDataSource.getConnection(DriverDataSource.java:144) ~[HikariCP-7.0.2.jar:na]
	at com.zaxxer.hikari.pool.PoolBase.newConnection(PoolBase.java:373) ~[HikariCP-7.0.2.jar:na]
	at com.zaxxer.hikari.pool.PoolBase.newPoolEntry(PoolBase.java:210) ~[HikariCP-7.0.2.jar:na]
	at com.zaxxer.hikari.pool.HikariPool.createPoolEntry(HikariPool.java:488) ~[HikariCP-7.0.2.jar:na]
	at com.zaxxer.hikari.pool.HikariPool$PoolEntryCreator.call(HikariPool.java:752) ~[HikariCP-7.0.2.jar:na]
	at com.zaxxer.hikari.pool.HikariPool$PoolEntryCreator.call(HikariPool.java:731) ~[HikariCP-7.0.2.jar:na]
	at java.base/java.util.concurrent.FutureTask.run(FutureTask.java:317) ~[na:na]
	at java.base/java.util.concurrent.ThreadPoolExecutor.runWorker(ThreadPoolExecutor.java:1144) ~[na:na]
	at java.base/java.util.concurrent.ThreadPoolExecutor$Worker.run(ThreadPoolExecutor.java:642) ~[na:na]
	at java.base/java.lang.Thread.run(Thread.java:1583) ~[na:na]
Caused by: java.net.UnknownHostException: dpg-d4i2omjuibrs73du8tbg-a.oregon-postgres.render.com
	at java.base/sun.nio.ch.NioSocketImpl.connect(NioSocketImpl.java:567) ~[na:na]
	at java.base/java.net.SocksSocketImpl.connect(SocksSocketImpl.java:327) ~[na:na]
	at java.base/java.net.Socket.connect(Socket.java:751) ~[na:na]
	at org.postgresql.core.PGStream.createSocket(PGStream.java:261) ~[postgresql-42.7.8.jar:42.7.8]
	at org.postgresql.core.PGStream.<init>(PGStream.java:122) ~[postgresql-42.7.8.jar:42.7.8]
	at org.postgresql.core.v3.ConnectionFactoryImpl.tryConnect(ConnectionFactoryImpl.java:146) ~[postgresql-42.7.8.jar:42.7.8]
	at org.postgresql.core.v3.ConnectionFactoryImpl.openConnectionImpl(ConnectionFactoryImpl.java:289) ~[postgresql-42.7.8.jar:42.7.8]
	... 14 common frames omitted

2025-12-06T01:38:49.331+02:00  WARN 18296 --- [HikariPool-POSTGRE:connection-adder] com.zaxxer.hikari.pool.PoolBase          : HikariPool-POSTGRE - Pool is empty, failed to create/setup connection (8cec900c-4110-4de1-9a26-9bdd5940b6f0)

org.postgresql.util.PSQLException: The connection attempt failed.
	at org.postgresql.core.v3.ConnectionFactoryImpl.openConnectionImpl(ConnectionFactoryImpl.java:385) ~[postgresql-42.7.8.jar:42.7.8]
	at org.postgresql.core.ConnectionFactory.openConnection(ConnectionFactory.java:57) ~[postgresql-42.7.8.jar:42.7.8]
	at org.postgresql.jdbc.PgConnection.<init>(PgConnection.java:279) ~[postgresql-42.7.8.jar:42.7.8]
	at org.postgresql.Driver.makeConnection(Driver.java:448) ~[postgresql-42.7.8.jar:42.7.8]
	at org.postgresql.Driver.connect(Driver.java:298) ~[postgresql-42.7.8.jar:42.7.8]
	at com.zaxxer.hikari.util.DriverDataSource.getConnection(DriverDataSource.java:144) ~[HikariCP-7.0.2.jar:na]
	at com.zaxxer.hikari.pool.PoolBase.newConnection(PoolBase.java:373) ~[HikariCP-7.0.2.jar:na]
	at com.zaxxer.hikari.pool.PoolBase.newPoolEntry(PoolBase.java:210) ~[HikariCP-7.0.2.jar:na]
	at com.zaxxer.hikari.pool.HikariPool.createPoolEntry(HikariPool.java:488) ~[HikariCP-7.0.2.jar:na]
	at com.zaxxer.hikari.pool.HikariPool$PoolEntryCreator.call(HikariPool.java:752) ~[HikariCP-7.0.2.jar:na]
	at com.zaxxer.hikari.pool.HikariPool$PoolEntryCreator.call(HikariPool.java:731) ~[HikariCP-7.0.2.jar:na]
	at java.base/java.util.concurrent.FutureTask.run(FutureTask.java:317) ~[na:na]
	at java.base/java.util.concurrent.ThreadPoolExecutor.runWorker(ThreadPoolExecutor.java:1144) ~[na:na]
	at java.base/java.util.concurrent.ThreadPoolExecutor$Worker.run(ThreadPoolExecutor.java:642) ~[na:na]
	at java.base/java.lang.Thread.run(Thread.java:1583) ~[na:na]
Caused by: java.net.UnknownHostException: dpg-d4i2omjuibrs73du8tbg-a.oregon-postgres.render.com
	at java.base/sun.nio.ch.NioSocketImpl.connect(NioSocketImpl.java:567) ~[na:na]
	at java.base/java.net.SocksSocketImpl.connect(SocksSocketImpl.java:327) ~[na:na]
	at java.base/java.net.Socket.connect(Socket.java:751) ~[na:na]
	at org.postgresql.core.PGStream.createSocket(PGStream.java:261) ~[postgresql-42.7.8.jar:42.7.8]
	at org.postgresql.core.PGStream.<init>(PGStream.java:122) ~[postgresql-42.7.8.jar:42.7.8]
	at org.postgresql.core.v3.ConnectionFactoryImpl.tryConnect(ConnectionFactoryImpl.java:146) ~[postgresql-42.7.8.jar:42.7.8]
	at org.postgresql.core.v3.ConnectionFactoryImpl.openConnectionImpl(ConnectionFactoryImpl.java:289) ~[postgresql-42.7.8.jar:42.7.8]
	... 14 common frames omitted

2025-12-06T01:39:54.461+02:00  WARN 18296 --- [HikariPool-POSTGRE:connection-adder] com.zaxxer.hikari.pool.PoolBase          : HikariPool-POSTGRE - Pool is empty, failed to create/setup connection (26c721dd-630f-4ab2-86cb-99d5272a906c)

org.postgresql.util.PSQLException: The connection attempt failed.
	at org.postgresql.core.v3.ConnectionFactoryImpl.openConnectionImpl(ConnectionFactoryImpl.java:385) ~[postgresql-42.7.8.jar:42.7.8]
	at org.postgresql.core.ConnectionFactory.openConnection(ConnectionFactory.java:57) ~[postgresql-42.7.8.jar:42.7.8]
	at org.postgresql.jdbc.PgConnection.<init>(PgConnection.java:279) ~[postgresql-42.7.8.jar:42.7.8]
	at org.postgresql.Driver.makeConnection(Driver.java:448) ~[postgresql-42.7.8.jar:42.7.8]
	at org.postgresql.Driver.connect(Driver.java:298) ~[postgresql-42.7.8.jar:42.7.8]
	at com.zaxxer.hikari.util.DriverDataSource.getConnection(DriverDataSource.java:144) ~[HikariCP-7.0.2.jar:na]
	at com.zaxxer.hikari.pool.PoolBase.newConnection(PoolBase.java:373) ~[HikariCP-7.0.2.jar:na]
	at com.zaxxer.hikari.pool.PoolBase.newPoolEntry(PoolBase.java:210) ~[HikariCP-7.0.2.jar:na]
	at com.zaxxer.hikari.pool.HikariPool.createPoolEntry(HikariPool.java:488) ~[HikariCP-7.0.2.jar:na]
	at com.zaxxer.hikari.pool.HikariPool$PoolEntryCreator.call(HikariPool.java:752) ~[HikariCP-7.0.2.jar:na]
	at com.zaxxer.hikari.pool.HikariPool$PoolEntryCreator.call(HikariPool.java:731) ~[HikariCP-7.0.2.jar:na]
	at java.base/java.util.concurrent.FutureTask.run(FutureTask.java:317) ~[na:na]
	at java.base/java.util.concurrent.ThreadPoolExecutor.runWorker(ThreadPoolExecutor.java:1144) ~[na:na]
	at java.base/java.util.concurrent.ThreadPoolExecutor$Worker.run(ThreadPoolExecutor.java:642) ~[na:na]
	at java.base/java.lang.Thread.run(Thread.java:1583) ~[na:na]
Caused by: java.net.UnknownHostException: dpg-d4i2omjuibrs73du8tbg-a.oregon-postgres.render.com
	at java.base/sun.nio.ch.NioSocketImpl.connect(NioSocketImpl.java:567) ~[na:na]
	at java.base/java.net.SocksSocketImpl.connect(SocksSocketImpl.java:327) ~[na:na]
	at java.base/java.net.Socket.connect(Socket.java:751) ~[na:na]
	at org.postgresql.core.PGStream.createSocket(PGStream.java:261) ~[postgresql-42.7.8.jar:42.7.8]
	at org.postgresql.core.PGStream.<init>(PGStream.java:122) ~[postgresql-42.7.8.jar:42.7.8]
	at org.postgresql.core.v3.ConnectionFactoryImpl.tryConnect(ConnectionFactoryImpl.java:146) ~[postgresql-42.7.8.jar:42.7.8]
	at org.postgresql.core.v3.ConnectionFactoryImpl.openConnectionImpl(ConnectionFactoryImpl.java:289) ~[postgresql-42.7.8.jar:42.7.8]
	... 14 common frames omitted

2025-12-06T01:40:59.627+02:00  WARN 18296 --- [HikariPool-POSTGRE:connection-adder] com.zaxxer.hikari.pool.PoolBase          : HikariPool-POSTGRE - Pool is empty, failed to create/setup connection (758605ab-c5e0-49e3-bbb6-7e50939d8dd3)

org.postgresql.util.PSQLException: The connection attempt failed.
	at org.postgresql.core.v3.ConnectionFactoryImpl.openConnectionImpl(ConnectionFactoryImpl.java:385) ~[postgresql-42.7.8.jar:42.7.8]
	at org.postgresql.core.ConnectionFactory.openConnection(ConnectionFactory.java:57) ~[postgresql-42.7.8.jar:42.7.8]
	at org.postgresql.jdbc.PgConnection.<init>(PgConnection.java:279) ~[postgresql-42.7.8.jar:42.7.8]
	at org.postgresql.Driver.makeConnection(Driver.java:448) ~[postgresql-42.7.8.jar:42.7.8]
	at org.postgresql.Driver.connect(Driver.java:298) ~[postgresql-42.7.8.jar:42.7.8]
	at com.zaxxer.hikari.util.DriverDataSource.getConnection(DriverDataSource.java:144) ~[HikariCP-7.0.2.jar:na]
	at com.zaxxer.hikari.pool.PoolBase.newConnection(PoolBase.java:373) ~[HikariCP-7.0.2.jar:na]
	at com.zaxxer.hikari.pool.PoolBase.newPoolEntry(PoolBase.java:210) ~[HikariCP-7.0.2.jar:na]
	at com.zaxxer.hikari.pool.HikariPool.createPoolEntry(HikariPool.java:488) ~[HikariCP-7.0.2.jar:na]
	at com.zaxxer.hikari.pool.HikariPool$PoolEntryCreator.call(HikariPool.java:752) ~[HikariCP-7.0.2.jar:na]
	at com.zaxxer.hikari.pool.HikariPool$PoolEntryCreator.call(HikariPool.java:731) ~[HikariCP-7.0.2.jar:na]
	at java.base/java.util.concurrent.FutureTask.run(FutureTask.java:317) ~[na:na]
	at java.base/java.util.concurrent.ThreadPoolExecutor.runWorker(ThreadPoolExecutor.java:1144) ~[na:na]
	at java.base/java.util.concurrent.ThreadPoolExecutor$Worker.run(ThreadPoolExecutor.java:642) ~[na:na]
	at java.base/java.lang.Thread.run(Thread.java:1583) ~[na:na]
Caused by: java.net.UnknownHostException: dpg-d4i2omjuibrs73du8tbg-a.oregon-postgres.render.com
	at java.base/sun.nio.ch.NioSocketImpl.connect(NioSocketImpl.java:567) ~[na:na]
	at java.base/java.net.SocksSocketImpl.connect(SocksSocketImpl.java:327) ~[na:na]
	at java.base/java.net.Socket.connect(Socket.java:751) ~[na:na]
	at org.postgresql.core.PGStream.createSocket(PGStream.java:261) ~[postgresql-42.7.8.jar:42.7.8]
	at org.postgresql.core.PGStream.<init>(PGStream.java:122) ~[postgresql-42.7.8.jar:42.7.8]
	at org.postgresql.core.v3.ConnectionFactoryImpl.tryConnect(ConnectionFactoryImpl.java:146) ~[postgresql-42.7.8.jar:42.7.8]
	at org.postgresql.core.v3.ConnectionFactoryImpl.openConnectionImpl(ConnectionFactoryImpl.java:289) ~[postgresql-42.7.8.jar:42.7.8]
	... 14 common frames omitted

2025-12-06T01:42:04.761+02:00  WARN 18296 --- [HikariPool-POSTGRE:connection-adder] com.zaxxer.hikari.pool.PoolBase          : HikariPool-POSTGRE - Pool is empty, failed to create/setup connection (dfcdf503-b53c-4570-af8b-0e1910de0dad)

org.postgresql.util.PSQLException: The connection attempt failed.
	at org.postgresql.core.v3.ConnectionFactoryImpl.openConnectionImpl(ConnectionFactoryImpl.java:385) ~[postgresql-42.7.8.jar:42.7.8]
	at org.postgresql.core.ConnectionFactory.openConnection(ConnectionFactory.java:57) ~[postgresql-42.7.8.jar:42.7.8]
	at org.postgresql.jdbc.PgConnection.<init>(PgConnection.java:279) ~[postgresql-42.7.8.jar:42.7.8]
	at org.postgresql.Driver.makeConnection(Driver.java:448) ~[postgresql-42.7.8.jar:42.7.8]
	at org.postgresql.Driver.connect(Driver.java:298) ~[postgresql-42.7.8.jar:42.7.8]
	at com.zaxxer.hikari.util.DriverDataSource.getConnection(DriverDataSource.java:144) ~[HikariCP-7.0.2.jar:na]
	at com.zaxxer.hikari.pool.PoolBase.newConnection(PoolBase.java:373) ~[HikariCP-7.0.2.jar:na]
	at com.zaxxer.hikari.pool.PoolBase.newPoolEntry(PoolBase.java:210) ~[HikariCP-7.0.2.jar:na]
	at com.zaxxer.hikari.pool.HikariPool.createPoolEntry(HikariPool.java:488) ~[HikariCP-7.0.2.jar:na]
	at com.zaxxer.hikari.pool.HikariPool$PoolEntryCreator.call(HikariPool.java:752) ~[HikariCP-7.0.2.jar:na]
	at com.zaxxer.hikari.pool.HikariPool$PoolEntryCreator.call(HikariPool.java:731) ~[HikariCP-7.0.2.jar:na]
	at java.base/java.util.concurrent.FutureTask.run(FutureTask.java:317) ~[na:na]
	at java.base/java.util.concurrent.ThreadPoolExecutor.runWorker(ThreadPoolExecutor.java:1144) ~[na:na]
	at java.base/java.util.concurrent.ThreadPoolExecutor$Worker.run(ThreadPoolExecutor.java:642) ~[na:na]
	at java.base/java.lang.Thread.run(Thread.java:1583) ~[na:na]
Caused by: java.net.UnknownHostException: dpg-d4i2omjuibrs73du8tbg-a.oregon-postgres.render.com
	at java.base/sun.nio.ch.NioSocketImpl.connect(NioSocketImpl.java:567) ~[na:na]
	at java.base/java.net.SocksSocketImpl.connect(SocksSocketImpl.java:327) ~[na:na]
	at java.base/java.net.Socket.connect(Socket.java:751) ~[na:na]
	at org.postgresql.core.PGStream.createSocket(PGStream.java:261) ~[postgresql-42.7.8.jar:42.7.8]
	at org.postgresql.core.PGStream.<init>(PGStream.java:122) ~[postgresql-42.7.8.jar:42.7.8]
	at org.postgresql.core.v3.ConnectionFactoryImpl.tryConnect(ConnectionFactoryImpl.java:146) ~[postgresql-42.7.8.jar:42.7.8]
	at org.postgresql.core.v3.ConnectionFactoryImpl.openConnectionImpl(ConnectionFactoryImpl.java:289) ~[postgresql-42.7.8.jar:42.7.8]
	... 14 common frames omitted

2025-12-06T01:43:09.885+02:00  WARN 18296 --- [HikariPool-POSTGRE:connection-adder] com.zaxxer.hikari.pool.PoolBase          : HikariPool-POSTGRE - Pool is empty, failed to create/setup connection (0909a753-051e-4f17-b775-a030ca0a34ff)

org.postgresql.util.PSQLException: The connection attempt failed.
	at org.postgresql.core.v3.ConnectionFactoryImpl.openConnectionImpl(ConnectionFactoryImpl.java:385) ~[postgresql-42.7.8.jar:42.7.8]
	at org.postgresql.core.ConnectionFactory.openConnection(ConnectionFactory.java:57) ~[postgresql-42.7.8.jar:42.7.8]
	at org.postgresql.jdbc.PgConnection.<init>(PgConnection.java:279) ~[postgresql-42.7.8.jar:42.7.8]
	at org.postgresql.Driver.makeConnection(Driver.java:448) ~[postgresql-42.7.8.jar:42.7.8]
	at org.postgresql.Driver.connect(Driver.java:298) ~[postgresql-42.7.8.jar:42.7.8]
	at com.zaxxer.hikari.util.DriverDataSource.getConnection(DriverDataSource.java:144) ~[HikariCP-7.0.2.jar:na]
	at com.zaxxer.hikari.pool.PoolBase.newConnection(PoolBase.java:373) ~[HikariCP-7.0.2.jar:na]
	at com.zaxxer.hikari.pool.PoolBase.newPoolEntry(PoolBase.java:210) ~[HikariCP-7.0.2.jar:na]
	at com.zaxxer.hikari.pool.HikariPool.createPoolEntry(HikariPool.java:488) ~[HikariCP-7.0.2.jar:na]
	at com.zaxxer.hikari.pool.HikariPool$PoolEntryCreator.call(HikariPool.java:752) ~[HikariCP-7.0.2.jar:na]
	at com.zaxxer.hikari.pool.HikariPool$PoolEntryCreator.call(HikariPool.java:731) ~[HikariCP-7.0.2.jar:na]
	at java.base/java.util.concurrent.FutureTask.run(FutureTask.java:317) ~[na:na]
	at java.base/java.util.concurrent.ThreadPoolExecutor.runWorker(ThreadPoolExecutor.java:1144) ~[na:na]
	at java.base/java.util.concurrent.ThreadPoolExecutor$Worker.run(ThreadPoolExecutor.java:642) ~[na:na]
	at java.base/java.lang.Thread.run(Thread.java:1583) ~[na:na]
Caused by: java.net.UnknownHostException: dpg-d4i2omjuibrs73du8tbg-a.oregon-postgres.render.com
	at java.base/sun.nio.ch.NioSocketImpl.connect(NioSocketImpl.java:567) ~[na:na]
	at java.base/java.net.SocksSocketImpl.connect(SocksSocketImpl.java:327) ~[na:na]
	at java.base/java.net.Socket.connect(Socket.java:751) ~[na:na]
	at org.postgresql.core.PGStream.createSocket(PGStream.java:261) ~[postgresql-42.7.8.jar:42.7.8]
	at org.postgresql.core.PGStream.<init>(PGStream.java:122) ~[postgresql-42.7.8.jar:42.7.8]
	at org.postgresql.core.v3.ConnectionFactoryImpl.tryConnect(ConnectionFactoryImpl.java:146) ~[postgresql-42.7.8.jar:42.7.8]
	at org.postgresql.core.v3.ConnectionFactoryImpl.openConnectionImpl(ConnectionFactoryImpl.java:289) ~[postgresql-42.7.8.jar:42.7.8]
	... 14 common frames omitted

2025-12-06T01:44:14.998+02:00  WARN 18296 --- [HikariPool-POSTGRE:connection-adder] com.zaxxer.hikari.pool.PoolBase          : HikariPool-POSTGRE - Pool is empty, failed to create/setup connection (da0fb6ba-bae0-4cc0-a760-cfc4a2109121)

org.postgresql.util.PSQLException: The connection attempt failed.
	at org.postgresql.core.v3.ConnectionFactoryImpl.openConnectionImpl(ConnectionFactoryImpl.java:385) ~[postgresql-42.7.8.jar:42.7.8]
	at org.postgresql.core.ConnectionFactory.openConnection(ConnectionFactory.java:57) ~[postgresql-42.7.8.jar:42.7.8]
	at org.postgresql.jdbc.PgConnection.<init>(PgConnection.java:279) ~[postgresql-42.7.8.jar:42.7.8]
	at org.postgresql.Driver.makeConnection(Driver.java:448) ~[postgresql-42.7.8.jar:42.7.8]
	at org.postgresql.Driver.connect(Driver.java:298) ~[postgresql-42.7.8.jar:42.7.8]
	at com.zaxxer.hikari.util.DriverDataSource.getConnection(DriverDataSource.java:144) ~[HikariCP-7.0.2.jar:na]
	at com.zaxxer.hikari.pool.PoolBase.newConnection(PoolBase.java:373) ~[HikariCP-7.0.2.jar:na]
	at com.zaxxer.hikari.pool.PoolBase.newPoolEntry(PoolBase.java:210) ~[HikariCP-7.0.2.jar:na]
	at com.zaxxer.hikari.pool.HikariPool.createPoolEntry(HikariPool.java:488) ~[HikariCP-7.0.2.jar:na]
	at com.zaxxer.hikari.pool.HikariPool$PoolEntryCreator.call(HikariPool.java:752) ~[HikariCP-7.0.2.jar:na]
	at com.zaxxer.hikari.pool.HikariPool$PoolEntryCreator.call(HikariPool.java:731) ~[HikariCP-7.0.2.jar:na]
	at java.base/java.util.concurrent.FutureTask.run(FutureTask.java:317) ~[na:na]
	at java.base/java.util.concurrent.ThreadPoolExecutor.runWorker(ThreadPoolExecutor.java:1144) ~[na:na]
	at java.base/java.util.concurrent.ThreadPoolExecutor$Worker.run(ThreadPoolExecutor.java:642) ~[na:na]
	at java.base/java.lang.Thread.run(Thread.java:1583) ~[na:na]
Caused by: java.net.UnknownHostException: dpg-d4i2omjuibrs73du8tbg-a.oregon-postgres.render.com
	at java.base/sun.nio.ch.NioSocketImpl.connect(NioSocketImpl.java:567) ~[na:na]
	at java.base/java.net.SocksSocketImpl.connect(SocksSocketImpl.java:327) ~[na:na]
	at java.base/java.net.Socket.connect(Socket.java:751) ~[na:na]
	at org.postgresql.core.PGStream.createSocket(PGStream.java:261) ~[postgresql-42.7.8.jar:42.7.8]
	at org.postgresql.core.PGStream.<init>(PGStream.java:122) ~[postgresql-42.7.8.jar:42.7.8]
	at org.postgresql.core.v3.ConnectionFactoryImpl.tryConnect(ConnectionFactoryImpl.java:146) ~[postgresql-42.7.8.jar:42.7.8]
	at org.postgresql.core.v3.ConnectionFactoryImpl.openConnectionImpl(ConnectionFactoryImpl.java:289) ~[postgresql-42.7.8.jar:42.7.8]
	... 14 common frames omitted

2025-12-06T01:45:20.126+02:00  WARN 18296 --- [HikariPool-POSTGRE:connection-adder] com.zaxxer.hikari.pool.PoolBase          : HikariPool-POSTGRE - Pool is empty, failed to create/setup connection (a8b1e482-ec17-403e-88d5-c21ba31560f2)

org.postgresql.util.PSQLException: The connection attempt failed.
	at org.postgresql.core.v3.ConnectionFactoryImpl.openConnectionImpl(ConnectionFactoryImpl.java:385) ~[postgresql-42.7.8.jar:42.7.8]
	at org.postgresql.core.ConnectionFactory.openConnection(ConnectionFactory.java:57) ~[postgresql-42.7.8.jar:42.7.8]
	at org.postgresql.jdbc.PgConnection.<init>(PgConnection.java:279) ~[postgresql-42.7.8.jar:42.7.8]
	at org.postgresql.Driver.makeConnection(Driver.java:448) ~[postgresql-42.7.8.jar:42.7.8]
	at org.postgresql.Driver.connect(Driver.java:298) ~[postgresql-42.7.8.jar:42.7.8]
	at com.zaxxer.hikari.util.DriverDataSource.getConnection(DriverDataSource.java:144) ~[HikariCP-7.0.2.jar:na]
	at com.zaxxer.hikari.pool.PoolBase.newConnection(PoolBase.java:373) ~[HikariCP-7.0.2.jar:na]
	at com.zaxxer.hikari.pool.PoolBase.newPoolEntry(PoolBase.java:210) ~[HikariCP-7.0.2.jar:na]
	at com.zaxxer.hikari.pool.HikariPool.createPoolEntry(HikariPool.java:488) ~[HikariCP-7.0.2.jar:na]
	at com.zaxxer.hikari.pool.HikariPool$PoolEntryCreator.call(HikariPool.java:752) ~[HikariCP-7.0.2.jar:na]
	at com.zaxxer.hikari.pool.HikariPool$PoolEntryCreator.call(HikariPool.java:731) ~[HikariCP-7.0.2.jar:na]
	at java.base/java.util.concurrent.FutureTask.run(FutureTask.java:317) ~[na:na]
	at java.base/java.util.concurrent.ThreadPoolExecutor.runWorker(ThreadPoolExecutor.java:1144) ~[na:na]
	at java.base/java.util.concurrent.ThreadPoolExecutor$Worker.run(ThreadPoolExecutor.java:642) ~[na:na]
	at java.base/java.lang.Thread.run(Thread.java:1583) ~[na:na]
Caused by: java.net.UnknownHostException: dpg-d4i2omjuibrs73du8tbg-a.oregon-postgres.render.com
	at java.base/sun.nio.ch.NioSocketImpl.connect(NioSocketImpl.java:567) ~[na:na]
	at java.base/java.net.SocksSocketImpl.connect(SocksSocketImpl.java:327) ~[na:na]
	at java.base/java.net.Socket.connect(Socket.java:751) ~[na:na]
	at org.postgresql.core.PGStream.createSocket(PGStream.java:261) ~[postgresql-42.7.8.jar:42.7.8]
	at org.postgresql.core.PGStream.<init>(PGStream.java:122) ~[postgresql-42.7.8.jar:42.7.8]
	at org.postgresql.core.v3.ConnectionFactoryImpl.tryConnect(ConnectionFactoryImpl.java:146) ~[postgresql-42.7.8.jar:42.7.8]
	at org.postgresql.core.v3.ConnectionFactoryImpl.openConnectionImpl(ConnectionFactoryImpl.java:289) ~[postgresql-42.7.8.jar:42.7.8]
	... 14 common frames omitted

2025-12-06T01:46:25.273+02:00  WARN 18296 --- [HikariPool-POSTGRE:connection-adder] com.zaxxer.hikari.pool.PoolBase          : HikariPool-POSTGRE - Pool is empty, failed to create/setup connection (9440b67c-46ab-4f95-a7da-07437b6907e6)

org.postgresql.util.PSQLException: The connection attempt failed.
	at org.postgresql.core.v3.ConnectionFactoryImpl.openConnectionImpl(ConnectionFactoryImpl.java:385) ~[postgresql-42.7.8.jar:42.7.8]
	at org.postgresql.core.ConnectionFactory.openConnection(ConnectionFactory.java:57) ~[postgresql-42.7.8.jar:42.7.8]
	at org.postgresql.jdbc.PgConnection.<init>(PgConnection.java:279) ~[postgresql-42.7.8.jar:42.7.8]
	at org.postgresql.Driver.makeConnection(Driver.java:448) ~[postgresql-42.7.8.jar:42.7.8]
	at org.postgresql.Driver.connect(Driver.java:298) ~[postgresql-42.7.8.jar:42.7.8]
	at com.zaxxer.hikari.util.DriverDataSource.getConnection(DriverDataSource.java:144) ~[HikariCP-7.0.2.jar:na]
	at com.zaxxer.hikari.pool.PoolBase.newConnection(PoolBase.java:373) ~[HikariCP-7.0.2.jar:na]
	at com.zaxxer.hikari.pool.PoolBase.newPoolEntry(PoolBase.java:210) ~[HikariCP-7.0.2.jar:na]
	at com.zaxxer.hikari.pool.HikariPool.createPoolEntry(HikariPool.java:488) ~[HikariCP-7.0.2.jar:na]
	at com.zaxxer.hikari.pool.HikariPool$PoolEntryCreator.call(HikariPool.java:752) ~[HikariCP-7.0.2.jar:na]
	at com.zaxxer.hikari.pool.HikariPool$PoolEntryCreator.call(HikariPool.java:731) ~[HikariCP-7.0.2.jar:na]
	at java.base/java.util.concurrent.FutureTask.run(FutureTask.java:317) ~[na:na]
	at java.base/java.util.concurrent.ThreadPoolExecutor.runWorker(ThreadPoolExecutor.java:1144) ~[na:na]
	at java.base/java.util.concurrent.ThreadPoolExecutor$Worker.run(ThreadPoolExecutor.java:642) ~[na:na]
	at java.base/java.lang.Thread.run(Thread.java:1583) ~[na:na]
Caused by: java.net.UnknownHostException: dpg-d4i2omjuibrs73du8tbg-a.oregon-postgres.render.com
	at java.base/sun.nio.ch.NioSocketImpl.connect(NioSocketImpl.java:567) ~[na:na]
	at java.base/java.net.SocksSocketImpl.connect(SocksSocketImpl.java:327) ~[na:na]
	at java.base/java.net.Socket.connect(Socket.java:751) ~[na:na]
	at org.postgresql.core.PGStream.createSocket(PGStream.java:261) ~[postgresql-42.7.8.jar:42.7.8]
	at org.postgresql.core.PGStream.<init>(PGStream.java:122) ~[postgresql-42.7.8.jar:42.7.8]
	at org.postgresql.core.v3.ConnectionFactoryImpl.tryConnect(ConnectionFactoryImpl.java:146) ~[postgresql-42.7.8.jar:42.7.8]
	at org.postgresql.core.v3.ConnectionFactoryImpl.openConnectionImpl(ConnectionFactoryImpl.java:289) ~[postgresql-42.7.8.jar:42.7.8]
	... 14 common frames omitted

2025-12-06T01:47:30.430+02:00  WARN 18296 --- [HikariPool-POSTGRE:connection-adder] com.zaxxer.hikari.pool.PoolBase          : HikariPool-POSTGRE - Pool is empty, failed to create/setup connection (48a02ef9-a358-4db0-8ec9-ab6c228aad18)

org.postgresql.util.PSQLException: The connection attempt failed.
	at org.postgresql.core.v3.ConnectionFactoryImpl.openConnectionImpl(ConnectionFactoryImpl.java:385) ~[postgresql-42.7.8.jar:42.7.8]
	at org.postgresql.core.ConnectionFactory.openConnection(ConnectionFactory.java:57) ~[postgresql-42.7.8.jar:42.7.8]
	at org.postgresql.jdbc.PgConnection.<init>(PgConnection.java:279) ~[postgresql-42.7.8.jar:42.7.8]
	at org.postgresql.Driver.makeConnection(Driver.java:448) ~[postgresql-42.7.8.jar:42.7.8]
	at org.postgresql.Driver.connect(Driver.java:298) ~[postgresql-42.7.8.jar:42.7.8]
	at com.zaxxer.hikari.util.DriverDataSource.getConnection(DriverDataSource.java:144) ~[HikariCP-7.0.2.jar:na]
	at com.zaxxer.hikari.pool.PoolBase.newConnection(PoolBase.java:373) ~[HikariCP-7.0.2.jar:na]
	at com.zaxxer.hikari.pool.PoolBase.newPoolEntry(PoolBase.java:210) ~[HikariCP-7.0.2.jar:na]
	at com.zaxxer.hikari.pool.HikariPool.createPoolEntry(HikariPool.java:488) ~[HikariCP-7.0.2.jar:na]
	at com.zaxxer.hikari.pool.HikariPool$PoolEntryCreator.call(HikariPool.java:752) ~[HikariCP-7.0.2.jar:na]
	at com.zaxxer.hikari.pool.HikariPool$PoolEntryCreator.call(HikariPool.java:731) ~[HikariCP-7.0.2.jar:na]
	at java.base/java.util.concurrent.FutureTask.run(FutureTask.java:317) ~[na:na]
	at java.base/java.util.concurrent.ThreadPoolExecutor.runWorker(ThreadPoolExecutor.java:1144) ~[na:na]
	at java.base/java.util.concurrent.ThreadPoolExecutor$Worker.run(ThreadPoolExecutor.java:642) ~[na:na]
	at java.base/java.lang.Thread.run(Thread.java:1583) ~[na:na]
Caused by: java.net.UnknownHostException: dpg-d4i2omjuibrs73du8tbg-a.oregon-postgres.render.com
	at java.base/sun.nio.ch.NioSocketImpl.connect(NioSocketImpl.java:567) ~[na:na]
	at java.base/java.net.SocksSocketImpl.connect(SocksSocketImpl.java:327) ~[na:na]
	at java.base/java.net.Socket.connect(Socket.java:751) ~[na:na]
	at org.postgresql.core.PGStream.createSocket(PGStream.java:261) ~[postgresql-42.7.8.jar:42.7.8]
	at org.postgresql.core.PGStream.<init>(PGStream.java:122) ~[postgresql-42.7.8.jar:42.7.8]
	at org.postgresql.core.v3.ConnectionFactoryImpl.tryConnect(ConnectionFactoryImpl.java:146) ~[postgresql-42.7.8.jar:42.7.8]
	at org.postgresql.core.v3.ConnectionFactoryImpl.openConnectionImpl(ConnectionFactoryImpl.java:289) ~[postgresql-42.7.8.jar:42.7.8]
	... 14 common frames omitted

2025-12-06T01:48:35.565+02:00  WARN 18296 --- [HikariPool-POSTGRE:connection-adder] com.zaxxer.hikari.pool.PoolBase          : HikariPool-POSTGRE - Pool is empty, failed to create/setup connection (9add8c3f-c685-491d-9141-66988572b3fd)

org.postgresql.util.PSQLException: The connection attempt failed.
	at org.postgresql.core.v3.ConnectionFactoryImpl.openConnectionImpl(ConnectionFactoryImpl.java:385) ~[postgresql-42.7.8.jar:42.7.8]
	at org.postgresql.core.ConnectionFactory.openConnection(ConnectionFactory.java:57) ~[postgresql-42.7.8.jar:42.7.8]
	at org.postgresql.jdbc.PgConnection.<init>(PgConnection.java:279) ~[postgresql-42.7.8.jar:42.7.8]
	at org.postgresql.Driver.makeConnection(Driver.java:448) ~[postgresql-42.7.8.jar:42.7.8]
	at org.postgresql.Driver.connect(Driver.java:298) ~[postgresql-42.7.8.jar:42.7.8]
	at com.zaxxer.hikari.util.DriverDataSource.getConnection(DriverDataSource.java:144) ~[HikariCP-7.0.2.jar:na]
	at com.zaxxer.hikari.pool.PoolBase.newConnection(PoolBase.java:373) ~[HikariCP-7.0.2.jar:na]
	at com.zaxxer.hikari.pool.PoolBase.newPoolEntry(PoolBase.java:210) ~[HikariCP-7.0.2.jar:na]
	at com.zaxxer.hikari.pool.HikariPool.createPoolEntry(HikariPool.java:488) ~[HikariCP-7.0.2.jar:na]
	at com.zaxxer.hikari.pool.HikariPool$PoolEntryCreator.call(HikariPool.java:752) ~[HikariCP-7.0.2.jar:na]
	at com.zaxxer.hikari.pool.HikariPool$PoolEntryCreator.call(HikariPool.java:731) ~[HikariCP-7.0.2.jar:na]
	at java.base/java.util.concurrent.FutureTask.run(FutureTask.java:317) ~[na:na]
	at java.base/java.util.concurrent.ThreadPoolExecutor.runWorker(ThreadPoolExecutor.java:1144) ~[na:na]
	at java.base/java.util.concurrent.ThreadPoolExecutor$Worker.run(ThreadPoolExecutor.java:642) ~[na:na]
	at java.base/java.lang.Thread.run(Thread.java:1583) ~[na:na]
Caused by: java.net.UnknownHostException: dpg-d4i2omjuibrs73du8tbg-a.oregon-postgres.render.com
	at java.base/sun.nio.ch.NioSocketImpl.connect(NioSocketImpl.java:567) ~[na:na]
	at java.base/java.net.SocksSocketImpl.connect(SocksSocketImpl.java:327) ~[na:na]
	at java.base/java.net.Socket.connect(Socket.java:751) ~[na:na]
	at org.postgresql.core.PGStream.createSocket(PGStream.java:261) ~[postgresql-42.7.8.jar:42.7.8]
	at org.postgresql.core.PGStream.<init>(PGStream.java:122) ~[postgresql-42.7.8.jar:42.7.8]
	at org.postgresql.core.v3.ConnectionFactoryImpl.tryConnect(ConnectionFactoryImpl.java:146) ~[postgresql-42.7.8.jar:42.7.8]
	at org.postgresql.core.v3.ConnectionFactoryImpl.openConnectionImpl(ConnectionFactoryImpl.java:289) ~[postgresql-42.7.8.jar:42.7.8]
	... 14 common frames omitted

2025-12-06T01:49:40.759+02:00  WARN 18296 --- [HikariPool-POSTGRE:connection-adder] com.zaxxer.hikari.pool.PoolBase          : HikariPool-POSTGRE - Pool is empty, failed to create/setup connection (f44cabd0-b7f7-431e-ad82-127b916403f8)

org.postgresql.util.PSQLException: The connection attempt failed.
	at org.postgresql.core.v3.ConnectionFactoryImpl.openConnectionImpl(ConnectionFactoryImpl.java:385) ~[postgresql-42.7.8.jar:42.7.8]
	at org.postgresql.core.ConnectionFactory.openConnection(ConnectionFactory.java:57) ~[postgresql-42.7.8.jar:42.7.8]
	at org.postgresql.jdbc.PgConnection.<init>(PgConnection.java:279) ~[postgresql-42.7.8.jar:42.7.8]
	at org.postgresql.Driver.makeConnection(Driver.java:448) ~[postgresql-42.7.8.jar:42.7.8]
	at org.postgresql.Driver.connect(Driver.java:298) ~[postgresql-42.7.8.jar:42.7.8]
	at com.zaxxer.hikari.util.DriverDataSource.getConnection(DriverDataSource.java:144) ~[HikariCP-7.0.2.jar:na]
	at com.zaxxer.hikari.pool.PoolBase.newConnection(PoolBase.java:373) ~[HikariCP-7.0.2.jar:na]
	at com.zaxxer.hikari.pool.PoolBase.newPoolEntry(PoolBase.java:210) ~[HikariCP-7.0.2.jar:na]
	at com.zaxxer.hikari.pool.HikariPool.createPoolEntry(HikariPool.java:488) ~[HikariCP-7.0.2.jar:na]
	at com.zaxxer.hikari.pool.HikariPool$PoolEntryCreator.call(HikariPool.java:752) ~[HikariCP-7.0.2.jar:na]
	at com.zaxxer.hikari.pool.HikariPool$PoolEntryCreator.call(HikariPool.java:731) ~[HikariCP-7.0.2.jar:na]
	at java.base/java.util.concurrent.FutureTask.run(FutureTask.java:317) ~[na:na]
	at java.base/java.util.concurrent.ThreadPoolExecutor.runWorker(ThreadPoolExecutor.java:1144) ~[na:na]
	at java.base/java.util.concurrent.ThreadPoolExecutor$Worker.run(ThreadPoolExecutor.java:642) ~[na:na]
	at java.base/java.lang.Thread.run(Thread.java:1583) ~[na:na]
Caused by: java.net.UnknownHostException: dpg-d4i2omjuibrs73du8tbg-a.oregon-postgres.render.com
	at java.base/sun.nio.ch.NioSocketImpl.connect(NioSocketImpl.java:567) ~[na:na]
	at java.base/java.net.SocksSocketImpl.connect(SocksSocketImpl.java:327) ~[na:na]
	at java.base/java.net.Socket.connect(Socket.java:751) ~[na:na]
	at org.postgresql.core.PGStream.createSocket(PGStream.java:261) ~[postgresql-42.7.8.jar:42.7.8]
	at org.postgresql.core.PGStream.<init>(PGStream.java:122) ~[postgresql-42.7.8.jar:42.7.8]
	at org.postgresql.core.v3.ConnectionFactoryImpl.tryConnect(ConnectionFactoryImpl.java:146) ~[postgresql-42.7.8.jar:42.7.8]
	at org.postgresql.core.v3.ConnectionFactoryImpl.openConnectionImpl(ConnectionFactoryImpl.java:289) ~[postgresql-42.7.8.jar:42.7.8]
	... 14 common frames omitted

2025-12-06T01:50:45.897+02:00  WARN 18296 --- [HikariPool-POSTGRE:connection-adder] com.zaxxer.hikari.pool.PoolBase          : HikariPool-POSTGRE - Pool is empty, failed to create/setup connection (ab5fca95-b979-45c4-9f22-6a4ab9737dca)

org.postgresql.util.PSQLException: The connection attempt failed.
	at org.postgresql.core.v3.ConnectionFactoryImpl.openConnectionImpl(ConnectionFactoryImpl.java:385) ~[postgresql-42.7.8.jar:42.7.8]
	at org.postgresql.core.ConnectionFactory.openConnection(ConnectionFactory.java:57) ~[postgresql-42.7.8.jar:42.7.8]
	at org.postgresql.jdbc.PgConnection.<init>(PgConnection.java:279) ~[postgresql-42.7.8.jar:42.7.8]
	at org.postgresql.Driver.makeConnection(Driver.java:448) ~[postgresql-42.7.8.jar:42.7.8]
	at org.postgresql.Driver.connect(Driver.java:298) ~[postgresql-42.7.8.jar:42.7.8]
	at com.zaxxer.hikari.util.DriverDataSource.getConnection(DriverDataSource.java:144) ~[HikariCP-7.0.2.jar:na]
	at com.zaxxer.hikari.pool.PoolBase.newConnection(PoolBase.java:373) ~[HikariCP-7.0.2.jar:na]
	at com.zaxxer.hikari.pool.PoolBase.newPoolEntry(PoolBase.java:210) ~[HikariCP-7.0.2.jar:na]
	at com.zaxxer.hikari.pool.HikariPool.createPoolEntry(HikariPool.java:488) ~[HikariCP-7.0.2.jar:na]
	at com.zaxxer.hikari.pool.HikariPool$PoolEntryCreator.call(HikariPool.java:752) ~[HikariCP-7.0.2.jar:na]
	at com.zaxxer.hikari.pool.HikariPool$PoolEntryCreator.call(HikariPool.java:731) ~[HikariCP-7.0.2.jar:na]
	at java.base/java.util.concurrent.FutureTask.run(FutureTask.java:317) ~[na:na]
	at java.base/java.util.concurrent.ThreadPoolExecutor.runWorker(ThreadPoolExecutor.java:1144) ~[na:na]
	at java.base/java.util.concurrent.ThreadPoolExecutor$Worker.run(ThreadPoolExecutor.java:642) ~[na:na]
	at java.base/java.lang.Thread.run(Thread.java:1583) ~[na:na]
Caused by: java.net.UnknownHostException: dpg-d4i2omjuibrs73du8tbg-a.oregon-postgres.render.com
	at java.base/sun.nio.ch.NioSocketImpl.connect(NioSocketImpl.java:567) ~[na:na]
	at java.base/java.net.SocksSocketImpl.connect(SocksSocketImpl.java:327) ~[na:na]
	at java.base/java.net.Socket.connect(Socket.java:751) ~[na:na]
	at org.postgresql.core.PGStream.createSocket(PGStream.java:261) ~[postgresql-42.7.8.jar:42.7.8]
	at org.postgresql.core.PGStream.<init>(PGStream.java:122) ~[postgresql-42.7.8.jar:42.7.8]
	at org.postgresql.core.v3.ConnectionFactoryImpl.tryConnect(ConnectionFactoryImpl.java:146) ~[postgresql-42.7.8.jar:42.7.8]
	at org.postgresql.core.v3.ConnectionFactoryImpl.openConnectionImpl(ConnectionFactoryImpl.java:289) ~[postgresql-42.7.8.jar:42.7.8]
	... 14 common frames omitted

2025-12-06T01:51:51.062+02:00  WARN 18296 --- [HikariPool-POSTGRE:connection-adder] com.zaxxer.hikari.pool.PoolBase          : HikariPool-POSTGRE - Pool is empty, failed to create/setup connection (e7fac818-8163-4409-808d-adf076d315c9)

org.postgresql.util.PSQLException: The connection attempt failed.
	at org.postgresql.core.v3.ConnectionFactoryImpl.openConnectionImpl(ConnectionFactoryImpl.java:385) ~[postgresql-42.7.8.jar:42.7.8]
	at org.postgresql.core.ConnectionFactory.openConnection(ConnectionFactory.java:57) ~[postgresql-42.7.8.jar:42.7.8]
	at org.postgresql.jdbc.PgConnection.<init>(PgConnection.java:279) ~[postgresql-42.7.8.jar:42.7.8]
	at org.postgresql.Driver.makeConnection(Driver.java:448) ~[postgresql-42.7.8.jar:42.7.8]
	at org.postgresql.Driver.connect(Driver.java:298) ~[postgresql-42.7.8.jar:42.7.8]
	at com.zaxxer.hikari.util.DriverDataSource.getConnection(DriverDataSource.java:144) ~[HikariCP-7.0.2.jar:na]
	at com.zaxxer.hikari.pool.PoolBase.newConnection(PoolBase.java:373) ~[HikariCP-7.0.2.jar:na]
	at com.zaxxer.hikari.pool.PoolBase.newPoolEntry(PoolBase.java:210) ~[HikariCP-7.0.2.jar:na]
	at com.zaxxer.hikari.pool.HikariPool.createPoolEntry(HikariPool.java:488) ~[HikariCP-7.0.2.jar:na]
	at com.zaxxer.hikari.pool.HikariPool$PoolEntryCreator.call(HikariPool.java:752) ~[HikariCP-7.0.2.jar:na]
	at com.zaxxer.hikari.pool.HikariPool$PoolEntryCreator.call(HikariPool.java:731) ~[HikariCP-7.0.2.jar:na]
	at java.base/java.util.concurrent.FutureTask.run(FutureTask.java:317) ~[na:na]
	at java.base/java.util.concurrent.ThreadPoolExecutor.runWorker(ThreadPoolExecutor.java:1144) ~[na:na]
	at java.base/java.util.concurrent.ThreadPoolExecutor$Worker.run(ThreadPoolExecutor.java:642) ~[na:na]
	at java.base/java.lang.Thread.run(Thread.java:1583) ~[na:na]
Caused by: java.net.UnknownHostException: dpg-d4i2omjuibrs73du8tbg-a.oregon-postgres.render.com
	at java.base/sun.nio.ch.NioSocketImpl.connect(NioSocketImpl.java:567) ~[na:na]
	at java.base/java.net.SocksSocketImpl.connect(SocksSocketImpl.java:327) ~[na:na]
	at java.base/java.net.Socket.connect(Socket.java:751) ~[na:na]
	at org.postgresql.core.PGStream.createSocket(PGStream.java:261) ~[postgresql-42.7.8.jar:42.7.8]
	at org.postgresql.core.PGStream.<init>(PGStream.java:122) ~[postgresql-42.7.8.jar:42.7.8]
	at org.postgresql.core.v3.ConnectionFactoryImpl.tryConnect(ConnectionFactoryImpl.java:146) ~[postgresql-42.7.8.jar:42.7.8]
	at org.postgresql.core.v3.ConnectionFactoryImpl.openConnectionImpl(ConnectionFactoryImpl.java:289) ~[postgresql-42.7.8.jar:42.7.8]
	... 14 common frames omitted

2025-12-06T01:52:56.241+02:00  WARN 18296 --- [HikariPool-POSTGRE:connection-adder] com.zaxxer.hikari.pool.PoolBase          : HikariPool-POSTGRE - Pool is empty, failed to create/setup connection (a3075833-fb1f-454e-82e7-c50bd96a845d)

org.postgresql.util.PSQLException: The connection attempt failed.
	at org.postgresql.core.v3.ConnectionFactoryImpl.openConnectionImpl(ConnectionFactoryImpl.java:385) ~[postgresql-42.7.8.jar:42.7.8]
	at org.postgresql.core.ConnectionFactory.openConnection(ConnectionFactory.java:57) ~[postgresql-42.7.8.jar:42.7.8]
	at org.postgresql.jdbc.PgConnection.<init>(PgConnection.java:279) ~[postgresql-42.7.8.jar:42.7.8]
	at org.postgresql.Driver.makeConnection(Driver.java:448) ~[postgresql-42.7.8.jar:42.7.8]
	at org.postgresql.Driver.connect(Driver.java:298) ~[postgresql-42.7.8.jar:42.7.8]
	at com.zaxxer.hikari.util.DriverDataSource.getConnection(DriverDataSource.java:144) ~[HikariCP-7.0.2.jar:na]
	at com.zaxxer.hikari.pool.PoolBase.newConnection(PoolBase.java:373) ~[HikariCP-7.0.2.jar:na]
	at com.zaxxer.hikari.pool.PoolBase.newPoolEntry(PoolBase.java:210) ~[HikariCP-7.0.2.jar:na]
	at com.zaxxer.hikari.pool.HikariPool.createPoolEntry(HikariPool.java:488) ~[HikariCP-7.0.2.jar:na]
	at com.zaxxer.hikari.pool.HikariPool$PoolEntryCreator.call(HikariPool.java:752) ~[HikariCP-7.0.2.jar:na]
	at com.zaxxer.hikari.pool.HikariPool$PoolEntryCreator.call(HikariPool.java:731) ~[HikariCP-7.0.2.jar:na]
	at java.base/java.util.concurrent.FutureTask.run(FutureTask.java:317) ~[na:na]
	at java.base/java.util.concurrent.ThreadPoolExecutor.runWorker(ThreadPoolExecutor.java:1144) ~[na:na]
	at java.base/java.util.concurrent.ThreadPoolExecutor$Worker.run(ThreadPoolExecutor.java:642) ~[na:na]
	at java.base/java.lang.Thread.run(Thread.java:1583) ~[na:na]
Caused by: java.net.UnknownHostException: dpg-d4i2omjuibrs73du8tbg-a.oregon-postgres.render.com
	at java.base/sun.nio.ch.NioSocketImpl.connect(NioSocketImpl.java:567) ~[na:na]
	at java.base/java.net.SocksSocketImpl.connect(SocksSocketImpl.java:327) ~[na:na]
	at java.base/java.net.Socket.connect(Socket.java:751) ~[na:na]
	at org.postgresql.core.PGStream.createSocket(PGStream.java:261) ~[postgresql-42.7.8.jar:42.7.8]
	at org.postgresql.core.PGStream.<init>(PGStream.java:122) ~[postgresql-42.7.8.jar:42.7.8]
	at org.postgresql.core.v3.ConnectionFactoryImpl.tryConnect(ConnectionFactoryImpl.java:146) ~[postgresql-42.7.8.jar:42.7.8]
	at org.postgresql.core.v3.ConnectionFactoryImpl.openConnectionImpl(ConnectionFactoryImpl.java:289) ~[postgresql-42.7.8.jar:42.7.8]
	... 14 common frames omitted

2025-12-06T01:54:01.391+02:00  WARN 18296 --- [HikariPool-POSTGRE:connection-adder] com.zaxxer.hikari.pool.PoolBase          : HikariPool-POSTGRE - Pool is empty, failed to create/setup connection (1dd6aebe-e7ea-40b5-9d95-de3066e22f88)

org.postgresql.util.PSQLException: The connection attempt failed.
	at org.postgresql.core.v3.ConnectionFactoryImpl.openConnectionImpl(ConnectionFactoryImpl.java:385) ~[postgresql-42.7.8.jar:42.7.8]
	at org.postgresql.core.ConnectionFactory.openConnection(ConnectionFactory.java:57) ~[postgresql-42.7.8.jar:42.7.8]
	at org.postgresql.jdbc.PgConnection.<init>(PgConnection.java:279) ~[postgresql-42.7.8.jar:42.7.8]
	at org.postgresql.Driver.makeConnection(Driver.java:448) ~[postgresql-42.7.8.jar:42.7.8]
	at org.postgresql.Driver.connect(Driver.java:298) ~[postgresql-42.7.8.jar:42.7.8]
	at com.zaxxer.hikari.util.DriverDataSource.getConnection(DriverDataSource.java:144) ~[HikariCP-7.0.2.jar:na]
	at com.zaxxer.hikari.pool.PoolBase.newConnection(PoolBase.java:373) ~[HikariCP-7.0.2.jar:na]
	at com.zaxxer.hikari.pool.PoolBase.newPoolEntry(PoolBase.java:210) ~[HikariCP-7.0.2.jar:na]
	at com.zaxxer.hikari.pool.HikariPool.createPoolEntry(HikariPool.java:488) ~[HikariCP-7.0.2.jar:na]
	at com.zaxxer.hikari.pool.HikariPool$PoolEntryCreator.call(HikariPool.java:752) ~[HikariCP-7.0.2.jar:na]
	at com.zaxxer.hikari.pool.HikariPool$PoolEntryCreator.call(HikariPool.java:731) ~[HikariCP-7.0.2.jar:na]
	at java.base/java.util.concurrent.FutureTask.run(FutureTask.java:317) ~[na:na]
	at java.base/java.util.concurrent.ThreadPoolExecutor.runWorker(ThreadPoolExecutor.java:1144) ~[na:na]
	at java.base/java.util.concurrent.ThreadPoolExecutor$Worker.run(ThreadPoolExecutor.java:642) ~[na:na]
	at java.base/java.lang.Thread.run(Thread.java:1583) ~[na:na]
Caused by: java.net.UnknownHostException: dpg-d4i2omjuibrs73du8tbg-a.oregon-postgres.render.com
	at java.base/sun.nio.ch.NioSocketImpl.connect(NioSocketImpl.java:567) ~[na:na]
	at java.base/java.net.SocksSocketImpl.connect(SocksSocketImpl.java:327) ~[na:na]
	at java.base/java.net.Socket.connect(Socket.java:751) ~[na:na]
	at org.postgresql.core.PGStream.createSocket(PGStream.java:261) ~[postgresql-42.7.8.jar:42.7.8]
	at org.postgresql.core.PGStream.<init>(PGStream.java:122) ~[postgresql-42.7.8.jar:42.7.8]
	at org.postgresql.core.v3.ConnectionFactoryImpl.tryConnect(ConnectionFactoryImpl.java:146) ~[postgresql-42.7.8.jar:42.7.8]
	at org.postgresql.core.v3.ConnectionFactoryImpl.openConnectionImpl(ConnectionFactoryImpl.java:289) ~[postgresql-42.7.8.jar:42.7.8]
	... 14 common frames omitted

2025-12-06T01:55:06.489+02:00  WARN 18296 --- [HikariPool-POSTGRE:connection-adder] com.zaxxer.hikari.pool.PoolBase          : HikariPool-POSTGRE - Pool is empty, failed to create/setup connection (7c1c028b-b13b-4ca6-850c-f972e06b4b58)

org.postgresql.util.PSQLException: The connection attempt failed.
	at org.postgresql.core.v3.ConnectionFactoryImpl.openConnectionImpl(ConnectionFactoryImpl.java:385) ~[postgresql-42.7.8.jar:42.7.8]
	at org.postgresql.core.ConnectionFactory.openConnection(ConnectionFactory.java:57) ~[postgresql-42.7.8.jar:42.7.8]
	at org.postgresql.jdbc.PgConnection.<init>(PgConnection.java:279) ~[postgresql-42.7.8.jar:42.7.8]
	at org.postgresql.Driver.makeConnection(Driver.java:448) ~[postgresql-42.7.8.jar:42.7.8]
	at org.postgresql.Driver.connect(Driver.java:298) ~[postgresql-42.7.8.jar:42.7.8]
	at com.zaxxer.hikari.util.DriverDataSource.getConnection(DriverDataSource.java:144) ~[HikariCP-7.0.2.jar:na]
	at com.zaxxer.hikari.pool.PoolBase.newConnection(PoolBase.java:373) ~[HikariCP-7.0.2.jar:na]
	at com.zaxxer.hikari.pool.PoolBase.newPoolEntry(PoolBase.java:210) ~[HikariCP-7.0.2.jar:na]
	at com.zaxxer.hikari.pool.HikariPool.createPoolEntry(HikariPool.java:488) ~[HikariCP-7.0.2.jar:na]
	at com.zaxxer.hikari.pool.HikariPool$PoolEntryCreator.call(HikariPool.java:752) ~[HikariCP-7.0.2.jar:na]
	at com.zaxxer.hikari.pool.HikariPool$PoolEntryCreator.call(HikariPool.java:731) ~[HikariCP-7.0.2.jar:na]
	at java.base/java.util.concurrent.FutureTask.run(FutureTask.java:317) ~[na:na]
	at java.base/java.util.concurrent.ThreadPoolExecutor.runWorker(ThreadPoolExecutor.java:1144) ~[na:na]
	at java.base/java.util.concurrent.ThreadPoolExecutor$Worker.run(ThreadPoolExecutor.java:642) ~[na:na]
	at java.base/java.lang.Thread.run(Thread.java:1583) ~[na:na]
Caused by: java.net.UnknownHostException: dpg-d4i2omjuibrs73du8tbg-a.oregon-postgres.render.com
	at java.base/sun.nio.ch.NioSocketImpl.connect(NioSocketImpl.java:567) ~[na:na]
	at java.base/java.net.SocksSocketImpl.connect(SocksSocketImpl.java:327) ~[na:na]
	at java.base/java.net.Socket.connect(Socket.java:751) ~[na:na]
	at org.postgresql.core.PGStream.createSocket(PGStream.java:261) ~[postgresql-42.7.8.jar:42.7.8]
	at org.postgresql.core.PGStream.<init>(PGStream.java:122) ~[postgresql-42.7.8.jar:42.7.8]
	at org.postgresql.core.v3.ConnectionFactoryImpl.tryConnect(ConnectionFactoryImpl.java:146) ~[postgresql-42.7.8.jar:42.7.8]
	at org.postgresql.core.v3.ConnectionFactoryImpl.openConnectionImpl(ConnectionFactoryImpl.java:289) ~[postgresql-42.7.8.jar:42.7.8]
	... 14 common frames omitted

2025-12-06T01:56:11.696+02:00  WARN 18296 --- [HikariPool-POSTGRE:connection-adder] com.zaxxer.hikari.pool.PoolBase          : HikariPool-POSTGRE - Pool is empty, failed to create/setup connection (2ad729bc-09da-40fb-890b-03cbae662e2d)

org.postgresql.util.PSQLException: The connection attempt failed.
	at org.postgresql.core.v3.ConnectionFactoryImpl.openConnectionImpl(ConnectionFactoryImpl.java:385) ~[postgresql-42.7.8.jar:42.7.8]
	at org.postgresql.core.ConnectionFactory.openConnection(ConnectionFactory.java:57) ~[postgresql-42.7.8.jar:42.7.8]
	at org.postgresql.jdbc.PgConnection.<init>(PgConnection.java:279) ~[postgresql-42.7.8.jar:42.7.8]
	at org.postgresql.Driver.makeConnection(Driver.java:448) ~[postgresql-42.7.8.jar:42.7.8]
	at org.postgresql.Driver.connect(Driver.java:298) ~[postgresql-42.7.8.jar:42.7.8]
	at com.zaxxer.hikari.util.DriverDataSource.getConnection(DriverDataSource.java:144) ~[HikariCP-7.0.2.jar:na]
	at com.zaxxer.hikari.pool.PoolBase.newConnection(PoolBase.java:373) ~[HikariCP-7.0.2.jar:na]
	at com.zaxxer.hikari.pool.PoolBase.newPoolEntry(PoolBase.java:210) ~[HikariCP-7.0.2.jar:na]
	at com.zaxxer.hikari.pool.HikariPool.createPoolEntry(HikariPool.java:488) ~[HikariCP-7.0.2.jar:na]
	at com.zaxxer.hikari.pool.HikariPool$PoolEntryCreator.call(HikariPool.java:752) ~[HikariCP-7.0.2.jar:na]
	at com.zaxxer.hikari.pool.HikariPool$PoolEntryCreator.call(HikariPool.java:731) ~[HikariCP-7.0.2.jar:na]
	at java.base/java.util.concurrent.FutureTask.run(FutureTask.java:317) ~[na:na]
	at java.base/java.util.concurrent.ThreadPoolExecutor.runWorker(ThreadPoolExecutor.java:1144) ~[na:na]
	at java.base/java.util.concurrent.ThreadPoolExecutor$Worker.run(ThreadPoolExecutor.java:642) ~[na:na]
	at java.base/java.lang.Thread.run(Thread.java:1583) ~[na:na]
Caused by: java.net.UnknownHostException: dpg-d4i2omjuibrs73du8tbg-a.oregon-postgres.render.com
	at java.base/sun.nio.ch.NioSocketImpl.connect(NioSocketImpl.java:567) ~[na:na]
	at java.base/java.net.SocksSocketImpl.connect(SocksSocketImpl.java:327) ~[na:na]
	at java.base/java.net.Socket.connect(Socket.java:751) ~[na:na]
	at org.postgresql.core.PGStream.createSocket(PGStream.java:261) ~[postgresql-42.7.8.jar:42.7.8]
	at org.postgresql.core.PGStream.<init>(PGStream.java:122) ~[postgresql-42.7.8.jar:42.7.8]
	at org.postgresql.core.v3.ConnectionFactoryImpl.tryConnect(ConnectionFactoryImpl.java:146) ~[postgresql-42.7.8.jar:42.7.8]
	at org.postgresql.core.v3.ConnectionFactoryImpl.openConnectionImpl(ConnectionFactoryImpl.java:289) ~[postgresql-42.7.8.jar:42.7.8]
	... 14 common frames omitted

2025-12-06T01:57:16.842+02:00  WARN 18296 --- [HikariPool-POSTGRE:connection-adder] com.zaxxer.hikari.pool.PoolBase          : HikariPool-POSTGRE - Pool is empty, failed to create/setup connection (38b424c7-53cd-4cd6-a84c-441474c3cfdc)

org.postgresql.util.PSQLException: The connection attempt failed.
	at org.postgresql.core.v3.ConnectionFactoryImpl.openConnectionImpl(ConnectionFactoryImpl.java:385) ~[postgresql-42.7.8.jar:42.7.8]
	at org.postgresql.core.ConnectionFactory.openConnection(ConnectionFactory.java:57) ~[postgresql-42.7.8.jar:42.7.8]
	at org.postgresql.jdbc.PgConnection.<init>(PgConnection.java:279) ~[postgresql-42.7.8.jar:42.7.8]
	at org.postgresql.Driver.makeConnection(Driver.java:448) ~[postgresql-42.7.8.jar:42.7.8]
	at org.postgresql.Driver.connect(Driver.java:298) ~[postgresql-42.7.8.jar:42.7.8]
	at com.zaxxer.hikari.util.DriverDataSource.getConnection(DriverDataSource.java:144) ~[HikariCP-7.0.2.jar:na]
	at com.zaxxer.hikari.pool.PoolBase.newConnection(PoolBase.java:373) ~[HikariCP-7.0.2.jar:na]
	at com.zaxxer.hikari.pool.PoolBase.newPoolEntry(PoolBase.java:210) ~[HikariCP-7.0.2.jar:na]
	at com.zaxxer.hikari.pool.HikariPool.createPoolEntry(HikariPool.java:488) ~[HikariCP-7.0.2.jar:na]
	at com.zaxxer.hikari.pool.HikariPool$PoolEntryCreator.call(HikariPool.java:752) ~[HikariCP-7.0.2.jar:na]
	at com.zaxxer.hikari.pool.HikariPool$PoolEntryCreator.call(HikariPool.java:731) ~[HikariCP-7.0.2.jar:na]
	at java.base/java.util.concurrent.FutureTask.run(FutureTask.java:317) ~[na:na]
	at java.base/java.util.concurrent.ThreadPoolExecutor.runWorker(ThreadPoolExecutor.java:1144) ~[na:na]
	at java.base/java.util.concurrent.ThreadPoolExecutor$Worker.run(ThreadPoolExecutor.java:642) ~[na:na]
	at java.base/java.lang.Thread.run(Thread.java:1583) ~[na:na]
Caused by: java.net.UnknownHostException: dpg-d4i2omjuibrs73du8tbg-a.oregon-postgres.render.com
	at java.base/sun.nio.ch.NioSocketImpl.connect(NioSocketImpl.java:567) ~[na:na]
	at java.base/java.net.SocksSocketImpl.connect(SocksSocketImpl.java:327) ~[na:na]
	at java.base/java.net.Socket.connect(Socket.java:751) ~[na:na]
	at org.postgresql.core.PGStream.createSocket(PGStream.java:261) ~[postgresql-42.7.8.jar:42.7.8]
	at org.postgresql.core.PGStream.<init>(PGStream.java:122) ~[postgresql-42.7.8.jar:42.7.8]
	at org.postgresql.core.v3.ConnectionFactoryImpl.tryConnect(ConnectionFactoryImpl.java:146) ~[postgresql-42.7.8.jar:42.7.8]
	at org.postgresql.core.v3.ConnectionFactoryImpl.openConnectionImpl(ConnectionFactoryImpl.java:289) ~[postgresql-42.7.8.jar:42.7.8]
	... 14 common frames omitted

2025-12-06T01:58:22.015+02:00  WARN 18296 --- [HikariPool-POSTGRE:connection-adder] com.zaxxer.hikari.pool.PoolBase          : HikariPool-POSTGRE - Pool is empty, failed to create/setup connection (6f198e1c-88b3-4d85-a35d-a747ffc2d043)

org.postgresql.util.PSQLException: The connection attempt failed.
	at org.postgresql.core.v3.ConnectionFactoryImpl.openConnectionImpl(ConnectionFactoryImpl.java:385) ~[postgresql-42.7.8.jar:42.7.8]
	at org.postgresql.core.ConnectionFactory.openConnection(ConnectionFactory.java:57) ~[postgresql-42.7.8.jar:42.7.8]
	at org.postgresql.jdbc.PgConnection.<init>(PgConnection.java:279) ~[postgresql-42.7.8.jar:42.7.8]
	at org.postgresql.Driver.makeConnection(Driver.java:448) ~[postgresql-42.7.8.jar:42.7.8]
	at org.postgresql.Driver.connect(Driver.java:298) ~[postgresql-42.7.8.jar:42.7.8]
	at com.zaxxer.hikari.util.DriverDataSource.getConnection(DriverDataSource.java:144) ~[HikariCP-7.0.2.jar:na]
	at com.zaxxer.hikari.pool.PoolBase.newConnection(PoolBase.java:373) ~[HikariCP-7.0.2.jar:na]
	at com.zaxxer.hikari.pool.PoolBase.newPoolEntry(PoolBase.java:210) ~[HikariCP-7.0.2.jar:na]
	at com.zaxxer.hikari.pool.HikariPool.createPoolEntry(HikariPool.java:488) ~[HikariCP-7.0.2.jar:na]
	at com.zaxxer.hikari.pool.HikariPool$PoolEntryCreator.call(HikariPool.java:752) ~[HikariCP-7.0.2.jar:na]
	at com.zaxxer.hikari.pool.HikariPool$PoolEntryCreator.call(HikariPool.java:731) ~[HikariCP-7.0.2.jar:na]
	at java.base/java.util.concurrent.FutureTask.run(FutureTask.java:317) ~[na:na]
	at java.base/java.util.concurrent.ThreadPoolExecutor.runWorker(ThreadPoolExecutor.java:1144) ~[na:na]
	at java.base/java.util.concurrent.ThreadPoolExecutor$Worker.run(ThreadPoolExecutor.java:642) ~[na:na]
	at java.base/java.lang.Thread.run(Thread.java:1583) ~[na:na]
Caused by: java.net.UnknownHostException: dpg-d4i2omjuibrs73du8tbg-a.oregon-postgres.render.com
	at java.base/sun.nio.ch.NioSocketImpl.connect(NioSocketImpl.java:567) ~[na:na]
	at java.base/java.net.SocksSocketImpl.connect(SocksSocketImpl.java:327) ~[na:na]
	at java.base/java.net.Socket.connect(Socket.java:751) ~[na:na]
	at org.postgresql.core.PGStream.createSocket(PGStream.java:261) ~[postgresql-42.7.8.jar:42.7.8]
	at org.postgresql.core.PGStream.<init>(PGStream.java:122) ~[postgresql-42.7.8.jar:42.7.8]
	at org.postgresql.core.v3.ConnectionFactoryImpl.tryConnect(ConnectionFactoryImpl.java:146) ~[postgresql-42.7.8.jar:42.7.8]
	at org.postgresql.core.v3.ConnectionFactoryImpl.openConnectionImpl(ConnectionFactoryImpl.java:289) ~[postgresql-42.7.8.jar:42.7.8]
	... 14 common frames omitted

2025-12-06T01:59:27.213+02:00  WARN 18296 --- [HikariPool-POSTGRE:connection-adder] com.zaxxer.hikari.pool.PoolBase          : HikariPool-POSTGRE - Pool is empty, failed to create/setup connection (1ebe127b-e857-4cf2-b116-a3ac058eb376)

org.postgresql.util.PSQLException: The connection attempt failed.
	at org.postgresql.core.v3.ConnectionFactoryImpl.openConnectionImpl(ConnectionFactoryImpl.java:385) ~[postgresql-42.7.8.jar:42.7.8]
	at org.postgresql.core.ConnectionFactory.openConnection(ConnectionFactory.java:57) ~[postgresql-42.7.8.jar:42.7.8]
	at org.postgresql.jdbc.PgConnection.<init>(PgConnection.java:279) ~[postgresql-42.7.8.jar:42.7.8]
	at org.postgresql.Driver.makeConnection(Driver.java:448) ~[postgresql-42.7.8.jar:42.7.8]
	at org.postgresql.Driver.connect(Driver.java:298) ~[postgresql-42.7.8.jar:42.7.8]
	at com.zaxxer.hikari.util.DriverDataSource.getConnection(DriverDataSource.java:144) ~[HikariCP-7.0.2.jar:na]
	at com.zaxxer.hikari.pool.PoolBase.newConnection(PoolBase.java:373) ~[HikariCP-7.0.2.jar:na]
	at com.zaxxer.hikari.pool.PoolBase.newPoolEntry(PoolBase.java:210) ~[HikariCP-7.0.2.jar:na]
	at com.zaxxer.hikari.pool.HikariPool.createPoolEntry(HikariPool.java:488) ~[HikariCP-7.0.2.jar:na]
	at com.zaxxer.hikari.pool.HikariPool$PoolEntryCreator.call(HikariPool.java:752) ~[HikariCP-7.0.2.jar:na]
	at com.zaxxer.hikari.pool.HikariPool$PoolEntryCreator.call(HikariPool.java:731) ~[HikariCP-7.0.2.jar:na]
	at java.base/java.util.concurrent.FutureTask.run(FutureTask.java:317) ~[na:na]
	at java.base/java.util.concurrent.ThreadPoolExecutor.runWorker(ThreadPoolExecutor.java:1144) ~[na:na]
	at java.base/java.util.concurrent.ThreadPoolExecutor$Worker.run(ThreadPoolExecutor.java:642) ~[na:na]
	at java.base/java.lang.Thread.run(Thread.java:1583) ~[na:na]
Caused by: java.net.UnknownHostException: dpg-d4i2omjuibrs73du8tbg-a.oregon-postgres.render.com
	at java.base/sun.nio.ch.NioSocketImpl.connect(NioSocketImpl.java:567) ~[na:na]
	at java.base/java.net.SocksSocketImpl.connect(SocksSocketImpl.java:327) ~[na:na]
	at java.base/java.net.Socket.connect(Socket.java:751) ~[na:na]
	at org.postgresql.core.PGStream.createSocket(PGStream.java:261) ~[postgresql-42.7.8.jar:42.7.8]
	at org.postgresql.core.PGStream.<init>(PGStream.java:122) ~[postgresql-42.7.8.jar:42.7.8]
	at org.postgresql.core.v3.ConnectionFactoryImpl.tryConnect(ConnectionFactoryImpl.java:146) ~[postgresql-42.7.8.jar:42.7.8]
	at org.postgresql.core.v3.ConnectionFactoryImpl.openConnectionImpl(ConnectionFactoryImpl.java:289) ~[postgresql-42.7.8.jar:42.7.8]
	... 14 common frames omitted

2025-12-06T02:00:32.365+02:00  WARN 18296 --- [HikariPool-POSTGRE:connection-adder] com.zaxxer.hikari.pool.PoolBase          : HikariPool-POSTGRE - Pool is empty, failed to create/setup connection (ade3d6aa-5d7a-41f1-a6c7-e520ce519562)

org.postgresql.util.PSQLException: The connection attempt failed.
	at org.postgresql.core.v3.ConnectionFactoryImpl.openConnectionImpl(ConnectionFactoryImpl.java:385) ~[postgresql-42.7.8.jar:42.7.8]
	at org.postgresql.core.ConnectionFactory.openConnection(ConnectionFactory.java:57) ~[postgresql-42.7.8.jar:42.7.8]
	at org.postgresql.jdbc.PgConnection.<init>(PgConnection.java:279) ~[postgresql-42.7.8.jar:42.7.8]
	at org.postgresql.Driver.makeConnection(Driver.java:448) ~[postgresql-42.7.8.jar:42.7.8]
	at org.postgresql.Driver.connect(Driver.java:298) ~[postgresql-42.7.8.jar:42.7.8]
	at com.zaxxer.hikari.util.DriverDataSource.getConnection(DriverDataSource.java:144) ~[HikariCP-7.0.2.jar:na]
	at com.zaxxer.hikari.pool.PoolBase.newConnection(PoolBase.java:373) ~[HikariCP-7.0.2.jar:na]
	at com.zaxxer.hikari.pool.PoolBase.newPoolEntry(PoolBase.java:210) ~[HikariCP-7.0.2.jar:na]
	at com.zaxxer.hikari.pool.HikariPool.createPoolEntry(HikariPool.java:488) ~[HikariCP-7.0.2.jar:na]
	at com.zaxxer.hikari.pool.HikariPool$PoolEntryCreator.call(HikariPool.java:752) ~[HikariCP-7.0.2.jar:na]
	at com.zaxxer.hikari.pool.HikariPool$PoolEntryCreator.call(HikariPool.java:731) ~[HikariCP-7.0.2.jar:na]
	at java.base/java.util.concurrent.FutureTask.run(FutureTask.java:317) ~[na:na]
	at java.base/java.util.concurrent.ThreadPoolExecutor.runWorker(ThreadPoolExecutor.java:1144) ~[na:na]
	at java.base/java.util.concurrent.ThreadPoolExecutor$Worker.run(ThreadPoolExecutor.java:642) ~[na:na]
	at java.base/java.lang.Thread.run(Thread.java:1583) ~[na:na]
Caused by: java.net.UnknownHostException: dpg-d4i2omjuibrs73du8tbg-a.oregon-postgres.render.com
	at java.base/sun.nio.ch.NioSocketImpl.connect(NioSocketImpl.java:567) ~[na:na]
	at java.base/java.net.SocksSocketImpl.connect(SocksSocketImpl.java:327) ~[na:na]
	at java.base/java.net.Socket.connect(Socket.java:751) ~[na:na]
	at org.postgresql.core.PGStream.createSocket(PGStream.java:261) ~[postgresql-42.7.8.jar:42.7.8]
	at org.postgresql.core.PGStream.<init>(PGStream.java:122) ~[postgresql-42.7.8.jar:42.7.8]
	at org.postgresql.core.v3.ConnectionFactoryImpl.tryConnect(ConnectionFactoryImpl.java:146) ~[postgresql-42.7.8.jar:42.7.8]
	at org.postgresql.core.v3.ConnectionFactoryImpl.openConnectionImpl(ConnectionFactoryImpl.java:289) ~[postgresql-42.7.8.jar:42.7.8]
	... 14 common frames omitted

2025-12-06T02:01:37.499+02:00  WARN 18296 --- [HikariPool-POSTGRE:connection-adder] com.zaxxer.hikari.pool.PoolBase          : HikariPool-POSTGRE - Pool is empty, failed to create/setup connection (3b907f82-024f-409e-9046-4be9a9c7af84)

org.postgresql.util.PSQLException: The connection attempt failed.
	at org.postgresql.core.v3.ConnectionFactoryImpl.openConnectionImpl(ConnectionFactoryImpl.java:385) ~[postgresql-42.7.8.jar:42.7.8]
	at org.postgresql.core.ConnectionFactory.openConnection(ConnectionFactory.java:57) ~[postgresql-42.7.8.jar:42.7.8]
	at org.postgresql.jdbc.PgConnection.<init>(PgConnection.java:279) ~[postgresql-42.7.8.jar:42.7.8]
	at org.postgresql.Driver.makeConnection(Driver.java:448) ~[postgresql-42.7.8.jar:42.7.8]
	at org.postgresql.Driver.connect(Driver.java:298) ~[postgresql-42.7.8.jar:42.7.8]
	at com.zaxxer.hikari.util.DriverDataSource.getConnection(DriverDataSource.java:144) ~[HikariCP-7.0.2.jar:na]
	at com.zaxxer.hikari.pool.PoolBase.newConnection(PoolBase.java:373) ~[HikariCP-7.0.2.jar:na]
	at com.zaxxer.hikari.pool.PoolBase.newPoolEntry(PoolBase.java:210) ~[HikariCP-7.0.2.jar:na]
	at com.zaxxer.hikari.pool.HikariPool.createPoolEntry(HikariPool.java:488) ~[HikariCP-7.0.2.jar:na]
	at com.zaxxer.hikari.pool.HikariPool$PoolEntryCreator.call(HikariPool.java:752) ~[HikariCP-7.0.2.jar:na]
	at com.zaxxer.hikari.pool.HikariPool$PoolEntryCreator.call(HikariPool.java:731) ~[HikariCP-7.0.2.jar:na]
	at java.base/java.util.concurrent.FutureTask.run(FutureTask.java:317) ~[na:na]
	at java.base/java.util.concurrent.ThreadPoolExecutor.runWorker(ThreadPoolExecutor.java:1144) ~[na:na]
	at java.base/java.util.concurrent.ThreadPoolExecutor$Worker.run(ThreadPoolExecutor.java:642) ~[na:na]
	at java.base/java.lang.Thread.run(Thread.java:1583) ~[na:na]
Caused by: java.net.UnknownHostException: dpg-d4i2omjuibrs73du8tbg-a.oregon-postgres.render.com
	at java.base/sun.nio.ch.NioSocketImpl.connect(NioSocketImpl.java:567) ~[na:na]
	at java.base/java.net.SocksSocketImpl.connect(SocksSocketImpl.java:327) ~[na:na]
	at java.base/java.net.Socket.connect(Socket.java:751) ~[na:na]
	at org.postgresql.core.PGStream.createSocket(PGStream.java:261) ~[postgresql-42.7.8.jar:42.7.8]
	at org.postgresql.core.PGStream.<init>(PGStream.java:122) ~[postgresql-42.7.8.jar:42.7.8]
	at org.postgresql.core.v3.ConnectionFactoryImpl.tryConnect(ConnectionFactoryImpl.java:146) ~[postgresql-42.7.8.jar:42.7.8]
	at org.postgresql.core.v3.ConnectionFactoryImpl.openConnectionImpl(ConnectionFactoryImpl.java:289) ~[postgresql-42.7.8.jar:42.7.8]
	... 14 common frames omitted

2025-12-06T02:02:42.670+02:00  WARN 18296 --- [HikariPool-POSTGRE:connection-adder] com.zaxxer.hikari.pool.PoolBase          : HikariPool-POSTGRE - Pool is empty, failed to create/setup connection (33870d4f-c0d3-45c4-a881-c99c33b9dfaf)

org.postgresql.util.PSQLException: The connection attempt failed.
	at org.postgresql.core.v3.ConnectionFactoryImpl.openConnectionImpl(ConnectionFactoryImpl.java:385) ~[postgresql-42.7.8.jar:42.7.8]
	at org.postgresql.core.ConnectionFactory.openConnection(ConnectionFactory.java:57) ~[postgresql-42.7.8.jar:42.7.8]
	at org.postgresql.jdbc.PgConnection.<init>(PgConnection.java:279) ~[postgresql-42.7.8.jar:42.7.8]
	at org.postgresql.Driver.makeConnection(Driver.java:448) ~[postgresql-42.7.8.jar:42.7.8]
	at org.postgresql.Driver.connect(Driver.java:298) ~[postgresql-42.7.8.jar:42.7.8]
	at com.zaxxer.hikari.util.DriverDataSource.getConnection(DriverDataSource.java:144) ~[HikariCP-7.0.2.jar:na]
	at com.zaxxer.hikari.pool.PoolBase.newConnection(PoolBase.java:373) ~[HikariCP-7.0.2.jar:na]
	at com.zaxxer.hikari.pool.PoolBase.newPoolEntry(PoolBase.java:210) ~[HikariCP-7.0.2.jar:na]
	at com.zaxxer.hikari.pool.HikariPool.createPoolEntry(HikariPool.java:488) ~[HikariCP-7.0.2.jar:na]
	at com.zaxxer.hikari.pool.HikariPool$PoolEntryCreator.call(HikariPool.java:752) ~[HikariCP-7.0.2.jar:na]
	at com.zaxxer.hikari.pool.HikariPool$PoolEntryCreator.call(HikariPool.java:731) ~[HikariCP-7.0.2.jar:na]
	at java.base/java.util.concurrent.FutureTask.run(FutureTask.java:317) ~[na:na]
	at java.base/java.util.concurrent.ThreadPoolExecutor.runWorker(ThreadPoolExecutor.java:1144) ~[na:na]
	at java.base/java.util.concurrent.ThreadPoolExecutor$Worker.run(ThreadPoolExecutor.java:642) ~[na:na]
	at java.base/java.lang.Thread.run(Thread.java:1583) ~[na:na]
Caused by: java.net.UnknownHostException: dpg-d4i2omjuibrs73du8tbg-a.oregon-postgres.render.com
	at java.base/sun.nio.ch.NioSocketImpl.connect(NioSocketImpl.java:567) ~[na:na]
	at java.base/java.net.SocksSocketImpl.connect(SocksSocketImpl.java:327) ~[na:na]
	at java.base/java.net.Socket.connect(Socket.java:751) ~[na:na]
	at org.postgresql.core.PGStream.createSocket(PGStream.java:261) ~[postgresql-42.7.8.jar:42.7.8]
	at org.postgresql.core.PGStream.<init>(PGStream.java:122) ~[postgresql-42.7.8.jar:42.7.8]
	at org.postgresql.core.v3.ConnectionFactoryImpl.tryConnect(ConnectionFactoryImpl.java:146) ~[postgresql-42.7.8.jar:42.7.8]
	at org.postgresql.core.v3.ConnectionFactoryImpl.openConnectionImpl(ConnectionFactoryImpl.java:289) ~[postgresql-42.7.8.jar:42.7.8]
	... 14 common frames omitted

2025-12-06T02:03:47.797+02:00  WARN 18296 --- [HikariPool-POSTGRE:connection-adder] com.zaxxer.hikari.pool.PoolBase          : HikariPool-POSTGRE - Pool is empty, failed to create/setup connection (e64fe981-a605-4e28-a994-9c8fc2e3416f)

org.postgresql.util.PSQLException: The connection attempt failed.
	at org.postgresql.core.v3.ConnectionFactoryImpl.openConnectionImpl(ConnectionFactoryImpl.java:385) ~[postgresql-42.7.8.jar:42.7.8]
	at org.postgresql.core.ConnectionFactory.openConnection(ConnectionFactory.java:57) ~[postgresql-42.7.8.jar:42.7.8]
	at org.postgresql.jdbc.PgConnection.<init>(PgConnection.java:279) ~[postgresql-42.7.8.jar:42.7.8]
	at org.postgresql.Driver.makeConnection(Driver.java:448) ~[postgresql-42.7.8.jar:42.7.8]
	at org.postgresql.Driver.connect(Driver.java:298) ~[postgresql-42.7.8.jar:42.7.8]
	at com.zaxxer.hikari.util.DriverDataSource.getConnection(DriverDataSource.java:144) ~[HikariCP-7.0.2.jar:na]
	at com.zaxxer.hikari.pool.PoolBase.newConnection(PoolBase.java:373) ~[HikariCP-7.0.2.jar:na]
	at com.zaxxer.hikari.pool.PoolBase.newPoolEntry(PoolBase.java:210) ~[HikariCP-7.0.2.jar:na]
	at com.zaxxer.hikari.pool.HikariPool.createPoolEntry(HikariPool.java:488) ~[HikariCP-7.0.2.jar:na]
	at com.zaxxer.hikari.pool.HikariPool$PoolEntryCreator.call(HikariPool.java:752) ~[HikariCP-7.0.2.jar:na]
	at com.zaxxer.hikari.pool.HikariPool$PoolEntryCreator.call(HikariPool.java:731) ~[HikariCP-7.0.2.jar:na]
	at java.base/java.util.concurrent.FutureTask.run(FutureTask.java:317) ~[na:na]
	at java.base/java.util.concurrent.ThreadPoolExecutor.runWorker(ThreadPoolExecutor.java:1144) ~[na:na]
	at java.base/java.util.concurrent.ThreadPoolExecutor$Worker.run(ThreadPoolExecutor.java:642) ~[na:na]
	at java.base/java.lang.Thread.run(Thread.java:1583) ~[na:na]
Caused by: java.net.UnknownHostException: dpg-d4i2omjuibrs73du8tbg-a.oregon-postgres.render.com
	at java.base/sun.nio.ch.NioSocketImpl.connect(NioSocketImpl.java:567) ~[na:na]
	at java.base/java.net.SocksSocketImpl.connect(SocksSocketImpl.java:327) ~[na:na]
	at java.base/java.net.Socket.connect(Socket.java:751) ~[na:na]
	at org.postgresql.core.PGStream.createSocket(PGStream.java:261) ~[postgresql-42.7.8.jar:42.7.8]
	at org.postgresql.core.PGStream.<init>(PGStream.java:122) ~[postgresql-42.7.8.jar:42.7.8]
	at org.postgresql.core.v3.ConnectionFactoryImpl.tryConnect(ConnectionFactoryImpl.java:146) ~[postgresql-42.7.8.jar:42.7.8]
	at org.postgresql.core.v3.ConnectionFactoryImpl.openConnectionImpl(ConnectionFactoryImpl.java:289) ~[postgresql-42.7.8.jar:42.7.8]
	... 14 common frames omitted

2025-12-06T02:04:52.952+02:00  WARN 18296 --- [HikariPool-POSTGRE:connection-adder] com.zaxxer.hikari.pool.PoolBase          : HikariPool-POSTGRE - Pool is empty, failed to create/setup connection (08e3d6eb-4172-4e53-a7b3-ad6f56f7b2a6)

org.postgresql.util.PSQLException: The connection attempt failed.
	at org.postgresql.core.v3.ConnectionFactoryImpl.openConnectionImpl(ConnectionFactoryImpl.java:385) ~[postgresql-42.7.8.jar:42.7.8]
	at org.postgresql.core.ConnectionFactory.openConnection(ConnectionFactory.java:57) ~[postgresql-42.7.8.jar:42.7.8]
	at org.postgresql.jdbc.PgConnection.<init>(PgConnection.java:279) ~[postgresql-42.7.8.jar:42.7.8]
	at org.postgresql.Driver.makeConnection(Driver.java:448) ~[postgresql-42.7.8.jar:42.7.8]
	at org.postgresql.Driver.connect(Driver.java:298) ~[postgresql-42.7.8.jar:42.7.8]
	at com.zaxxer.hikari.util.DriverDataSource.getConnection(DriverDataSource.java:144) ~[HikariCP-7.0.2.jar:na]
	at com.zaxxer.hikari.pool.PoolBase.newConnection(PoolBase.java:373) ~[HikariCP-7.0.2.jar:na]
	at com.zaxxer.hikari.pool.PoolBase.newPoolEntry(PoolBase.java:210) ~[HikariCP-7.0.2.jar:na]
	at com.zaxxer.hikari.pool.HikariPool.createPoolEntry(HikariPool.java:488) ~[HikariCP-7.0.2.jar:na]
	at com.zaxxer.hikari.pool.HikariPool$PoolEntryCreator.call(HikariPool.java:752) ~[HikariCP-7.0.2.jar:na]
	at com.zaxxer.hikari.pool.HikariPool$PoolEntryCreator.call(HikariPool.java:731) ~[HikariCP-7.0.2.jar:na]
	at java.base/java.util.concurrent.FutureTask.run(FutureTask.java:317) ~[na:na]
	at java.base/java.util.concurrent.ThreadPoolExecutor.runWorker(ThreadPoolExecutor.java:1144) ~[na:na]
	at java.base/java.util.concurrent.ThreadPoolExecutor$Worker.run(ThreadPoolExecutor.java:642) ~[na:na]
	at java.base/java.lang.Thread.run(Thread.java:1583) ~[na:na]
Caused by: java.net.UnknownHostException: dpg-d4i2omjuibrs73du8tbg-a.oregon-postgres.render.com
	at java.base/sun.nio.ch.NioSocketImpl.connect(NioSocketImpl.java:567) ~[na:na]
	at java.base/java.net.SocksSocketImpl.connect(SocksSocketImpl.java:327) ~[na:na]
	at java.base/java.net.Socket.connect(Socket.java:751) ~[na:na]
	at org.postgresql.core.PGStream.createSocket(PGStream.java:261) ~[postgresql-42.7.8.jar:42.7.8]
	at org.postgresql.core.PGStream.<init>(PGStream.java:122) ~[postgresql-42.7.8.jar:42.7.8]
	at org.postgresql.core.v3.ConnectionFactoryImpl.tryConnect(ConnectionFactoryImpl.java:146) ~[postgresql-42.7.8.jar:42.7.8]
	at org.postgresql.core.v3.ConnectionFactoryImpl.openConnectionImpl(ConnectionFactoryImpl.java:289) ~[postgresql-42.7.8.jar:42.7.8]
	... 14 common frames omitted

2025-12-06T02:05:58.091+02:00  WARN 18296 --- [HikariPool-POSTGRE:connection-adder] com.zaxxer.hikari.pool.PoolBase          : HikariPool-POSTGRE - Pool is empty, failed to create/setup connection (4086a0a4-b0f9-4060-875f-f801c5bfe075)

org.postgresql.util.PSQLException: The connection attempt failed.
	at org.postgresql.core.v3.ConnectionFactoryImpl.openConnectionImpl(ConnectionFactoryImpl.java:385) ~[postgresql-42.7.8.jar:42.7.8]
	at org.postgresql.core.ConnectionFactory.openConnection(ConnectionFactory.java:57) ~[postgresql-42.7.8.jar:42.7.8]
	at org.postgresql.jdbc.PgConnection.<init>(PgConnection.java:279) ~[postgresql-42.7.8.jar:42.7.8]
	at org.postgresql.Driver.makeConnection(Driver.java:448) ~[postgresql-42.7.8.jar:42.7.8]
	at org.postgresql.Driver.connect(Driver.java:298) ~[postgresql-42.7.8.jar:42.7.8]
	at com.zaxxer.hikari.util.DriverDataSource.getConnection(DriverDataSource.java:144) ~[HikariCP-7.0.2.jar:na]
	at com.zaxxer.hikari.pool.PoolBase.newConnection(PoolBase.java:373) ~[HikariCP-7.0.2.jar:na]
	at com.zaxxer.hikari.pool.PoolBase.newPoolEntry(PoolBase.java:210) ~[HikariCP-7.0.2.jar:na]
	at com.zaxxer.hikari.pool.HikariPool.createPoolEntry(HikariPool.java:488) ~[HikariCP-7.0.2.jar:na]
	at com.zaxxer.hikari.pool.HikariPool$PoolEntryCreator.call(HikariPool.java:752) ~[HikariCP-7.0.2.jar:na]
	at com.zaxxer.hikari.pool.HikariPool$PoolEntryCreator.call(HikariPool.java:731) ~[HikariCP-7.0.2.jar:na]
	at java.base/java.util.concurrent.FutureTask.run(FutureTask.java:317) ~[na:na]
	at java.base/java.util.concurrent.ThreadPoolExecutor.runWorker(ThreadPoolExecutor.java:1144) ~[na:na]
	at java.base/java.util.concurrent.ThreadPoolExecutor$Worker.run(ThreadPoolExecutor.java:642) ~[na:na]
	at java.base/java.lang.Thread.run(Thread.java:1583) ~[na:na]
Caused by: java.net.UnknownHostException: dpg-d4i2omjuibrs73du8tbg-a.oregon-postgres.render.com
	at java.base/sun.nio.ch.NioSocketImpl.connect(NioSocketImpl.java:567) ~[na:na]
	at java.base/java.net.SocksSocketImpl.connect(SocksSocketImpl.java:327) ~[na:na]
	at java.base/java.net.Socket.connect(Socket.java:751) ~[na:na]
	at org.postgresql.core.PGStream.createSocket(PGStream.java:261) ~[postgresql-42.7.8.jar:42.7.8]
	at org.postgresql.core.PGStream.<init>(PGStream.java:122) ~[postgresql-42.7.8.jar:42.7.8]
	at org.postgresql.core.v3.ConnectionFactoryImpl.tryConnect(ConnectionFactoryImpl.java:146) ~[postgresql-42.7.8.jar:42.7.8]
	at org.postgresql.core.v3.ConnectionFactoryImpl.openConnectionImpl(ConnectionFactoryImpl.java:289) ~[postgresql-42.7.8.jar:42.7.8]
	... 14 common frames omitted

2025-12-06T02:07:03.180+02:00  WARN 18296 --- [HikariPool-POSTGRE:connection-adder] com.zaxxer.hikari.pool.PoolBase          : HikariPool-POSTGRE - Pool is empty, failed to create/setup connection (dd51986c-6339-490e-a174-8ac43ba8b123)

org.postgresql.util.PSQLException: The connection attempt failed.
	at org.postgresql.core.v3.ConnectionFactoryImpl.openConnectionImpl(ConnectionFactoryImpl.java:385) ~[postgresql-42.7.8.jar:42.7.8]
	at org.postgresql.core.ConnectionFactory.openConnection(ConnectionFactory.java:57) ~[postgresql-42.7.8.jar:42.7.8]
	at org.postgresql.jdbc.PgConnection.<init>(PgConnection.java:279) ~[postgresql-42.7.8.jar:42.7.8]
	at org.postgresql.Driver.makeConnection(Driver.java:448) ~[postgresql-42.7.8.jar:42.7.8]
	at org.postgresql.Driver.connect(Driver.java:298) ~[postgresql-42.7.8.jar:42.7.8]
	at com.zaxxer.hikari.util.DriverDataSource.getConnection(DriverDataSource.java:144) ~[HikariCP-7.0.2.jar:na]
	at com.zaxxer.hikari.pool.PoolBase.newConnection(PoolBase.java:373) ~[HikariCP-7.0.2.jar:na]
	at com.zaxxer.hikari.pool.PoolBase.newPoolEntry(PoolBase.java:210) ~[HikariCP-7.0.2.jar:na]
	at com.zaxxer.hikari.pool.HikariPool.createPoolEntry(HikariPool.java:488) ~[HikariCP-7.0.2.jar:na]
	at com.zaxxer.hikari.pool.HikariPool$PoolEntryCreator.call(HikariPool.java:752) ~[HikariCP-7.0.2.jar:na]
	at com.zaxxer.hikari.pool.HikariPool$PoolEntryCreator.call(HikariPool.java:731) ~[HikariCP-7.0.2.jar:na]
	at java.base/java.util.concurrent.FutureTask.run(FutureTask.java:317) ~[na:na]
	at java.base/java.util.concurrent.ThreadPoolExecutor.runWorker(ThreadPoolExecutor.java:1144) ~[na:na]
	at java.base/java.util.concurrent.ThreadPoolExecutor$Worker.run(ThreadPoolExecutor.java:642) ~[na:na]
	at java.base/java.lang.Thread.run(Thread.java:1583) ~[na:na]
Caused by: java.net.UnknownHostException: dpg-d4i2omjuibrs73du8tbg-a.oregon-postgres.render.com
	at java.base/sun.nio.ch.NioSocketImpl.connect(NioSocketImpl.java:567) ~[na:na]
	at java.base/java.net.SocksSocketImpl.connect(SocksSocketImpl.java:327) ~[na:na]
	at java.base/java.net.Socket.connect(Socket.java:751) ~[na:na]
	at org.postgresql.core.PGStream.createSocket(PGStream.java:261) ~[postgresql-42.7.8.jar:42.7.8]
	at org.postgresql.core.PGStream.<init>(PGStream.java:122) ~[postgresql-42.7.8.jar:42.7.8]
	at org.postgresql.core.v3.ConnectionFactoryImpl.tryConnect(ConnectionFactoryImpl.java:146) ~[postgresql-42.7.8.jar:42.7.8]
	at org.postgresql.core.v3.ConnectionFactoryImpl.openConnectionImpl(ConnectionFactoryImpl.java:289) ~[postgresql-42.7.8.jar:42.7.8]
	... 14 common frames omitted

2025-12-06T02:08:08.333+02:00  WARN 18296 --- [HikariPool-POSTGRE:connection-adder] com.zaxxer.hikari.pool.PoolBase          : HikariPool-POSTGRE - Pool is empty, failed to create/setup connection (9219b792-fb92-4be4-921b-c8581a5bc635)

org.postgresql.util.PSQLException: The connection attempt failed.
	at org.postgresql.core.v3.ConnectionFactoryImpl.openConnectionImpl(ConnectionFactoryImpl.java:385) ~[postgresql-42.7.8.jar:42.7.8]
	at org.postgresql.core.ConnectionFactory.openConnection(ConnectionFactory.java:57) ~[postgresql-42.7.8.jar:42.7.8]
	at org.postgresql.jdbc.PgConnection.<init>(PgConnection.java:279) ~[postgresql-42.7.8.jar:42.7.8]
	at org.postgresql.Driver.makeConnection(Driver.java:448) ~[postgresql-42.7.8.jar:42.7.8]
	at org.postgresql.Driver.connect(Driver.java:298) ~[postgresql-42.7.8.jar:42.7.8]
	at com.zaxxer.hikari.util.DriverDataSource.getConnection(DriverDataSource.java:144) ~[HikariCP-7.0.2.jar:na]
	at com.zaxxer.hikari.pool.PoolBase.newConnection(PoolBase.java:373) ~[HikariCP-7.0.2.jar:na]
	at com.zaxxer.hikari.pool.PoolBase.newPoolEntry(PoolBase.java:210) ~[HikariCP-7.0.2.jar:na]
	at com.zaxxer.hikari.pool.HikariPool.createPoolEntry(HikariPool.java:488) ~[HikariCP-7.0.2.jar:na]
	at com.zaxxer.hikari.pool.HikariPool$PoolEntryCreator.call(HikariPool.java:752) ~[HikariCP-7.0.2.jar:na]
	at com.zaxxer.hikari.pool.HikariPool$PoolEntryCreator.call(HikariPool.java:731) ~[HikariCP-7.0.2.jar:na]
	at java.base/java.util.concurrent.FutureTask.run(FutureTask.java:317) ~[na:na]
	at java.base/java.util.concurrent.ThreadPoolExecutor.runWorker(ThreadPoolExecutor.java:1144) ~[na:na]
	at java.base/java.util.concurrent.ThreadPoolExecutor$Worker.run(ThreadPoolExecutor.java:642) ~[na:na]
	at java.base/java.lang.Thread.run(Thread.java:1583) ~[na:na]
Caused by: java.net.UnknownHostException: dpg-d4i2omjuibrs73du8tbg-a.oregon-postgres.render.com
	at java.base/sun.nio.ch.NioSocketImpl.connect(NioSocketImpl.java:567) ~[na:na]
	at java.base/java.net.SocksSocketImpl.connect(SocksSocketImpl.java:327) ~[na:na]
	at java.base/java.net.Socket.connect(Socket.java:751) ~[na:na]
	at org.postgresql.core.PGStream.createSocket(PGStream.java:261) ~[postgresql-42.7.8.jar:42.7.8]
	at org.postgresql.core.PGStream.<init>(PGStream.java:122) ~[postgresql-42.7.8.jar:42.7.8]
	at org.postgresql.core.v3.ConnectionFactoryImpl.tryConnect(ConnectionFactoryImpl.java:146) ~[postgresql-42.7.8.jar:42.7.8]
	at org.postgresql.core.v3.ConnectionFactoryImpl.openConnectionImpl(ConnectionFactoryImpl.java:289) ~[postgresql-42.7.8.jar:42.7.8]
	... 14 common frames omitted

2025-12-06T02:09:13.604+02:00  WARN 18296 --- [HikariPool-POSTGRE:connection-adder] com.zaxxer.hikari.pool.PoolBase          : HikariPool-POSTGRE - Pool is empty, failed to create/setup connection (0e5fdb2d-edf0-4cb2-b5fb-6966c4c925f9)

org.postgresql.util.PSQLException: The connection attempt failed.
	at org.postgresql.core.v3.ConnectionFactoryImpl.openConnectionImpl(ConnectionFactoryImpl.java:385) ~[postgresql-42.7.8.jar:42.7.8]
	at org.postgresql.core.ConnectionFactory.openConnection(ConnectionFactory.java:57) ~[postgresql-42.7.8.jar:42.7.8]
	at org.postgresql.jdbc.PgConnection.<init>(PgConnection.java:279) ~[postgresql-42.7.8.jar:42.7.8]
	at org.postgresql.Driver.makeConnection(Driver.java:448) ~[postgresql-42.7.8.jar:42.7.8]
	at org.postgresql.Driver.connect(Driver.java:298) ~[postgresql-42.7.8.jar:42.7.8]
	at com.zaxxer.hikari.util.DriverDataSource.getConnection(DriverDataSource.java:144) ~[HikariCP-7.0.2.jar:na]
	at com.zaxxer.hikari.pool.PoolBase.newConnection(PoolBase.java:373) ~[HikariCP-7.0.2.jar:na]
	at com.zaxxer.hikari.pool.PoolBase.newPoolEntry(PoolBase.java:210) ~[HikariCP-7.0.2.jar:na]
	at com.zaxxer.hikari.pool.HikariPool.createPoolEntry(HikariPool.java:488) ~[HikariCP-7.0.2.jar:na]
	at com.zaxxer.hikari.pool.HikariPool$PoolEntryCreator.call(HikariPool.java:752) ~[HikariCP-7.0.2.jar:na]
	at com.zaxxer.hikari.pool.HikariPool$PoolEntryCreator.call(HikariPool.java:731) ~[HikariCP-7.0.2.jar:na]
	at java.base/java.util.concurrent.FutureTask.run(FutureTask.java:317) ~[na:na]
	at java.base/java.util.concurrent.ThreadPoolExecutor.runWorker(ThreadPoolExecutor.java:1144) ~[na:na]
	at java.base/java.util.concurrent.ThreadPoolExecutor$Worker.run(ThreadPoolExecutor.java:642) ~[na:na]
	at java.base/java.lang.Thread.run(Thread.java:1583) ~[na:na]
Caused by: java.net.UnknownHostException: dpg-d4i2omjuibrs73du8tbg-a.oregon-postgres.render.com
	at java.base/sun.nio.ch.NioSocketImpl.connect(NioSocketImpl.java:567) ~[na:na]
	at java.base/java.net.SocksSocketImpl.connect(SocksSocketImpl.java:327) ~[na:na]
	at java.base/java.net.Socket.connect(Socket.java:751) ~[na:na]
	at org.postgresql.core.PGStream.createSocket(PGStream.java:261) ~[postgresql-42.7.8.jar:42.7.8]
	at org.postgresql.core.PGStream.<init>(PGStream.java:122) ~[postgresql-42.7.8.jar:42.7.8]
	at org.postgresql.core.v3.ConnectionFactoryImpl.tryConnect(ConnectionFactoryImpl.java:146) ~[postgresql-42.7.8.jar:42.7.8]
	at org.postgresql.core.v3.ConnectionFactoryImpl.openConnectionImpl(ConnectionFactoryImpl.java:289) ~[postgresql-42.7.8.jar:42.7.8]
	... 14 common frames omitted

2025-12-06T02:10:18.756+02:00  WARN 18296 --- [HikariPool-POSTGRE:connection-adder] com.zaxxer.hikari.pool.PoolBase          : HikariPool-POSTGRE - Pool is empty, failed to create/setup connection (53f0fc60-ed9d-4652-8207-d5b0fb3b6454)

org.postgresql.util.PSQLException: The connection attempt failed.
	at org.postgresql.core.v3.ConnectionFactoryImpl.openConnectionImpl(ConnectionFactoryImpl.java:385) ~[postgresql-42.7.8.jar:42.7.8]
	at org.postgresql.core.ConnectionFactory.openConnection(ConnectionFactory.java:57) ~[postgresql-42.7.8.jar:42.7.8]
	at org.postgresql.jdbc.PgConnection.<init>(PgConnection.java:279) ~[postgresql-42.7.8.jar:42.7.8]
	at org.postgresql.Driver.makeConnection(Driver.java:448) ~[postgresql-42.7.8.jar:42.7.8]
	at org.postgresql.Driver.connect(Driver.java:298) ~[postgresql-42.7.8.jar:42.7.8]
	at com.zaxxer.hikari.util.DriverDataSource.getConnection(DriverDataSource.java:144) ~[HikariCP-7.0.2.jar:na]
	at com.zaxxer.hikari.pool.PoolBase.newConnection(PoolBase.java:373) ~[HikariCP-7.0.2.jar:na]
	at com.zaxxer.hikari.pool.PoolBase.newPoolEntry(PoolBase.java:210) ~[HikariCP-7.0.2.jar:na]
	at com.zaxxer.hikari.pool.HikariPool.createPoolEntry(HikariPool.java:488) ~[HikariCP-7.0.2.jar:na]
	at com.zaxxer.hikari.pool.HikariPool$PoolEntryCreator.call(HikariPool.java:752) ~[HikariCP-7.0.2.jar:na]
	at com.zaxxer.hikari.pool.HikariPool$PoolEntryCreator.call(HikariPool.java:731) ~[HikariCP-7.0.2.jar:na]
	at java.base/java.util.concurrent.FutureTask.run(FutureTask.java:317) ~[na:na]
	at java.base/java.util.concurrent.ThreadPoolExecutor.runWorker(ThreadPoolExecutor.java:1144) ~[na:na]
	at java.base/java.util.concurrent.ThreadPoolExecutor$Worker.run(ThreadPoolExecutor.java:642) ~[na:na]
	at java.base/java.lang.Thread.run(Thread.java:1583) ~[na:na]
Caused by: java.net.UnknownHostException: dpg-d4i2omjuibrs73du8tbg-a.oregon-postgres.render.com
	at java.base/sun.nio.ch.NioSocketImpl.connect(NioSocketImpl.java:567) ~[na:na]
	at java.base/java.net.SocksSocketImpl.connect(SocksSocketImpl.java:327) ~[na:na]
	at java.base/java.net.Socket.connect(Socket.java:751) ~[na:na]
	at org.postgresql.core.PGStream.createSocket(PGStream.java:261) ~[postgresql-42.7.8.jar:42.7.8]
	at org.postgresql.core.PGStream.<init>(PGStream.java:122) ~[postgresql-42.7.8.jar:42.7.8]
	at org.postgresql.core.v3.ConnectionFactoryImpl.tryConnect(ConnectionFactoryImpl.java:146) ~[postgresql-42.7.8.jar:42.7.8]
	at org.postgresql.core.v3.ConnectionFactoryImpl.openConnectionImpl(ConnectionFactoryImpl.java:289) ~[postgresql-42.7.8.jar:42.7.8]
	... 14 common frames omitted

2025-12-06T02:11:23.927+02:00  WARN 18296 --- [HikariPool-POSTGRE:connection-adder] com.zaxxer.hikari.pool.PoolBase          : HikariPool-POSTGRE - Pool is empty, failed to create/setup connection (47f2af64-a03e-460a-8746-e7b728e93eda)

org.postgresql.util.PSQLException: The connection attempt failed.
	at org.postgresql.core.v3.ConnectionFactoryImpl.openConnectionImpl(ConnectionFactoryImpl.java:385) ~[postgresql-42.7.8.jar:42.7.8]
	at org.postgresql.core.ConnectionFactory.openConnection(ConnectionFactory.java:57) ~[postgresql-42.7.8.jar:42.7.8]
	at org.postgresql.jdbc.PgConnection.<init>(PgConnection.java:279) ~[postgresql-42.7.8.jar:42.7.8]
	at org.postgresql.Driver.makeConnection(Driver.java:448) ~[postgresql-42.7.8.jar:42.7.8]
	at org.postgresql.Driver.connect(Driver.java:298) ~[postgresql-42.7.8.jar:42.7.8]
	at com.zaxxer.hikari.util.DriverDataSource.getConnection(DriverDataSource.java:144) ~[HikariCP-7.0.2.jar:na]
	at com.zaxxer.hikari.pool.PoolBase.newConnection(PoolBase.java:373) ~[HikariCP-7.0.2.jar:na]
	at com.zaxxer.hikari.pool.PoolBase.newPoolEntry(PoolBase.java:210) ~[HikariCP-7.0.2.jar:na]
	at com.zaxxer.hikari.pool.HikariPool.createPoolEntry(HikariPool.java:488) ~[HikariCP-7.0.2.jar:na]
	at com.zaxxer.hikari.pool.HikariPool$PoolEntryCreator.call(HikariPool.java:752) ~[HikariCP-7.0.2.jar:na]
	at com.zaxxer.hikari.pool.HikariPool$PoolEntryCreator.call(HikariPool.java:731) ~[HikariCP-7.0.2.jar:na]
	at java.base/java.util.concurrent.FutureTask.run(FutureTask.java:317) ~[na:na]
	at java.base/java.util.concurrent.ThreadPoolExecutor.runWorker(ThreadPoolExecutor.java:1144) ~[na:na]
	at java.base/java.util.concurrent.ThreadPoolExecutor$Worker.run(ThreadPoolExecutor.java:642) ~[na:na]
	at java.base/java.lang.Thread.run(Thread.java:1583) ~[na:na]
Caused by: java.net.UnknownHostException: dpg-d4i2omjuibrs73du8tbg-a.oregon-postgres.render.com
	at java.base/sun.nio.ch.NioSocketImpl.connect(NioSocketImpl.java:567) ~[na:na]
	at java.base/java.net.SocksSocketImpl.connect(SocksSocketImpl.java:327) ~[na:na]
	at java.base/java.net.Socket.connect(Socket.java:751) ~[na:na]
	at org.postgresql.core.PGStream.createSocket(PGStream.java:261) ~[postgresql-42.7.8.jar:42.7.8]
	at org.postgresql.core.PGStream.<init>(PGStream.java:122) ~[postgresql-42.7.8.jar:42.7.8]
	at org.postgresql.core.v3.ConnectionFactoryImpl.tryConnect(ConnectionFactoryImpl.java:146) ~[postgresql-42.7.8.jar:42.7.8]
	at org.postgresql.core.v3.ConnectionFactoryImpl.openConnectionImpl(ConnectionFactoryImpl.java:289) ~[postgresql-42.7.8.jar:42.7.8]
	... 14 common frames omitted

2025-12-06T02:12:29.065+02:00  WARN 18296 --- [HikariPool-POSTGRE:connection-adder] com.zaxxer.hikari.pool.PoolBase          : HikariPool-POSTGRE - Pool is empty, failed to create/setup connection (dae1c7ee-720f-4aee-8f34-c0a5370e3a57)

org.postgresql.util.PSQLException: The connection attempt failed.
	at org.postgresql.core.v3.ConnectionFactoryImpl.openConnectionImpl(ConnectionFactoryImpl.java:385) ~[postgresql-42.7.8.jar:42.7.8]
	at org.postgresql.core.ConnectionFactory.openConnection(ConnectionFactory.java:57) ~[postgresql-42.7.8.jar:42.7.8]
	at org.postgresql.jdbc.PgConnection.<init>(PgConnection.java:279) ~[postgresql-42.7.8.jar:42.7.8]
	at org.postgresql.Driver.makeConnection(Driver.java:448) ~[postgresql-42.7.8.jar:42.7.8]
	at org.postgresql.Driver.connect(Driver.java:298) ~[postgresql-42.7.8.jar:42.7.8]
	at com.zaxxer.hikari.util.DriverDataSource.getConnection(DriverDataSource.java:144) ~[HikariCP-7.0.2.jar:na]
	at com.zaxxer.hikari.pool.PoolBase.newConnection(PoolBase.java:373) ~[HikariCP-7.0.2.jar:na]
	at com.zaxxer.hikari.pool.PoolBase.newPoolEntry(PoolBase.java:210) ~[HikariCP-7.0.2.jar:na]
	at com.zaxxer.hikari.pool.HikariPool.createPoolEntry(HikariPool.java:488) ~[HikariCP-7.0.2.jar:na]
	at com.zaxxer.hikari.pool.HikariPool$PoolEntryCreator.call(HikariPool.java:752) ~[HikariCP-7.0.2.jar:na]
	at com.zaxxer.hikari.pool.HikariPool$PoolEntryCreator.call(HikariPool.java:731) ~[HikariCP-7.0.2.jar:na]
	at java.base/java.util.concurrent.FutureTask.run(FutureTask.java:317) ~[na:na]
	at java.base/java.util.concurrent.ThreadPoolExecutor.runWorker(ThreadPoolExecutor.java:1144) ~[na:na]
	at java.base/java.util.concurrent.ThreadPoolExecutor$Worker.run(ThreadPoolExecutor.java:642) ~[na:na]
	at java.base/java.lang.Thread.run(Thread.java:1583) ~[na:na]
Caused by: java.net.UnknownHostException: dpg-d4i2omjuibrs73du8tbg-a.oregon-postgres.render.com
	at java.base/sun.nio.ch.NioSocketImpl.connect(NioSocketImpl.java:567) ~[na:na]
	at java.base/java.net.SocksSocketImpl.connect(SocksSocketImpl.java:327) ~[na:na]
	at java.base/java.net.Socket.connect(Socket.java:751) ~[na:na]
	at org.postgresql.core.PGStream.createSocket(PGStream.java:261) ~[postgresql-42.7.8.jar:42.7.8]
	at org.postgresql.core.PGStream.<init>(PGStream.java:122) ~[postgresql-42.7.8.jar:42.7.8]
	at org.postgresql.core.v3.ConnectionFactoryImpl.tryConnect(ConnectionFactoryImpl.java:146) ~[postgresql-42.7.8.jar:42.7.8]
	at org.postgresql.core.v3.ConnectionFactoryImpl.openConnectionImpl(ConnectionFactoryImpl.java:289) ~[postgresql-42.7.8.jar:42.7.8]
	... 14 common frames omitted

2025-12-06T02:13:34.218+02:00  WARN 18296 --- [HikariPool-POSTGRE:connection-adder] com.zaxxer.hikari.pool.PoolBase          : HikariPool-POSTGRE - Pool is empty, failed to create/setup connection (adb514aa-eca6-4ead-b896-aedc649ce553)

org.postgresql.util.PSQLException: The connection attempt failed.
	at org.postgresql.core.v3.ConnectionFactoryImpl.openConnectionImpl(ConnectionFactoryImpl.java:385) ~[postgresql-42.7.8.jar:42.7.8]
	at org.postgresql.core.ConnectionFactory.openConnection(ConnectionFactory.java:57) ~[postgresql-42.7.8.jar:42.7.8]
	at org.postgresql.jdbc.PgConnection.<init>(PgConnection.java:279) ~[postgresql-42.7.8.jar:42.7.8]
	at org.postgresql.Driver.makeConnection(Driver.java:448) ~[postgresql-42.7.8.jar:42.7.8]
	at org.postgresql.Driver.connect(Driver.java:298) ~[postgresql-42.7.8.jar:42.7.8]
	at com.zaxxer.hikari.util.DriverDataSource.getConnection(DriverDataSource.java:144) ~[HikariCP-7.0.2.jar:na]
	at com.zaxxer.hikari.pool.PoolBase.newConnection(PoolBase.java:373) ~[HikariCP-7.0.2.jar:na]
	at com.zaxxer.hikari.pool.PoolBase.newPoolEntry(PoolBase.java:210) ~[HikariCP-7.0.2.jar:na]
	at com.zaxxer.hikari.pool.HikariPool.createPoolEntry(HikariPool.java:488) ~[HikariCP-7.0.2.jar:na]
	at com.zaxxer.hikari.pool.HikariPool$PoolEntryCreator.call(HikariPool.java:752) ~[HikariCP-7.0.2.jar:na]
	at com.zaxxer.hikari.pool.HikariPool$PoolEntryCreator.call(HikariPool.java:731) ~[HikariCP-7.0.2.jar:na]
	at java.base/java.util.concurrent.FutureTask.run(FutureTask.java:317) ~[na:na]
	at java.base/java.util.concurrent.ThreadPoolExecutor.runWorker(ThreadPoolExecutor.java:1144) ~[na:na]
	at java.base/java.util.concurrent.ThreadPoolExecutor$Worker.run(ThreadPoolExecutor.java:642) ~[na:na]
	at java.base/java.lang.Thread.run(Thread.java:1583) ~[na:na]
Caused by: java.net.UnknownHostException: dpg-d4i2omjuibrs73du8tbg-a.oregon-postgres.render.com
	at java.base/sun.nio.ch.NioSocketImpl.connect(NioSocketImpl.java:567) ~[na:na]
	at java.base/java.net.SocksSocketImpl.connect(SocksSocketImpl.java:327) ~[na:na]
	at java.base/java.net.Socket.connect(Socket.java:751) ~[na:na]
	at org.postgresql.core.PGStream.createSocket(PGStream.java:261) ~[postgresql-42.7.8.jar:42.7.8]
	at org.postgresql.core.PGStream.<init>(PGStream.java:122) ~[postgresql-42.7.8.jar:42.7.8]
	at org.postgresql.core.v3.ConnectionFactoryImpl.tryConnect(ConnectionFactoryImpl.java:146) ~[postgresql-42.7.8.jar:42.7.8]
	at org.postgresql.core.v3.ConnectionFactoryImpl.openConnectionImpl(ConnectionFactoryImpl.java:289) ~[postgresql-42.7.8.jar:42.7.8]
	... 14 common frames omitted

2025-12-06T02:14:39.353+02:00  WARN 18296 --- [HikariPool-POSTGRE:connection-adder] com.zaxxer.hikari.pool.PoolBase          : HikariPool-POSTGRE - Pool is empty, failed to create/setup connection (7c52038d-d551-46cd-a212-99e96924d73e)

org.postgresql.util.PSQLException: The connection attempt failed.
	at org.postgresql.core.v3.ConnectionFactoryImpl.openConnectionImpl(ConnectionFactoryImpl.java:385) ~[postgresql-42.7.8.jar:42.7.8]
	at org.postgresql.core.ConnectionFactory.openConnection(ConnectionFactory.java:57) ~[postgresql-42.7.8.jar:42.7.8]
	at org.postgresql.jdbc.PgConnection.<init>(PgConnection.java:279) ~[postgresql-42.7.8.jar:42.7.8]
	at org.postgresql.Driver.makeConnection(Driver.java:448) ~[postgresql-42.7.8.jar:42.7.8]
	at org.postgresql.Driver.connect(Driver.java:298) ~[postgresql-42.7.8.jar:42.7.8]
	at com.zaxxer.hikari.util.DriverDataSource.getConnection(DriverDataSource.java:144) ~[HikariCP-7.0.2.jar:na]
	at com.zaxxer.hikari.pool.PoolBase.newConnection(PoolBase.java:373) ~[HikariCP-7.0.2.jar:na]
	at com.zaxxer.hikari.pool.PoolBase.newPoolEntry(PoolBase.java:210) ~[HikariCP-7.0.2.jar:na]
	at com.zaxxer.hikari.pool.HikariPool.createPoolEntry(HikariPool.java:488) ~[HikariCP-7.0.2.jar:na]
	at com.zaxxer.hikari.pool.HikariPool$PoolEntryCreator.call(HikariPool.java:752) ~[HikariCP-7.0.2.jar:na]
	at com.zaxxer.hikari.pool.HikariPool$PoolEntryCreator.call(HikariPool.java:731) ~[HikariCP-7.0.2.jar:na]
	at java.base/java.util.concurrent.FutureTask.run(FutureTask.java:317) ~[na:na]
	at java.base/java.util.concurrent.ThreadPoolExecutor.runWorker(ThreadPoolExecutor.java:1144) ~[na:na]
	at java.base/java.util.concurrent.ThreadPoolExecutor$Worker.run(ThreadPoolExecutor.java:642) ~[na:na]
	at java.base/java.lang.Thread.run(Thread.java:1583) ~[na:na]
Caused by: java.net.UnknownHostException: dpg-d4i2omjuibrs73du8tbg-a.oregon-postgres.render.com
	at java.base/sun.nio.ch.NioSocketImpl.connect(NioSocketImpl.java:567) ~[na:na]
	at java.base/java.net.SocksSocketImpl.connect(SocksSocketImpl.java:327) ~[na:na]
	at java.base/java.net.Socket.connect(Socket.java:751) ~[na:na]
	at org.postgresql.core.PGStream.createSocket(PGStream.java:261) ~[postgresql-42.7.8.jar:42.7.8]
	at org.postgresql.core.PGStream.<init>(PGStream.java:122) ~[postgresql-42.7.8.jar:42.7.8]
	at org.postgresql.core.v3.ConnectionFactoryImpl.tryConnect(ConnectionFactoryImpl.java:146) ~[postgresql-42.7.8.jar:42.7.8]
	at org.postgresql.core.v3.ConnectionFactoryImpl.openConnectionImpl(ConnectionFactoryImpl.java:289) ~[postgresql-42.7.8.jar:42.7.8]
	... 14 common frames omitted

2025-12-06T02:15:44.525+02:00  WARN 18296 --- [HikariPool-POSTGRE:connection-adder] com.zaxxer.hikari.pool.PoolBase          : HikariPool-POSTGRE - Pool is empty, failed to create/setup connection (0805716c-5eac-4cc7-a2e5-5bbc8e0507b0)

org.postgresql.util.PSQLException: The connection attempt failed.
	at org.postgresql.core.v3.ConnectionFactoryImpl.openConnectionImpl(ConnectionFactoryImpl.java:385) ~[postgresql-42.7.8.jar:42.7.8]
	at org.postgresql.core.ConnectionFactory.openConnection(ConnectionFactory.java:57) ~[postgresql-42.7.8.jar:42.7.8]
	at org.postgresql.jdbc.PgConnection.<init>(PgConnection.java:279) ~[postgresql-42.7.8.jar:42.7.8]
	at org.postgresql.Driver.makeConnection(Driver.java:448) ~[postgresql-42.7.8.jar:42.7.8]
	at org.postgresql.Driver.connect(Driver.java:298) ~[postgresql-42.7.8.jar:42.7.8]
	at com.zaxxer.hikari.util.DriverDataSource.getConnection(DriverDataSource.java:144) ~[HikariCP-7.0.2.jar:na]
	at com.zaxxer.hikari.pool.PoolBase.newConnection(PoolBase.java:373) ~[HikariCP-7.0.2.jar:na]
	at com.zaxxer.hikari.pool.PoolBase.newPoolEntry(PoolBase.java:210) ~[HikariCP-7.0.2.jar:na]
	at com.zaxxer.hikari.pool.HikariPool.createPoolEntry(HikariPool.java:488) ~[HikariCP-7.0.2.jar:na]
	at com.zaxxer.hikari.pool.HikariPool$PoolEntryCreator.call(HikariPool.java:752) ~[HikariCP-7.0.2.jar:na]
	at com.zaxxer.hikari.pool.HikariPool$PoolEntryCreator.call(HikariPool.java:731) ~[HikariCP-7.0.2.jar:na]
	at java.base/java.util.concurrent.FutureTask.run(FutureTask.java:317) ~[na:na]
	at java.base/java.util.concurrent.ThreadPoolExecutor.runWorker(ThreadPoolExecutor.java:1144) ~[na:na]
	at java.base/java.util.concurrent.ThreadPoolExecutor$Worker.run(ThreadPoolExecutor.java:642) ~[na:na]
	at java.base/java.lang.Thread.run(Thread.java:1583) ~[na:na]
Caused by: java.net.UnknownHostException: dpg-d4i2omjuibrs73du8tbg-a.oregon-postgres.render.com
	at java.base/sun.nio.ch.NioSocketImpl.connect(NioSocketImpl.java:567) ~[na:na]
	at java.base/java.net.SocksSocketImpl.connect(SocksSocketImpl.java:327) ~[na:na]
	at java.base/java.net.Socket.connect(Socket.java:751) ~[na:na]
	at org.postgresql.core.PGStream.createSocket(PGStream.java:261) ~[postgresql-42.7.8.jar:42.7.8]
	at org.postgresql.core.PGStream.<init>(PGStream.java:122) ~[postgresql-42.7.8.jar:42.7.8]
	at org.postgresql.core.v3.ConnectionFactoryImpl.tryConnect(ConnectionFactoryImpl.java:146) ~[postgresql-42.7.8.jar:42.7.8]
	at org.postgresql.core.v3.ConnectionFactoryImpl.openConnectionImpl(ConnectionFactoryImpl.java:289) ~[postgresql-42.7.8.jar:42.7.8]
	... 14 common frames omitted

2025-12-06T02:16:49.678+02:00  WARN 18296 --- [HikariPool-POSTGRE:connection-adder] com.zaxxer.hikari.pool.PoolBase          : HikariPool-POSTGRE - Pool is empty, failed to create/setup connection (d420169a-34ad-42f7-9d23-845ad2d1bf51)

org.postgresql.util.PSQLException: The connection attempt failed.
	at org.postgresql.core.v3.ConnectionFactoryImpl.openConnectionImpl(ConnectionFactoryImpl.java:385) ~[postgresql-42.7.8.jar:42.7.8]
	at org.postgresql.core.ConnectionFactory.openConnection(ConnectionFactory.java:57) ~[postgresql-42.7.8.jar:42.7.8]
	at org.postgresql.jdbc.PgConnection.<init>(PgConnection.java:279) ~[postgresql-42.7.8.jar:42.7.8]
	at org.postgresql.Driver.makeConnection(Driver.java:448) ~[postgresql-42.7.8.jar:42.7.8]
	at org.postgresql.Driver.connect(Driver.java:298) ~[postgresql-42.7.8.jar:42.7.8]
	at com.zaxxer.hikari.util.DriverDataSource.getConnection(DriverDataSource.java:144) ~[HikariCP-7.0.2.jar:na]
	at com.zaxxer.hikari.pool.PoolBase.newConnection(PoolBase.java:373) ~[HikariCP-7.0.2.jar:na]
	at com.zaxxer.hikari.pool.PoolBase.newPoolEntry(PoolBase.java:210) ~[HikariCP-7.0.2.jar:na]
	at com.zaxxer.hikari.pool.HikariPool.createPoolEntry(HikariPool.java:488) ~[HikariCP-7.0.2.jar:na]
	at com.zaxxer.hikari.pool.HikariPool$PoolEntryCreator.call(HikariPool.java:752) ~[HikariCP-7.0.2.jar:na]
	at com.zaxxer.hikari.pool.HikariPool$PoolEntryCreator.call(HikariPool.java:731) ~[HikariCP-7.0.2.jar:na]
	at java.base/java.util.concurrent.FutureTask.run(FutureTask.java:317) ~[na:na]
	at java.base/java.util.concurrent.ThreadPoolExecutor.runWorker(ThreadPoolExecutor.java:1144) ~[na:na]
	at java.base/java.util.concurrent.ThreadPoolExecutor$Worker.run(ThreadPoolExecutor.java:642) ~[na:na]
	at java.base/java.lang.Thread.run(Thread.java:1583) ~[na:na]
Caused by: java.net.UnknownHostException: dpg-d4i2omjuibrs73du8tbg-a.oregon-postgres.render.com
	at java.base/sun.nio.ch.NioSocketImpl.connect(NioSocketImpl.java:567) ~[na:na]
	at java.base/java.net.SocksSocketImpl.connect(SocksSocketImpl.java:327) ~[na:na]
	at java.base/java.net.Socket.connect(Socket.java:751) ~[na:na]
	at org.postgresql.core.PGStream.createSocket(PGStream.java:261) ~[postgresql-42.7.8.jar:42.7.8]
	at org.postgresql.core.PGStream.<init>(PGStream.java:122) ~[postgresql-42.7.8.jar:42.7.8]
	at org.postgresql.core.v3.ConnectionFactoryImpl.tryConnect(ConnectionFactoryImpl.java:146) ~[postgresql-42.7.8.jar:42.7.8]
	at org.postgresql.core.v3.ConnectionFactoryImpl.openConnectionImpl(ConnectionFactoryImpl.java:289) ~[postgresql-42.7.8.jar:42.7.8]
	... 14 common frames omitted

2025-12-06T02:17:54.813+02:00  WARN 18296 --- [HikariPool-POSTGRE:connection-adder] com.zaxxer.hikari.pool.PoolBase          : HikariPool-POSTGRE - Pool is empty, failed to create/setup connection (f716b281-9b55-442b-8bde-622005ea908d)

org.postgresql.util.PSQLException: The connection attempt failed.
	at org.postgresql.core.v3.ConnectionFactoryImpl.openConnectionImpl(ConnectionFactoryImpl.java:385) ~[postgresql-42.7.8.jar:42.7.8]
	at org.postgresql.core.ConnectionFactory.openConnection(ConnectionFactory.java:57) ~[postgresql-42.7.8.jar:42.7.8]
	at org.postgresql.jdbc.PgConnection.<init>(PgConnection.java:279) ~[postgresql-42.7.8.jar:42.7.8]
	at org.postgresql.Driver.makeConnection(Driver.java:448) ~[postgresql-42.7.8.jar:42.7.8]
	at org.postgresql.Driver.connect(Driver.java:298) ~[postgresql-42.7.8.jar:42.7.8]
	at com.zaxxer.hikari.util.DriverDataSource.getConnection(DriverDataSource.java:144) ~[HikariCP-7.0.2.jar:na]
	at com.zaxxer.hikari.pool.PoolBase.newConnection(PoolBase.java:373) ~[HikariCP-7.0.2.jar:na]
	at com.zaxxer.hikari.pool.PoolBase.newPoolEntry(PoolBase.java:210) ~[HikariCP-7.0.2.jar:na]
	at com.zaxxer.hikari.pool.HikariPool.createPoolEntry(HikariPool.java:488) ~[HikariCP-7.0.2.jar:na]
	at com.zaxxer.hikari.pool.HikariPool$PoolEntryCreator.call(HikariPool.java:752) ~[HikariCP-7.0.2.jar:na]
	at com.zaxxer.hikari.pool.HikariPool$PoolEntryCreator.call(HikariPool.java:731) ~[HikariCP-7.0.2.jar:na]
	at java.base/java.util.concurrent.FutureTask.run(FutureTask.java:317) ~[na:na]
	at java.base/java.util.concurrent.ThreadPoolExecutor.runWorker(ThreadPoolExecutor.java:1144) ~[na:na]
	at java.base/java.util.concurrent.ThreadPoolExecutor$Worker.run(ThreadPoolExecutor.java:642) ~[na:na]
	at java.base/java.lang.Thread.run(Thread.java:1583) ~[na:na]
Caused by: java.net.UnknownHostException: dpg-d4i2omjuibrs73du8tbg-a.oregon-postgres.render.com
	at java.base/sun.nio.ch.NioSocketImpl.connect(NioSocketImpl.java:567) ~[na:na]
	at java.base/java.net.SocksSocketImpl.connect(SocksSocketImpl.java:327) ~[na:na]
	at java.base/java.net.Socket.connect(Socket.java:751) ~[na:na]
	at org.postgresql.core.PGStream.createSocket(PGStream.java:261) ~[postgresql-42.7.8.jar:42.7.8]
	at org.postgresql.core.PGStream.<init>(PGStream.java:122) ~[postgresql-42.7.8.jar:42.7.8]
	at org.postgresql.core.v3.ConnectionFactoryImpl.tryConnect(ConnectionFactoryImpl.java:146) ~[postgresql-42.7.8.jar:42.7.8]
	at org.postgresql.core.v3.ConnectionFactoryImpl.openConnectionImpl(ConnectionFactoryImpl.java:289) ~[postgresql-42.7.8.jar:42.7.8]
	... 14 common frames omitted

2025-12-06T02:18:59.950+02:00  WARN 18296 --- [HikariPool-POSTGRE:connection-adder] com.zaxxer.hikari.pool.PoolBase          : HikariPool-POSTGRE - Pool is empty, failed to create/setup connection (dfc5ef73-2293-4346-964a-a7906bddedda)

org.postgresql.util.PSQLException: The connection attempt failed.
	at org.postgresql.core.v3.ConnectionFactoryImpl.openConnectionImpl(ConnectionFactoryImpl.java:385) ~[postgresql-42.7.8.jar:42.7.8]
	at org.postgresql.core.ConnectionFactory.openConnection(ConnectionFactory.java:57) ~[postgresql-42.7.8.jar:42.7.8]
	at org.postgresql.jdbc.PgConnection.<init>(PgConnection.java:279) ~[postgresql-42.7.8.jar:42.7.8]
	at org.postgresql.Driver.makeConnection(Driver.java:448) ~[postgresql-42.7.8.jar:42.7.8]
	at org.postgresql.Driver.connect(Driver.java:298) ~[postgresql-42.7.8.jar:42.7.8]
	at com.zaxxer.hikari.util.DriverDataSource.getConnection(DriverDataSource.java:144) ~[HikariCP-7.0.2.jar:na]
	at com.zaxxer.hikari.pool.PoolBase.newConnection(PoolBase.java:373) ~[HikariCP-7.0.2.jar:na]
	at com.zaxxer.hikari.pool.PoolBase.newPoolEntry(PoolBase.java:210) ~[HikariCP-7.0.2.jar:na]
	at com.zaxxer.hikari.pool.HikariPool.createPoolEntry(HikariPool.java:488) ~[HikariCP-7.0.2.jar:na]
	at com.zaxxer.hikari.pool.HikariPool$PoolEntryCreator.call(HikariPool.java:752) ~[HikariCP-7.0.2.jar:na]
	at com.zaxxer.hikari.pool.HikariPool$PoolEntryCreator.call(HikariPool.java:731) ~[HikariCP-7.0.2.jar:na]
	at java.base/java.util.concurrent.FutureTask.run(FutureTask.java:317) ~[na:na]
	at java.base/java.util.concurrent.ThreadPoolExecutor.runWorker(ThreadPoolExecutor.java:1144) ~[na:na]
	at java.base/java.util.concurrent.ThreadPoolExecutor$Worker.run(ThreadPoolExecutor.java:642) ~[na:na]
	at java.base/java.lang.Thread.run(Thread.java:1583) ~[na:na]
Caused by: java.net.UnknownHostException: dpg-d4i2omjuibrs73du8tbg-a.oregon-postgres.render.com
	at java.base/sun.nio.ch.NioSocketImpl.connect(NioSocketImpl.java:567) ~[na:na]
	at java.base/java.net.SocksSocketImpl.connect(SocksSocketImpl.java:327) ~[na:na]
	at java.base/java.net.Socket.connect(Socket.java:751) ~[na:na]
	at org.postgresql.core.PGStream.createSocket(PGStream.java:261) ~[postgresql-42.7.8.jar:42.7.8]
	at org.postgresql.core.PGStream.<init>(PGStream.java:122) ~[postgresql-42.7.8.jar:42.7.8]
	at org.postgresql.core.v3.ConnectionFactoryImpl.tryConnect(ConnectionFactoryImpl.java:146) ~[postgresql-42.7.8.jar:42.7.8]
	at org.postgresql.core.v3.ConnectionFactoryImpl.openConnectionImpl(ConnectionFactoryImpl.java:289) ~[postgresql-42.7.8.jar:42.7.8]
	... 14 common frames omitted

2025-12-06T02:20:05.103+02:00  WARN 18296 --- [HikariPool-POSTGRE:connection-adder] com.zaxxer.hikari.pool.PoolBase          : HikariPool-POSTGRE - Pool is empty, failed to create/setup connection (e9a3926d-85c4-4b9a-bfe5-e0a5be1ea479)

org.postgresql.util.PSQLException: The connection attempt failed.
	at org.postgresql.core.v3.ConnectionFactoryImpl.openConnectionImpl(ConnectionFactoryImpl.java:385) ~[postgresql-42.7.8.jar:42.7.8]
	at org.postgresql.core.ConnectionFactory.openConnection(ConnectionFactory.java:57) ~[postgresql-42.7.8.jar:42.7.8]
	at org.postgresql.jdbc.PgConnection.<init>(PgConnection.java:279) ~[postgresql-42.7.8.jar:42.7.8]
	at org.postgresql.Driver.makeConnection(Driver.java:448) ~[postgresql-42.7.8.jar:42.7.8]
	at org.postgresql.Driver.connect(Driver.java:298) ~[postgresql-42.7.8.jar:42.7.8]
	at com.zaxxer.hikari.util.DriverDataSource.getConnection(DriverDataSource.java:144) ~[HikariCP-7.0.2.jar:na]
	at com.zaxxer.hikari.pool.PoolBase.newConnection(PoolBase.java:373) ~[HikariCP-7.0.2.jar:na]
	at com.zaxxer.hikari.pool.PoolBase.newPoolEntry(PoolBase.java:210) ~[HikariCP-7.0.2.jar:na]
	at com.zaxxer.hikari.pool.HikariPool.createPoolEntry(HikariPool.java:488) ~[HikariCP-7.0.2.jar:na]
	at com.zaxxer.hikari.pool.HikariPool$PoolEntryCreator.call(HikariPool.java:752) ~[HikariCP-7.0.2.jar:na]
	at com.zaxxer.hikari.pool.HikariPool$PoolEntryCreator.call(HikariPool.java:731) ~[HikariCP-7.0.2.jar:na]
	at java.base/java.util.concurrent.FutureTask.run(FutureTask.java:317) ~[na:na]
	at java.base/java.util.concurrent.ThreadPoolExecutor.runWorker(ThreadPoolExecutor.java:1144) ~[na:na]
	at java.base/java.util.concurrent.ThreadPoolExecutor$Worker.run(ThreadPoolExecutor.java:642) ~[na:na]
	at java.base/java.lang.Thread.run(Thread.java:1583) ~[na:na]
Caused by: java.net.UnknownHostException: dpg-d4i2omjuibrs73du8tbg-a.oregon-postgres.render.com
	at java.base/sun.nio.ch.NioSocketImpl.connect(NioSocketImpl.java:567) ~[na:na]
	at java.base/java.net.SocksSocketImpl.connect(SocksSocketImpl.java:327) ~[na:na]
	at java.base/java.net.Socket.connect(Socket.java:751) ~[na:na]
	at org.postgresql.core.PGStream.createSocket(PGStream.java:261) ~[postgresql-42.7.8.jar:42.7.8]
	at org.postgresql.core.PGStream.<init>(PGStream.java:122) ~[postgresql-42.7.8.jar:42.7.8]
	at org.postgresql.core.v3.ConnectionFactoryImpl.tryConnect(ConnectionFactoryImpl.java:146) ~[postgresql-42.7.8.jar:42.7.8]
	at org.postgresql.core.v3.ConnectionFactoryImpl.openConnectionImpl(ConnectionFactoryImpl.java:289) ~[postgresql-42.7.8.jar:42.7.8]
	... 14 common frames omitted

2025-12-06T02:21:10.313+02:00  WARN 18296 --- [HikariPool-POSTGRE:connection-adder] com.zaxxer.hikari.pool.PoolBase          : HikariPool-POSTGRE - Pool is empty, failed to create/setup connection (33c7fcf6-8ec0-47f2-8dae-5607a1b85f03)

org.postgresql.util.PSQLException: The connection attempt failed.
	at org.postgresql.core.v3.ConnectionFactoryImpl.openConnectionImpl(ConnectionFactoryImpl.java:385) ~[postgresql-42.7.8.jar:42.7.8]
	at org.postgresql.core.ConnectionFactory.openConnection(ConnectionFactory.java:57) ~[postgresql-42.7.8.jar:42.7.8]
	at org.postgresql.jdbc.PgConnection.<init>(PgConnection.java:279) ~[postgresql-42.7.8.jar:42.7.8]
	at org.postgresql.Driver.makeConnection(Driver.java:448) ~[postgresql-42.7.8.jar:42.7.8]
	at org.postgresql.Driver.connect(Driver.java:298) ~[postgresql-42.7.8.jar:42.7.8]
	at com.zaxxer.hikari.util.DriverDataSource.getConnection(DriverDataSource.java:144) ~[HikariCP-7.0.2.jar:na]
	at com.zaxxer.hikari.pool.PoolBase.newConnection(PoolBase.java:373) ~[HikariCP-7.0.2.jar:na]
	at com.zaxxer.hikari.pool.PoolBase.newPoolEntry(PoolBase.java:210) ~[HikariCP-7.0.2.jar:na]
	at com.zaxxer.hikari.pool.HikariPool.createPoolEntry(HikariPool.java:488) ~[HikariCP-7.0.2.jar:na]
	at com.zaxxer.hikari.pool.HikariPool$PoolEntryCreator.call(HikariPool.java:752) ~[HikariCP-7.0.2.jar:na]
	at com.zaxxer.hikari.pool.HikariPool$PoolEntryCreator.call(HikariPool.java:731) ~[HikariCP-7.0.2.jar:na]
	at java.base/java.util.concurrent.FutureTask.run(FutureTask.java:317) ~[na:na]
	at java.base/java.util.concurrent.ThreadPoolExecutor.runWorker(ThreadPoolExecutor.java:1144) ~[na:na]
	at java.base/java.util.concurrent.ThreadPoolExecutor$Worker.run(ThreadPoolExecutor.java:642) ~[na:na]
	at java.base/java.lang.Thread.run(Thread.java:1583) ~[na:na]
Caused by: java.net.UnknownHostException: dpg-d4i2omjuibrs73du8tbg-a.oregon-postgres.render.com
	at java.base/sun.nio.ch.NioSocketImpl.connect(NioSocketImpl.java:567) ~[na:na]
	at java.base/java.net.SocksSocketImpl.connect(SocksSocketImpl.java:327) ~[na:na]
	at java.base/java.net.Socket.connect(Socket.java:751) ~[na:na]
	at org.postgresql.core.PGStream.createSocket(PGStream.java:261) ~[postgresql-42.7.8.jar:42.7.8]
	at org.postgresql.core.PGStream.<init>(PGStream.java:122) ~[postgresql-42.7.8.jar:42.7.8]
	at org.postgresql.core.v3.ConnectionFactoryImpl.tryConnect(ConnectionFactoryImpl.java:146) ~[postgresql-42.7.8.jar:42.7.8]
	at org.postgresql.core.v3.ConnectionFactoryImpl.openConnectionImpl(ConnectionFactoryImpl.java:289) ~[postgresql-42.7.8.jar:42.7.8]
	... 14 common frames omitted

2025-12-06T02:22:15.479+02:00  WARN 18296 --- [HikariPool-POSTGRE:connection-adder] com.zaxxer.hikari.pool.PoolBase          : HikariPool-POSTGRE - Pool is empty, failed to create/setup connection (0d841143-dfac-4ca0-8293-cf182abb9443)

org.postgresql.util.PSQLException: The connection attempt failed.
	at org.postgresql.core.v3.ConnectionFactoryImpl.openConnectionImpl(ConnectionFactoryImpl.java:385) ~[postgresql-42.7.8.jar:42.7.8]
	at org.postgresql.core.ConnectionFactory.openConnection(ConnectionFactory.java:57) ~[postgresql-42.7.8.jar:42.7.8]
	at org.postgresql.jdbc.PgConnection.<init>(PgConnection.java:279) ~[postgresql-42.7.8.jar:42.7.8]
	at org.postgresql.Driver.makeConnection(Driver.java:448) ~[postgresql-42.7.8.jar:42.7.8]
	at org.postgresql.Driver.connect(Driver.java:298) ~[postgresql-42.7.8.jar:42.7.8]
	at com.zaxxer.hikari.util.DriverDataSource.getConnection(DriverDataSource.java:144) ~[HikariCP-7.0.2.jar:na]
	at com.zaxxer.hikari.pool.PoolBase.newConnection(PoolBase.java:373) ~[HikariCP-7.0.2.jar:na]
	at com.zaxxer.hikari.pool.PoolBase.newPoolEntry(PoolBase.java:210) ~[HikariCP-7.0.2.jar:na]
	at com.zaxxer.hikari.pool.HikariPool.createPoolEntry(HikariPool.java:488) ~[HikariCP-7.0.2.jar:na]
	at com.zaxxer.hikari.pool.HikariPool$PoolEntryCreator.call(HikariPool.java:752) ~[HikariCP-7.0.2.jar:na]
	at com.zaxxer.hikari.pool.HikariPool$PoolEntryCreator.call(HikariPool.java:731) ~[HikariCP-7.0.2.jar:na]
	at java.base/java.util.concurrent.FutureTask.run(FutureTask.java:317) ~[na:na]
	at java.base/java.util.concurrent.ThreadPoolExecutor.runWorker(ThreadPoolExecutor.java:1144) ~[na:na]
	at java.base/java.util.concurrent.ThreadPoolExecutor$Worker.run(ThreadPoolExecutor.java:642) ~[na:na]
	at java.base/java.lang.Thread.run(Thread.java:1583) ~[na:na]
Caused by: java.net.UnknownHostException: dpg-d4i2omjuibrs73du8tbg-a.oregon-postgres.render.com
	at java.base/sun.nio.ch.NioSocketImpl.connect(NioSocketImpl.java:567) ~[na:na]
	at java.base/java.net.SocksSocketImpl.connect(SocksSocketImpl.java:327) ~[na:na]
	at java.base/java.net.Socket.connect(Socket.java:751) ~[na:na]
	at org.postgresql.core.PGStream.createSocket(PGStream.java:261) ~[postgresql-42.7.8.jar:42.7.8]
	at org.postgresql.core.PGStream.<init>(PGStream.java:122) ~[postgresql-42.7.8.jar:42.7.8]
	at org.postgresql.core.v3.ConnectionFactoryImpl.tryConnect(ConnectionFactoryImpl.java:146) ~[postgresql-42.7.8.jar:42.7.8]
	at org.postgresql.core.v3.ConnectionFactoryImpl.openConnectionImpl(ConnectionFactoryImpl.java:289) ~[postgresql-42.7.8.jar:42.7.8]
	... 14 common frames omitted

2025-12-06T02:23:20.643+02:00  WARN 18296 --- [HikariPool-POSTGRE:connection-adder] com.zaxxer.hikari.pool.PoolBase          : HikariPool-POSTGRE - Pool is empty, failed to create/setup connection (665131e3-cc7b-493f-9b81-b3d9841e1c13)

org.postgresql.util.PSQLException: The connection attempt failed.
	at org.postgresql.core.v3.ConnectionFactoryImpl.openConnectionImpl(ConnectionFactoryImpl.java:385) ~[postgresql-42.7.8.jar:42.7.8]
	at org.postgresql.core.ConnectionFactory.openConnection(ConnectionFactory.java:57) ~[postgresql-42.7.8.jar:42.7.8]
	at org.postgresql.jdbc.PgConnection.<init>(PgConnection.java:279) ~[postgresql-42.7.8.jar:42.7.8]
	at org.postgresql.Driver.makeConnection(Driver.java:448) ~[postgresql-42.7.8.jar:42.7.8]
	at org.postgresql.Driver.connect(Driver.java:298) ~[postgresql-42.7.8.jar:42.7.8]
	at com.zaxxer.hikari.util.DriverDataSource.getConnection(DriverDataSource.java:144) ~[HikariCP-7.0.2.jar:na]
	at com.zaxxer.hikari.pool.PoolBase.newConnection(PoolBase.java:373) ~[HikariCP-7.0.2.jar:na]
	at com.zaxxer.hikari.pool.PoolBase.newPoolEntry(PoolBase.java:210) ~[HikariCP-7.0.2.jar:na]
	at com.zaxxer.hikari.pool.HikariPool.createPoolEntry(HikariPool.java:488) ~[HikariCP-7.0.2.jar:na]
	at com.zaxxer.hikari.pool.HikariPool$PoolEntryCreator.call(HikariPool.java:752) ~[HikariCP-7.0.2.jar:na]
	at com.zaxxer.hikari.pool.HikariPool$PoolEntryCreator.call(HikariPool.java:731) ~[HikariCP-7.0.2.jar:na]
	at java.base/java.util.concurrent.FutureTask.run(FutureTask.java:317) ~[na:na]
	at java.base/java.util.concurrent.ThreadPoolExecutor.runWorker(ThreadPoolExecutor.java:1144) ~[na:na]
	at java.base/java.util.concurrent.ThreadPoolExecutor$Worker.run(ThreadPoolExecutor.java:642) ~[na:na]
	at java.base/java.lang.Thread.run(Thread.java:1583) ~[na:na]
Caused by: java.net.UnknownHostException: dpg-d4i2omjuibrs73du8tbg-a.oregon-postgres.render.com
	at java.base/sun.nio.ch.NioSocketImpl.connect(NioSocketImpl.java:567) ~[na:na]
	at java.base/java.net.SocksSocketImpl.connect(SocksSocketImpl.java:327) ~[na:na]
	at java.base/java.net.Socket.connect(Socket.java:751) ~[na:na]
	at org.postgresql.core.PGStream.createSocket(PGStream.java:261) ~[postgresql-42.7.8.jar:42.7.8]
	at org.postgresql.core.PGStream.<init>(PGStream.java:122) ~[postgresql-42.7.8.jar:42.7.8]
	at org.postgresql.core.v3.ConnectionFactoryImpl.tryConnect(ConnectionFactoryImpl.java:146) ~[postgresql-42.7.8.jar:42.7.8]
	at org.postgresql.core.v3.ConnectionFactoryImpl.openConnectionImpl(ConnectionFactoryImpl.java:289) ~[postgresql-42.7.8.jar:42.7.8]
	... 14 common frames omitted

2025-12-06T02:24:25.810+02:00  WARN 18296 --- [HikariPool-POSTGRE:connection-adder] com.zaxxer.hikari.pool.PoolBase          : HikariPool-POSTGRE - Pool is empty, failed to create/setup connection (327f03aa-99fb-4aef-a96f-f01a861e5e65)

org.postgresql.util.PSQLException: The connection attempt failed.
	at org.postgresql.core.v3.ConnectionFactoryImpl.openConnectionImpl(ConnectionFactoryImpl.java:385) ~[postgresql-42.7.8.jar:42.7.8]
	at org.postgresql.core.ConnectionFactory.openConnection(ConnectionFactory.java:57) ~[postgresql-42.7.8.jar:42.7.8]
	at org.postgresql.jdbc.PgConnection.<init>(PgConnection.java:279) ~[postgresql-42.7.8.jar:42.7.8]
	at org.postgresql.Driver.makeConnection(Driver.java:448) ~[postgresql-42.7.8.jar:42.7.8]
	at org.postgresql.Driver.connect(Driver.java:298) ~[postgresql-42.7.8.jar:42.7.8]
	at com.zaxxer.hikari.util.DriverDataSource.getConnection(DriverDataSource.java:144) ~[HikariCP-7.0.2.jar:na]
	at com.zaxxer.hikari.pool.PoolBase.newConnection(PoolBase.java:373) ~[HikariCP-7.0.2.jar:na]
	at com.zaxxer.hikari.pool.PoolBase.newPoolEntry(PoolBase.java:210) ~[HikariCP-7.0.2.jar:na]
	at com.zaxxer.hikari.pool.HikariPool.createPoolEntry(HikariPool.java:488) ~[HikariCP-7.0.2.jar:na]
	at com.zaxxer.hikari.pool.HikariPool$PoolEntryCreator.call(HikariPool.java:752) ~[HikariCP-7.0.2.jar:na]
	at com.zaxxer.hikari.pool.HikariPool$PoolEntryCreator.call(HikariPool.java:731) ~[HikariCP-7.0.2.jar:na]
	at java.base/java.util.concurrent.FutureTask.run(FutureTask.java:317) ~[na:na]
	at java.base/java.util.concurrent.ThreadPoolExecutor.runWorker(ThreadPoolExecutor.java:1144) ~[na:na]
	at java.base/java.util.concurrent.ThreadPoolExecutor$Worker.run(ThreadPoolExecutor.java:642) ~[na:na]
	at java.base/java.lang.Thread.run(Thread.java:1583) ~[na:na]
Caused by: java.net.UnknownHostException: dpg-d4i2omjuibrs73du8tbg-a.oregon-postgres.render.com
	at java.base/sun.nio.ch.NioSocketImpl.connect(NioSocketImpl.java:567) ~[na:na]
	at java.base/java.net.SocksSocketImpl.connect(SocksSocketImpl.java:327) ~[na:na]
	at java.base/java.net.Socket.connect(Socket.java:751) ~[na:na]
	at org.postgresql.core.PGStream.createSocket(PGStream.java:261) ~[postgresql-42.7.8.jar:42.7.8]
	at org.postgresql.core.PGStream.<init>(PGStream.java:122) ~[postgresql-42.7.8.jar:42.7.8]
	at org.postgresql.core.v3.ConnectionFactoryImpl.tryConnect(ConnectionFactoryImpl.java:146) ~[postgresql-42.7.8.jar:42.7.8]
	at org.postgresql.core.v3.ConnectionFactoryImpl.openConnectionImpl(ConnectionFactoryImpl.java:289) ~[postgresql-42.7.8.jar:42.7.8]
	... 14 common frames omitted

2025-12-06T02:25:30.965+02:00  WARN 18296 --- [HikariPool-POSTGRE:connection-adder] com.zaxxer.hikari.pool.PoolBase          : HikariPool-POSTGRE - Pool is empty, failed to create/setup connection (47c2ea87-f568-4060-a361-0894d6b57038)

org.postgresql.util.PSQLException: The connection attempt failed.
	at org.postgresql.core.v3.ConnectionFactoryImpl.openConnectionImpl(ConnectionFactoryImpl.java:385) ~[postgresql-42.7.8.jar:42.7.8]
	at org.postgresql.core.ConnectionFactory.openConnection(ConnectionFactory.java:57) ~[postgresql-42.7.8.jar:42.7.8]
	at org.postgresql.jdbc.PgConnection.<init>(PgConnection.java:279) ~[postgresql-42.7.8.jar:42.7.8]
	at org.postgresql.Driver.makeConnection(Driver.java:448) ~[postgresql-42.7.8.jar:42.7.8]
	at org.postgresql.Driver.connect(Driver.java:298) ~[postgresql-42.7.8.jar:42.7.8]
	at com.zaxxer.hikari.util.DriverDataSource.getConnection(DriverDataSource.java:144) ~[HikariCP-7.0.2.jar:na]
	at com.zaxxer.hikari.pool.PoolBase.newConnection(PoolBase.java:373) ~[HikariCP-7.0.2.jar:na]
	at com.zaxxer.hikari.pool.PoolBase.newPoolEntry(PoolBase.java:210) ~[HikariCP-7.0.2.jar:na]
	at com.zaxxer.hikari.pool.HikariPool.createPoolEntry(HikariPool.java:488) ~[HikariCP-7.0.2.jar:na]
	at com.zaxxer.hikari.pool.HikariPool$PoolEntryCreator.call(HikariPool.java:752) ~[HikariCP-7.0.2.jar:na]
	at com.zaxxer.hikari.pool.HikariPool$PoolEntryCreator.call(HikariPool.java:731) ~[HikariCP-7.0.2.jar:na]
	at java.base/java.util.concurrent.FutureTask.run(FutureTask.java:317) ~[na:na]
	at java.base/java.util.concurrent.ThreadPoolExecutor.runWorker(ThreadPoolExecutor.java:1144) ~[na:na]
	at java.base/java.util.concurrent.ThreadPoolExecutor$Worker.run(ThreadPoolExecutor.java:642) ~[na:na]
	at java.base/java.lang.Thread.run(Thread.java:1583) ~[na:na]
Caused by: java.net.UnknownHostException: dpg-d4i2omjuibrs73du8tbg-a.oregon-postgres.render.com
	at java.base/sun.nio.ch.NioSocketImpl.connect(NioSocketImpl.java:567) ~[na:na]
	at java.base/java.net.SocksSocketImpl.connect(SocksSocketImpl.java:327) ~[na:na]
	at java.base/java.net.Socket.connect(Socket.java:751) ~[na:na]
	at org.postgresql.core.PGStream.createSocket(PGStream.java:261) ~[postgresql-42.7.8.jar:42.7.8]
	at org.postgresql.core.PGStream.<init>(PGStream.java:122) ~[postgresql-42.7.8.jar:42.7.8]
	at org.postgresql.core.v3.ConnectionFactoryImpl.tryConnect(ConnectionFactoryImpl.java:146) ~[postgresql-42.7.8.jar:42.7.8]
	at org.postgresql.core.v3.ConnectionFactoryImpl.openConnectionImpl(ConnectionFactoryImpl.java:289) ~[postgresql-42.7.8.jar:42.7.8]
	... 14 common frames omitted

2025-12-06T02:26:36.114+02:00  WARN 18296 --- [HikariPool-POSTGRE:connection-adder] com.zaxxer.hikari.pool.PoolBase          : HikariPool-POSTGRE - Pool is empty, failed to create/setup connection (109f9fdd-533f-4a43-b0fe-a747464abe91)

org.postgresql.util.PSQLException: The connection attempt failed.
	at org.postgresql.core.v3.ConnectionFactoryImpl.openConnectionImpl(ConnectionFactoryImpl.java:385) ~[postgresql-42.7.8.jar:42.7.8]
	at org.postgresql.core.ConnectionFactory.openConnection(ConnectionFactory.java:57) ~[postgresql-42.7.8.jar:42.7.8]
	at org.postgresql.jdbc.PgConnection.<init>(PgConnection.java:279) ~[postgresql-42.7.8.jar:42.7.8]
	at org.postgresql.Driver.makeConnection(Driver.java:448) ~[postgresql-42.7.8.jar:42.7.8]
	at org.postgresql.Driver.connect(Driver.java:298) ~[postgresql-42.7.8.jar:42.7.8]
	at com.zaxxer.hikari.util.DriverDataSource.getConnection(DriverDataSource.java:144) ~[HikariCP-7.0.2.jar:na]
	at com.zaxxer.hikari.pool.PoolBase.newConnection(PoolBase.java:373) ~[HikariCP-7.0.2.jar:na]
	at com.zaxxer.hikari.pool.PoolBase.newPoolEntry(PoolBase.java:210) ~[HikariCP-7.0.2.jar:na]
	at com.zaxxer.hikari.pool.HikariPool.createPoolEntry(HikariPool.java:488) ~[HikariCP-7.0.2.jar:na]
	at com.zaxxer.hikari.pool.HikariPool$PoolEntryCreator.call(HikariPool.java:752) ~[HikariCP-7.0.2.jar:na]
	at com.zaxxer.hikari.pool.HikariPool$PoolEntryCreator.call(HikariPool.java:731) ~[HikariCP-7.0.2.jar:na]
	at java.base/java.util.concurrent.FutureTask.run(FutureTask.java:317) ~[na:na]
	at java.base/java.util.concurrent.ThreadPoolExecutor.runWorker(ThreadPoolExecutor.java:1144) ~[na:na]
	at java.base/java.util.concurrent.ThreadPoolExecutor$Worker.run(ThreadPoolExecutor.java:642) ~[na:na]
	at java.base/java.lang.Thread.run(Thread.java:1583) ~[na:na]
Caused by: java.net.UnknownHostException: dpg-d4i2omjuibrs73du8tbg-a.oregon-postgres.render.com
	at java.base/sun.nio.ch.NioSocketImpl.connect(NioSocketImpl.java:567) ~[na:na]
	at java.base/java.net.SocksSocketImpl.connect(SocksSocketImpl.java:327) ~[na:na]
	at java.base/java.net.Socket.connect(Socket.java:751) ~[na:na]
	at org.postgresql.core.PGStream.createSocket(PGStream.java:261) ~[postgresql-42.7.8.jar:42.7.8]
	at org.postgresql.core.PGStream.<init>(PGStream.java:122) ~[postgresql-42.7.8.jar:42.7.8]
	at org.postgresql.core.v3.ConnectionFactoryImpl.tryConnect(ConnectionFactoryImpl.java:146) ~[postgresql-42.7.8.jar:42.7.8]
	at org.postgresql.core.v3.ConnectionFactoryImpl.openConnectionImpl(ConnectionFactoryImpl.java:289) ~[postgresql-42.7.8.jar:42.7.8]
	... 14 common frames omitted

2025-12-06T02:27:41.283+02:00  WARN 18296 --- [HikariPool-POSTGRE:connection-adder] com.zaxxer.hikari.pool.PoolBase          : HikariPool-POSTGRE - Pool is empty, failed to create/setup connection (85ea9935-ac97-405a-b804-aae404171eb6)

org.postgresql.util.PSQLException: The connection attempt failed.
	at org.postgresql.core.v3.ConnectionFactoryImpl.openConnectionImpl(ConnectionFactoryImpl.java:385) ~[postgresql-42.7.8.jar:42.7.8]
	at org.postgresql.core.ConnectionFactory.openConnection(ConnectionFactory.java:57) ~[postgresql-42.7.8.jar:42.7.8]
	at org.postgresql.jdbc.PgConnection.<init>(PgConnection.java:279) ~[postgresql-42.7.8.jar:42.7.8]
	at org.postgresql.Driver.makeConnection(Driver.java:448) ~[postgresql-42.7.8.jar:42.7.8]
	at org.postgresql.Driver.connect(Driver.java:298) ~[postgresql-42.7.8.jar:42.7.8]
	at com.zaxxer.hikari.util.DriverDataSource.getConnection(DriverDataSource.java:144) ~[HikariCP-7.0.2.jar:na]
	at com.zaxxer.hikari.pool.PoolBase.newConnection(PoolBase.java:373) ~[HikariCP-7.0.2.jar:na]
	at com.zaxxer.hikari.pool.PoolBase.newPoolEntry(PoolBase.java:210) ~[HikariCP-7.0.2.jar:na]
	at com.zaxxer.hikari.pool.HikariPool.createPoolEntry(HikariPool.java:488) ~[HikariCP-7.0.2.jar:na]
	at com.zaxxer.hikari.pool.HikariPool$PoolEntryCreator.call(HikariPool.java:752) ~[HikariCP-7.0.2.jar:na]
	at com.zaxxer.hikari.pool.HikariPool$PoolEntryCreator.call(HikariPool.java:731) ~[HikariCP-7.0.2.jar:na]
	at java.base/java.util.concurrent.FutureTask.run(FutureTask.java:317) ~[na:na]
	at java.base/java.util.concurrent.ThreadPoolExecutor.runWorker(ThreadPoolExecutor.java:1144) ~[na:na]
	at java.base/java.util.concurrent.ThreadPoolExecutor$Worker.run(ThreadPoolExecutor.java:642) ~[na:na]
	at java.base/java.lang.Thread.run(Thread.java:1583) ~[na:na]
Caused by: java.net.UnknownHostException: dpg-d4i2omjuibrs73du8tbg-a.oregon-postgres.render.com
	at java.base/sun.nio.ch.NioSocketImpl.connect(NioSocketImpl.java:567) ~[na:na]
	at java.base/java.net.SocksSocketImpl.connect(SocksSocketImpl.java:327) ~[na:na]
	at java.base/java.net.Socket.connect(Socket.java:751) ~[na:na]
	at org.postgresql.core.PGStream.createSocket(PGStream.java:261) ~[postgresql-42.7.8.jar:42.7.8]
	at org.postgresql.core.PGStream.<init>(PGStream.java:122) ~[postgresql-42.7.8.jar:42.7.8]
	at org.postgresql.core.v3.ConnectionFactoryImpl.tryConnect(ConnectionFactoryImpl.java:146) ~[postgresql-42.7.8.jar:42.7.8]
	at org.postgresql.core.v3.ConnectionFactoryImpl.openConnectionImpl(ConnectionFactoryImpl.java:289) ~[postgresql-42.7.8.jar:42.7.8]
	... 14 common frames omitted

2025-12-06T02:28:46.430+02:00  WARN 18296 --- [HikariPool-POSTGRE:connection-adder] com.zaxxer.hikari.pool.PoolBase          : HikariPool-POSTGRE - Pool is empty, failed to create/setup connection (81606767-9d22-4965-b4c3-335a768e163a)

org.postgresql.util.PSQLException: The connection attempt failed.
	at org.postgresql.core.v3.ConnectionFactoryImpl.openConnectionImpl(ConnectionFactoryImpl.java:385) ~[postgresql-42.7.8.jar:42.7.8]
	at org.postgresql.core.ConnectionFactory.openConnection(ConnectionFactory.java:57) ~[postgresql-42.7.8.jar:42.7.8]
	at org.postgresql.jdbc.PgConnection.<init>(PgConnection.java:279) ~[postgresql-42.7.8.jar:42.7.8]
	at org.postgresql.Driver.makeConnection(Driver.java:448) ~[postgresql-42.7.8.jar:42.7.8]
	at org.postgresql.Driver.connect(Driver.java:298) ~[postgresql-42.7.8.jar:42.7.8]
	at com.zaxxer.hikari.util.DriverDataSource.getConnection(DriverDataSource.java:144) ~[HikariCP-7.0.2.jar:na]
	at com.zaxxer.hikari.pool.PoolBase.newConnection(PoolBase.java:373) ~[HikariCP-7.0.2.jar:na]
	at com.zaxxer.hikari.pool.PoolBase.newPoolEntry(PoolBase.java:210) ~[HikariCP-7.0.2.jar:na]
	at com.zaxxer.hikari.pool.HikariPool.createPoolEntry(HikariPool.java:488) ~[HikariCP-7.0.2.jar:na]
	at com.zaxxer.hikari.pool.HikariPool$PoolEntryCreator.call(HikariPool.java:752) ~[HikariCP-7.0.2.jar:na]
	at com.zaxxer.hikari.pool.HikariPool$PoolEntryCreator.call(HikariPool.java:731) ~[HikariCP-7.0.2.jar:na]
	at java.base/java.util.concurrent.FutureTask.run(FutureTask.java:317) ~[na:na]
	at java.base/java.util.concurrent.ThreadPoolExecutor.runWorker(ThreadPoolExecutor.java:1144) ~[na:na]
	at java.base/java.util.concurrent.ThreadPoolExecutor$Worker.run(ThreadPoolExecutor.java:642) ~[na:na]
	at java.base/java.lang.Thread.run(Thread.java:1583) ~[na:na]
Caused by: java.net.UnknownHostException: dpg-d4i2omjuibrs73du8tbg-a.oregon-postgres.render.com
	at java.base/sun.nio.ch.NioSocketImpl.connect(NioSocketImpl.java:567) ~[na:na]
	at java.base/java.net.SocksSocketImpl.connect(SocksSocketImpl.java:327) ~[na:na]
	at java.base/java.net.Socket.connect(Socket.java:751) ~[na:na]
	at org.postgresql.core.PGStream.createSocket(PGStream.java:261) ~[postgresql-42.7.8.jar:42.7.8]
	at org.postgresql.core.PGStream.<init>(PGStream.java:122) ~[postgresql-42.7.8.jar:42.7.8]
	at org.postgresql.core.v3.ConnectionFactoryImpl.tryConnect(ConnectionFactoryImpl.java:146) ~[postgresql-42.7.8.jar:42.7.8]
	at org.postgresql.core.v3.ConnectionFactoryImpl.openConnectionImpl(ConnectionFactoryImpl.java:289) ~[postgresql-42.7.8.jar:42.7.8]
	... 14 common frames omitted

2025-12-06T02:29:51.605+02:00  WARN 18296 --- [HikariPool-POSTGRE:connection-adder] com.zaxxer.hikari.pool.PoolBase          : HikariPool-POSTGRE - Pool is empty, failed to create/setup connection (a5c2c6f0-06ec-462d-a7b2-961adc8aae0b)

org.postgresql.util.PSQLException: The connection attempt failed.
	at org.postgresql.core.v3.ConnectionFactoryImpl.openConnectionImpl(ConnectionFactoryImpl.java:385) ~[postgresql-42.7.8.jar:42.7.8]
	at org.postgresql.core.ConnectionFactory.openConnection(ConnectionFactory.java:57) ~[postgresql-42.7.8.jar:42.7.8]
	at org.postgresql.jdbc.PgConnection.<init>(PgConnection.java:279) ~[postgresql-42.7.8.jar:42.7.8]
	at org.postgresql.Driver.makeConnection(Driver.java:448) ~[postgresql-42.7.8.jar:42.7.8]
	at org.postgresql.Driver.connect(Driver.java:298) ~[postgresql-42.7.8.jar:42.7.8]
	at com.zaxxer.hikari.util.DriverDataSource.getConnection(DriverDataSource.java:144) ~[HikariCP-7.0.2.jar:na]
	at com.zaxxer.hikari.pool.PoolBase.newConnection(PoolBase.java:373) ~[HikariCP-7.0.2.jar:na]
	at com.zaxxer.hikari.pool.PoolBase.newPoolEntry(PoolBase.java:210) ~[HikariCP-7.0.2.jar:na]
	at com.zaxxer.hikari.pool.HikariPool.createPoolEntry(HikariPool.java:488) ~[HikariCP-7.0.2.jar:na]
	at com.zaxxer.hikari.pool.HikariPool$PoolEntryCreator.call(HikariPool.java:752) ~[HikariCP-7.0.2.jar:na]
	at com.zaxxer.hikari.pool.HikariPool$PoolEntryCreator.call(HikariPool.java:731) ~[HikariCP-7.0.2.jar:na]
	at java.base/java.util.concurrent.FutureTask.run(FutureTask.java:317) ~[na:na]
	at java.base/java.util.concurrent.ThreadPoolExecutor.runWorker(ThreadPoolExecutor.java:1144) ~[na:na]
	at java.base/java.util.concurrent.ThreadPoolExecutor$Worker.run(ThreadPoolExecutor.java:642) ~[na:na]
	at java.base/java.lang.Thread.run(Thread.java:1583) ~[na:na]
Caused by: java.net.UnknownHostException: dpg-d4i2omjuibrs73du8tbg-a.oregon-postgres.render.com
	at java.base/sun.nio.ch.NioSocketImpl.connect(NioSocketImpl.java:567) ~[na:na]
	at java.base/java.net.SocksSocketImpl.connect(SocksSocketImpl.java:327) ~[na:na]
	at java.base/java.net.Socket.connect(Socket.java:751) ~[na:na]
	at org.postgresql.core.PGStream.createSocket(PGStream.java:261) ~[postgresql-42.7.8.jar:42.7.8]
	at org.postgresql.core.PGStream.<init>(PGStream.java:122) ~[postgresql-42.7.8.jar:42.7.8]
	at org.postgresql.core.v3.ConnectionFactoryImpl.tryConnect(ConnectionFactoryImpl.java:146) ~[postgresql-42.7.8.jar:42.7.8]
	at org.postgresql.core.v3.ConnectionFactoryImpl.openConnectionImpl(ConnectionFactoryImpl.java:289) ~[postgresql-42.7.8.jar:42.7.8]
	... 14 common frames omitted

2025-12-06T02:30:56.733+02:00  WARN 18296 --- [HikariPool-POSTGRE:connection-adder] com.zaxxer.hikari.pool.PoolBase          : HikariPool-POSTGRE - Pool is empty, failed to create/setup connection (9183a789-65c0-4477-acfb-0826a94f8e3e)

org.postgresql.util.PSQLException: The connection attempt failed.
	at org.postgresql.core.v3.ConnectionFactoryImpl.openConnectionImpl(ConnectionFactoryImpl.java:385) ~[postgresql-42.7.8.jar:42.7.8]
	at org.postgresql.core.ConnectionFactory.openConnection(ConnectionFactory.java:57) ~[postgresql-42.7.8.jar:42.7.8]
	at org.postgresql.jdbc.PgConnection.<init>(PgConnection.java:279) ~[postgresql-42.7.8.jar:42.7.8]
	at org.postgresql.Driver.makeConnection(Driver.java:448) ~[postgresql-42.7.8.jar:42.7.8]
	at org.postgresql.Driver.connect(Driver.java:298) ~[postgresql-42.7.8.jar:42.7.8]
	at com.zaxxer.hikari.util.DriverDataSource.getConnection(DriverDataSource.java:144) ~[HikariCP-7.0.2.jar:na]
	at com.zaxxer.hikari.pool.PoolBase.newConnection(PoolBase.java:373) ~[HikariCP-7.0.2.jar:na]
	at com.zaxxer.hikari.pool.PoolBase.newPoolEntry(PoolBase.java:210) ~[HikariCP-7.0.2.jar:na]
	at com.zaxxer.hikari.pool.HikariPool.createPoolEntry(HikariPool.java:488) ~[HikariCP-7.0.2.jar:na]
	at com.zaxxer.hikari.pool.HikariPool$PoolEntryCreator.call(HikariPool.java:752) ~[HikariCP-7.0.2.jar:na]
	at com.zaxxer.hikari.pool.HikariPool$PoolEntryCreator.call(HikariPool.java:731) ~[HikariCP-7.0.2.jar:na]
	at java.base/java.util.concurrent.FutureTask.run(FutureTask.java:317) ~[na:na]
	at java.base/java.util.concurrent.ThreadPoolExecutor.runWorker(ThreadPoolExecutor.java:1144) ~[na:na]
	at java.base/java.util.concurrent.ThreadPoolExecutor$Worker.run(ThreadPoolExecutor.java:642) ~[na:na]
	at java.base/java.lang.Thread.run(Thread.java:1583) ~[na:na]
Caused by: java.net.UnknownHostException: dpg-d4i2omjuibrs73du8tbg-a.oregon-postgres.render.com
	at java.base/sun.nio.ch.NioSocketImpl.connect(NioSocketImpl.java:567) ~[na:na]
	at java.base/java.net.SocksSocketImpl.connect(SocksSocketImpl.java:327) ~[na:na]
	at java.base/java.net.Socket.connect(Socket.java:751) ~[na:na]
	at org.postgresql.core.PGStream.createSocket(PGStream.java:261) ~[postgresql-42.7.8.jar:42.7.8]
	at org.postgresql.core.PGStream.<init>(PGStream.java:122) ~[postgresql-42.7.8.jar:42.7.8]
	at org.postgresql.core.v3.ConnectionFactoryImpl.tryConnect(ConnectionFactoryImpl.java:146) ~[postgresql-42.7.8.jar:42.7.8]
	at org.postgresql.core.v3.ConnectionFactoryImpl.openConnectionImpl(ConnectionFactoryImpl.java:289) ~[postgresql-42.7.8.jar:42.7.8]
	... 14 common frames omitted

2025-12-06T02:32:01.893+02:00  WARN 18296 --- [HikariPool-POSTGRE:connection-adder] com.zaxxer.hikari.pool.PoolBase          : HikariPool-POSTGRE - Pool is empty, failed to create/setup connection (1f4551fe-c02c-4f72-9e3b-82457ba627f9)

org.postgresql.util.PSQLException: The connection attempt failed.
	at org.postgresql.core.v3.ConnectionFactoryImpl.openConnectionImpl(ConnectionFactoryImpl.java:385) ~[postgresql-42.7.8.jar:42.7.8]
	at org.postgresql.core.ConnectionFactory.openConnection(ConnectionFactory.java:57) ~[postgresql-42.7.8.jar:42.7.8]
	at org.postgresql.jdbc.PgConnection.<init>(PgConnection.java:279) ~[postgresql-42.7.8.jar:42.7.8]
	at org.postgresql.Driver.makeConnection(Driver.java:448) ~[postgresql-42.7.8.jar:42.7.8]
	at org.postgresql.Driver.connect(Driver.java:298) ~[postgresql-42.7.8.jar:42.7.8]
	at com.zaxxer.hikari.util.DriverDataSource.getConnection(DriverDataSource.java:144) ~[HikariCP-7.0.2.jar:na]
	at com.zaxxer.hikari.pool.PoolBase.newConnection(PoolBase.java:373) ~[HikariCP-7.0.2.jar:na]
	at com.zaxxer.hikari.pool.PoolBase.newPoolEntry(PoolBase.java:210) ~[HikariCP-7.0.2.jar:na]
	at com.zaxxer.hikari.pool.HikariPool.createPoolEntry(HikariPool.java:488) ~[HikariCP-7.0.2.jar:na]
	at com.zaxxer.hikari.pool.HikariPool$PoolEntryCreator.call(HikariPool.java:752) ~[HikariCP-7.0.2.jar:na]
	at com.zaxxer.hikari.pool.HikariPool$PoolEntryCreator.call(HikariPool.java:731) ~[HikariCP-7.0.2.jar:na]
	at java.base/java.util.concurrent.FutureTask.run(FutureTask.java:317) ~[na:na]
	at java.base/java.util.concurrent.ThreadPoolExecutor.runWorker(ThreadPoolExecutor.java:1144) ~[na:na]
	at java.base/java.util.concurrent.ThreadPoolExecutor$Worker.run(ThreadPoolExecutor.java:642) ~[na:na]
	at java.base/java.lang.Thread.run(Thread.java:1583) ~[na:na]
Caused by: java.net.UnknownHostException: dpg-d4i2omjuibrs73du8tbg-a.oregon-postgres.render.com
	at java.base/sun.nio.ch.NioSocketImpl.connect(NioSocketImpl.java:567) ~[na:na]
	at java.base/java.net.SocksSocketImpl.connect(SocksSocketImpl.java:327) ~[na:na]
	at java.base/java.net.Socket.connect(Socket.java:751) ~[na:na]
	at org.postgresql.core.PGStream.createSocket(PGStream.java:261) ~[postgresql-42.7.8.jar:42.7.8]
	at org.postgresql.core.PGStream.<init>(PGStream.java:122) ~[postgresql-42.7.8.jar:42.7.8]
	at org.postgresql.core.v3.ConnectionFactoryImpl.tryConnect(ConnectionFactoryImpl.java:146) ~[postgresql-42.7.8.jar:42.7.8]
	at org.postgresql.core.v3.ConnectionFactoryImpl.openConnectionImpl(ConnectionFactoryImpl.java:289) ~[postgresql-42.7.8.jar:42.7.8]
	... 14 common frames omitted

2025-12-06T02:33:07.050+02:00  WARN 18296 --- [HikariPool-POSTGRE:connection-adder] com.zaxxer.hikari.pool.PoolBase          : HikariPool-POSTGRE - Pool is empty, failed to create/setup connection (c290c35d-890f-44b4-9112-4dc2f7771877)

org.postgresql.util.PSQLException: The connection attempt failed.
	at org.postgresql.core.v3.ConnectionFactoryImpl.openConnectionImpl(ConnectionFactoryImpl.java:385) ~[postgresql-42.7.8.jar:42.7.8]
	at org.postgresql.core.ConnectionFactory.openConnection(ConnectionFactory.java:57) ~[postgresql-42.7.8.jar:42.7.8]
	at org.postgresql.jdbc.PgConnection.<init>(PgConnection.java:279) ~[postgresql-42.7.8.jar:42.7.8]
	at org.postgresql.Driver.makeConnection(Driver.java:448) ~[postgresql-42.7.8.jar:42.7.8]
	at org.postgresql.Driver.connect(Driver.java:298) ~[postgresql-42.7.8.jar:42.7.8]
	at com.zaxxer.hikari.util.DriverDataSource.getConnection(DriverDataSource.java:144) ~[HikariCP-7.0.2.jar:na]
	at com.zaxxer.hikari.pool.PoolBase.newConnection(PoolBase.java:373) ~[HikariCP-7.0.2.jar:na]
	at com.zaxxer.hikari.pool.PoolBase.newPoolEntry(PoolBase.java:210) ~[HikariCP-7.0.2.jar:na]
	at com.zaxxer.hikari.pool.HikariPool.createPoolEntry(HikariPool.java:488) ~[HikariCP-7.0.2.jar:na]
	at com.zaxxer.hikari.pool.HikariPool$PoolEntryCreator.call(HikariPool.java:752) ~[HikariCP-7.0.2.jar:na]
	at com.zaxxer.hikari.pool.HikariPool$PoolEntryCreator.call(HikariPool.java:731) ~[HikariCP-7.0.2.jar:na]
	at java.base/java.util.concurrent.FutureTask.run(FutureTask.java:317) ~[na:na]
	at java.base/java.util.concurrent.ThreadPoolExecutor.runWorker(ThreadPoolExecutor.java:1144) ~[na:na]
	at java.base/java.util.concurrent.ThreadPoolExecutor$Worker.run(ThreadPoolExecutor.java:642) ~[na:na]
	at java.base/java.lang.Thread.run(Thread.java:1583) ~[na:na]
Caused by: java.net.UnknownHostException: dpg-d4i2omjuibrs73du8tbg-a.oregon-postgres.render.com
	at java.base/sun.nio.ch.NioSocketImpl.connect(NioSocketImpl.java:567) ~[na:na]
	at java.base/java.net.SocksSocketImpl.connect(SocksSocketImpl.java:327) ~[na:na]
	at java.base/java.net.Socket.connect(Socket.java:751) ~[na:na]
	at org.postgresql.core.PGStream.createSocket(PGStream.java:261) ~[postgresql-42.7.8.jar:42.7.8]
	at org.postgresql.core.PGStream.<init>(PGStream.java:122) ~[postgresql-42.7.8.jar:42.7.8]
	at org.postgresql.core.v3.ConnectionFactoryImpl.tryConnect(ConnectionFactoryImpl.java:146) ~[postgresql-42.7.8.jar:42.7.8]
	at org.postgresql.core.v3.ConnectionFactoryImpl.openConnectionImpl(ConnectionFactoryImpl.java:289) ~[postgresql-42.7.8.jar:42.7.8]
	... 14 common frames omitted

2025-12-06T02:34:12.191+02:00  WARN 18296 --- [HikariPool-POSTGRE:connection-adder] com.zaxxer.hikari.pool.PoolBase          : HikariPool-POSTGRE - Pool is empty, failed to create/setup connection (e708599d-92b4-48ce-acec-458061e0761a)

org.postgresql.util.PSQLException: The connection attempt failed.
	at org.postgresql.core.v3.ConnectionFactoryImpl.openConnectionImpl(ConnectionFactoryImpl.java:385) ~[postgresql-42.7.8.jar:42.7.8]
	at org.postgresql.core.ConnectionFactory.openConnection(ConnectionFactory.java:57) ~[postgresql-42.7.8.jar:42.7.8]
	at org.postgresql.jdbc.PgConnection.<init>(PgConnection.java:279) ~[postgresql-42.7.8.jar:42.7.8]
	at org.postgresql.Driver.makeConnection(Driver.java:448) ~[postgresql-42.7.8.jar:42.7.8]
	at org.postgresql.Driver.connect(Driver.java:298) ~[postgresql-42.7.8.jar:42.7.8]
	at com.zaxxer.hikari.util.DriverDataSource.getConnection(DriverDataSource.java:144) ~[HikariCP-7.0.2.jar:na]
	at com.zaxxer.hikari.pool.PoolBase.newConnection(PoolBase.java:373) ~[HikariCP-7.0.2.jar:na]
	at com.zaxxer.hikari.pool.PoolBase.newPoolEntry(PoolBase.java:210) ~[HikariCP-7.0.2.jar:na]
	at com.zaxxer.hikari.pool.HikariPool.createPoolEntry(HikariPool.java:488) ~[HikariCP-7.0.2.jar:na]
	at com.zaxxer.hikari.pool.HikariPool$PoolEntryCreator.call(HikariPool.java:752) ~[HikariCP-7.0.2.jar:na]
	at com.zaxxer.hikari.pool.HikariPool$PoolEntryCreator.call(HikariPool.java:731) ~[HikariCP-7.0.2.jar:na]
	at java.base/java.util.concurrent.FutureTask.run(FutureTask.java:317) ~[na:na]
	at java.base/java.util.concurrent.ThreadPoolExecutor.runWorker(ThreadPoolExecutor.java:1144) ~[na:na]
	at java.base/java.util.concurrent.ThreadPoolExecutor$Worker.run(ThreadPoolExecutor.java:642) ~[na:na]
	at java.base/java.lang.Thread.run(Thread.java:1583) ~[na:na]
Caused by: java.net.UnknownHostException: dpg-d4i2omjuibrs73du8tbg-a.oregon-postgres.render.com
	at java.base/sun.nio.ch.NioSocketImpl.connect(NioSocketImpl.java:567) ~[na:na]
	at java.base/java.net.SocksSocketImpl.connect(SocksSocketImpl.java:327) ~[na:na]
	at java.base/java.net.Socket.connect(Socket.java:751) ~[na:na]
	at org.postgresql.core.PGStream.createSocket(PGStream.java:261) ~[postgresql-42.7.8.jar:42.7.8]
	at org.postgresql.core.PGStream.<init>(PGStream.java:122) ~[postgresql-42.7.8.jar:42.7.8]
	at org.postgresql.core.v3.ConnectionFactoryImpl.tryConnect(ConnectionFactoryImpl.java:146) ~[postgresql-42.7.8.jar:42.7.8]
	at org.postgresql.core.v3.ConnectionFactoryImpl.openConnectionImpl(ConnectionFactoryImpl.java:289) ~[postgresql-42.7.8.jar:42.7.8]
	... 14 common frames omitted

2025-12-06T02:35:17.322+02:00  WARN 18296 --- [HikariPool-POSTGRE:connection-adder] com.zaxxer.hikari.pool.PoolBase          : HikariPool-POSTGRE - Pool is empty, failed to create/setup connection (856e7374-3fce-4b8b-a2a3-6b8de3633934)

org.postgresql.util.PSQLException: The connection attempt failed.
	at org.postgresql.core.v3.ConnectionFactoryImpl.openConnectionImpl(ConnectionFactoryImpl.java:385) ~[postgresql-42.7.8.jar:42.7.8]
	at org.postgresql.core.ConnectionFactory.openConnection(ConnectionFactory.java:57) ~[postgresql-42.7.8.jar:42.7.8]
	at org.postgresql.jdbc.PgConnection.<init>(PgConnection.java:279) ~[postgresql-42.7.8.jar:42.7.8]
	at org.postgresql.Driver.makeConnection(Driver.java:448) ~[postgresql-42.7.8.jar:42.7.8]
	at org.postgresql.Driver.connect(Driver.java:298) ~[postgresql-42.7.8.jar:42.7.8]
	at com.zaxxer.hikari.util.DriverDataSource.getConnection(DriverDataSource.java:144) ~[HikariCP-7.0.2.jar:na]
	at com.zaxxer.hikari.pool.PoolBase.newConnection(PoolBase.java:373) ~[HikariCP-7.0.2.jar:na]
	at com.zaxxer.hikari.pool.PoolBase.newPoolEntry(PoolBase.java:210) ~[HikariCP-7.0.2.jar:na]
	at com.zaxxer.hikari.pool.HikariPool.createPoolEntry(HikariPool.java:488) ~[HikariCP-7.0.2.jar:na]
	at com.zaxxer.hikari.pool.HikariPool$PoolEntryCreator.call(HikariPool.java:752) ~[HikariCP-7.0.2.jar:na]
	at com.zaxxer.hikari.pool.HikariPool$PoolEntryCreator.call(HikariPool.java:731) ~[HikariCP-7.0.2.jar:na]
	at java.base/java.util.concurrent.FutureTask.run(FutureTask.java:317) ~[na:na]
	at java.base/java.util.concurrent.ThreadPoolExecutor.runWorker(ThreadPoolExecutor.java:1144) ~[na:na]
	at java.base/java.util.concurrent.ThreadPoolExecutor$Worker.run(ThreadPoolExecutor.java:642) ~[na:na]
	at java.base/java.lang.Thread.run(Thread.java:1583) ~[na:na]
Caused by: java.net.UnknownHostException: dpg-d4i2omjuibrs73du8tbg-a.oregon-postgres.render.com
	at java.base/sun.nio.ch.NioSocketImpl.connect(NioSocketImpl.java:567) ~[na:na]
	at java.base/java.net.SocksSocketImpl.connect(SocksSocketImpl.java:327) ~[na:na]
	at java.base/java.net.Socket.connect(Socket.java:751) ~[na:na]
	at org.postgresql.core.PGStream.createSocket(PGStream.java:261) ~[postgresql-42.7.8.jar:42.7.8]
	at org.postgresql.core.PGStream.<init>(PGStream.java:122) ~[postgresql-42.7.8.jar:42.7.8]
	at org.postgresql.core.v3.ConnectionFactoryImpl.tryConnect(ConnectionFactoryImpl.java:146) ~[postgresql-42.7.8.jar:42.7.8]
	at org.postgresql.core.v3.ConnectionFactoryImpl.openConnectionImpl(ConnectionFactoryImpl.java:289) ~[postgresql-42.7.8.jar:42.7.8]
	... 14 common frames omitted

2025-12-06T02:36:22.439+02:00  WARN 18296 --- [HikariPool-POSTGRE:connection-adder] com.zaxxer.hikari.pool.PoolBase          : HikariPool-POSTGRE - Pool is empty, failed to create/setup connection (b99eaebb-86eb-4a33-b957-e9f58d02d897)

org.postgresql.util.PSQLException: The connection attempt failed.
	at org.postgresql.core.v3.ConnectionFactoryImpl.openConnectionImpl(ConnectionFactoryImpl.java:385) ~[postgresql-42.7.8.jar:42.7.8]
	at org.postgresql.core.ConnectionFactory.openConnection(ConnectionFactory.java:57) ~[postgresql-42.7.8.jar:42.7.8]
	at org.postgresql.jdbc.PgConnection.<init>(PgConnection.java:279) ~[postgresql-42.7.8.jar:42.7.8]
	at org.postgresql.Driver.makeConnection(Driver.java:448) ~[postgresql-42.7.8.jar:42.7.8]
	at org.postgresql.Driver.connect(Driver.java:298) ~[postgresql-42.7.8.jar:42.7.8]
	at com.zaxxer.hikari.util.DriverDataSource.getConnection(DriverDataSource.java:144) ~[HikariCP-7.0.2.jar:na]
	at com.zaxxer.hikari.pool.PoolBase.newConnection(PoolBase.java:373) ~[HikariCP-7.0.2.jar:na]
	at com.zaxxer.hikari.pool.PoolBase.newPoolEntry(PoolBase.java:210) ~[HikariCP-7.0.2.jar:na]
	at com.zaxxer.hikari.pool.HikariPool.createPoolEntry(HikariPool.java:488) ~[HikariCP-7.0.2.jar:na]
	at com.zaxxer.hikari.pool.HikariPool$PoolEntryCreator.call(HikariPool.java:752) ~[HikariCP-7.0.2.jar:na]
	at com.zaxxer.hikari.pool.HikariPool$PoolEntryCreator.call(HikariPool.java:731) ~[HikariCP-7.0.2.jar:na]
	at java.base/java.util.concurrent.FutureTask.run(FutureTask.java:317) ~[na:na]
	at java.base/java.util.concurrent.ThreadPoolExecutor.runWorker(ThreadPoolExecutor.java:1144) ~[na:na]
	at java.base/java.util.concurrent.ThreadPoolExecutor$Worker.run(ThreadPoolExecutor.java:642) ~[na:na]
	at java.base/java.lang.Thread.run(Thread.java:1583) ~[na:na]
Caused by: java.net.UnknownHostException: dpg-d4i2omjuibrs73du8tbg-a.oregon-postgres.render.com
	at java.base/sun.nio.ch.NioSocketImpl.connect(NioSocketImpl.java:567) ~[na:na]
	at java.base/java.net.SocksSocketImpl.connect(SocksSocketImpl.java:327) ~[na:na]
	at java.base/java.net.Socket.connect(Socket.java:751) ~[na:na]
	at org.postgresql.core.PGStream.createSocket(PGStream.java:261) ~[postgresql-42.7.8.jar:42.7.8]
	at org.postgresql.core.PGStream.<init>(PGStream.java:122) ~[postgresql-42.7.8.jar:42.7.8]
	at org.postgresql.core.v3.ConnectionFactoryImpl.tryConnect(ConnectionFactoryImpl.java:146) ~[postgresql-42.7.8.jar:42.7.8]
	at org.postgresql.core.v3.ConnectionFactoryImpl.openConnectionImpl(ConnectionFactoryImpl.java:289) ~[postgresql-42.7.8.jar:42.7.8]
	... 14 common frames omitted

2025-12-06T02:37:27.633+02:00  WARN 18296 --- [HikariPool-POSTGRE:connection-adder] com.zaxxer.hikari.pool.PoolBase          : HikariPool-POSTGRE - Pool is empty, failed to create/setup connection (a8df7af1-1a2f-401f-9a3f-5abe0b8a9829)

org.postgresql.util.PSQLException: The connection attempt failed.
	at org.postgresql.core.v3.ConnectionFactoryImpl.openConnectionImpl(ConnectionFactoryImpl.java:385) ~[postgresql-42.7.8.jar:42.7.8]
	at org.postgresql.core.ConnectionFactory.openConnection(ConnectionFactory.java:57) ~[postgresql-42.7.8.jar:42.7.8]
	at org.postgresql.jdbc.PgConnection.<init>(PgConnection.java:279) ~[postgresql-42.7.8.jar:42.7.8]
	at org.postgresql.Driver.makeConnection(Driver.java:448) ~[postgresql-42.7.8.jar:42.7.8]
	at org.postgresql.Driver.connect(Driver.java:298) ~[postgresql-42.7.8.jar:42.7.8]
	at com.zaxxer.hikari.util.DriverDataSource.getConnection(DriverDataSource.java:144) ~[HikariCP-7.0.2.jar:na]
	at com.zaxxer.hikari.pool.PoolBase.newConnection(PoolBase.java:373) ~[HikariCP-7.0.2.jar:na]
	at com.zaxxer.hikari.pool.PoolBase.newPoolEntry(PoolBase.java:210) ~[HikariCP-7.0.2.jar:na]
	at com.zaxxer.hikari.pool.HikariPool.createPoolEntry(HikariPool.java:488) ~[HikariCP-7.0.2.jar:na]
	at com.zaxxer.hikari.pool.HikariPool$PoolEntryCreator.call(HikariPool.java:752) ~[HikariCP-7.0.2.jar:na]
	at com.zaxxer.hikari.pool.HikariPool$PoolEntryCreator.call(HikariPool.java:731) ~[HikariCP-7.0.2.jar:na]
	at java.base/java.util.concurrent.FutureTask.run(FutureTask.java:317) ~[na:na]
	at java.base/java.util.concurrent.ThreadPoolExecutor.runWorker(ThreadPoolExecutor.java:1144) ~[na:na]
	at java.base/java.util.concurrent.ThreadPoolExecutor$Worker.run(ThreadPoolExecutor.java:642) ~[na:na]
	at java.base/java.lang.Thread.run(Thread.java:1583) ~[na:na]
Caused by: java.net.UnknownHostException: dpg-d4i2omjuibrs73du8tbg-a.oregon-postgres.render.com
	at java.base/sun.nio.ch.NioSocketImpl.connect(NioSocketImpl.java:567) ~[na:na]
	at java.base/java.net.SocksSocketImpl.connect(SocksSocketImpl.java:327) ~[na:na]
	at java.base/java.net.Socket.connect(Socket.java:751) ~[na:na]
	at org.postgresql.core.PGStream.createSocket(PGStream.java:261) ~[postgresql-42.7.8.jar:42.7.8]
	at org.postgresql.core.PGStream.<init>(PGStream.java:122) ~[postgresql-42.7.8.jar:42.7.8]
	at org.postgresql.core.v3.ConnectionFactoryImpl.tryConnect(ConnectionFactoryImpl.java:146) ~[postgresql-42.7.8.jar:42.7.8]
	at org.postgresql.core.v3.ConnectionFactoryImpl.openConnectionImpl(ConnectionFactoryImpl.java:289) ~[postgresql-42.7.8.jar:42.7.8]
	... 14 common frames omitted

2025-12-06T02:38:32.815+02:00  WARN 18296 --- [HikariPool-POSTGRE:connection-adder] com.zaxxer.hikari.pool.PoolBase          : HikariPool-POSTGRE - Pool is empty, failed to create/setup connection (ab40dcd1-b9f2-4e5a-bf67-7b01b131073e)

org.postgresql.util.PSQLException: The connection attempt failed.
	at org.postgresql.core.v3.ConnectionFactoryImpl.openConnectionImpl(ConnectionFactoryImpl.java:385) ~[postgresql-42.7.8.jar:42.7.8]
	at org.postgresql.core.ConnectionFactory.openConnection(ConnectionFactory.java:57) ~[postgresql-42.7.8.jar:42.7.8]
	at org.postgresql.jdbc.PgConnection.<init>(PgConnection.java:279) ~[postgresql-42.7.8.jar:42.7.8]
	at org.postgresql.Driver.makeConnection(Driver.java:448) ~[postgresql-42.7.8.jar:42.7.8]
	at org.postgresql.Driver.connect(Driver.java:298) ~[postgresql-42.7.8.jar:42.7.8]
	at com.zaxxer.hikari.util.DriverDataSource.getConnection(DriverDataSource.java:144) ~[HikariCP-7.0.2.jar:na]
	at com.zaxxer.hikari.pool.PoolBase.newConnection(PoolBase.java:373) ~[HikariCP-7.0.2.jar:na]
	at com.zaxxer.hikari.pool.PoolBase.newPoolEntry(PoolBase.java:210) ~[HikariCP-7.0.2.jar:na]
	at com.zaxxer.hikari.pool.HikariPool.createPoolEntry(HikariPool.java:488) ~[HikariCP-7.0.2.jar:na]
	at com.zaxxer.hikari.pool.HikariPool$PoolEntryCreator.call(HikariPool.java:752) ~[HikariCP-7.0.2.jar:na]
	at com.zaxxer.hikari.pool.HikariPool$PoolEntryCreator.call(HikariPool.java:731) ~[HikariCP-7.0.2.jar:na]
	at java.base/java.util.concurrent.FutureTask.run(FutureTask.java:317) ~[na:na]
	at java.base/java.util.concurrent.ThreadPoolExecutor.runWorker(ThreadPoolExecutor.java:1144) ~[na:na]
	at java.base/java.util.concurrent.ThreadPoolExecutor$Worker.run(ThreadPoolExecutor.java:642) ~[na:na]
	at java.base/java.lang.Thread.run(Thread.java:1583) ~[na:na]
Caused by: java.net.UnknownHostException: dpg-d4i2omjuibrs73du8tbg-a.oregon-postgres.render.com
	at java.base/sun.nio.ch.NioSocketImpl.connect(NioSocketImpl.java:567) ~[na:na]
	at java.base/java.net.SocksSocketImpl.connect(SocksSocketImpl.java:327) ~[na:na]
	at java.base/java.net.Socket.connect(Socket.java:751) ~[na:na]
	at org.postgresql.core.PGStream.createSocket(PGStream.java:261) ~[postgresql-42.7.8.jar:42.7.8]
	at org.postgresql.core.PGStream.<init>(PGStream.java:122) ~[postgresql-42.7.8.jar:42.7.8]
	at org.postgresql.core.v3.ConnectionFactoryImpl.tryConnect(ConnectionFactoryImpl.java:146) ~[postgresql-42.7.8.jar:42.7.8]
	at org.postgresql.core.v3.ConnectionFactoryImpl.openConnectionImpl(ConnectionFactoryImpl.java:289) ~[postgresql-42.7.8.jar:42.7.8]
	... 14 common frames omitted

2025-12-06T02:39:37.967+02:00  WARN 18296 --- [HikariPool-POSTGRE:connection-adder] com.zaxxer.hikari.pool.PoolBase          : HikariPool-POSTGRE - Pool is empty, failed to create/setup connection (95f569be-a4c2-4677-9d96-2720bd031a57)

org.postgresql.util.PSQLException: The connection attempt failed.
	at org.postgresql.core.v3.ConnectionFactoryImpl.openConnectionImpl(ConnectionFactoryImpl.java:385) ~[postgresql-42.7.8.jar:42.7.8]
	at org.postgresql.core.ConnectionFactory.openConnection(ConnectionFactory.java:57) ~[postgresql-42.7.8.jar:42.7.8]
	at org.postgresql.jdbc.PgConnection.<init>(PgConnection.java:279) ~[postgresql-42.7.8.jar:42.7.8]
	at org.postgresql.Driver.makeConnection(Driver.java:448) ~[postgresql-42.7.8.jar:42.7.8]
	at org.postgresql.Driver.connect(Driver.java:298) ~[postgresql-42.7.8.jar:42.7.8]
	at com.zaxxer.hikari.util.DriverDataSource.getConnection(DriverDataSource.java:144) ~[HikariCP-7.0.2.jar:na]
	at com.zaxxer.hikari.pool.PoolBase.newConnection(PoolBase.java:373) ~[HikariCP-7.0.2.jar:na]
	at com.zaxxer.hikari.pool.PoolBase.newPoolEntry(PoolBase.java:210) ~[HikariCP-7.0.2.jar:na]
	at com.zaxxer.hikari.pool.HikariPool.createPoolEntry(HikariPool.java:488) ~[HikariCP-7.0.2.jar:na]
	at com.zaxxer.hikari.pool.HikariPool$PoolEntryCreator.call(HikariPool.java:752) ~[HikariCP-7.0.2.jar:na]
	at com.zaxxer.hikari.pool.HikariPool$PoolEntryCreator.call(HikariPool.java:731) ~[HikariCP-7.0.2.jar:na]
	at java.base/java.util.concurrent.FutureTask.run(FutureTask.java:317) ~[na:na]
	at java.base/java.util.concurrent.ThreadPoolExecutor.runWorker(ThreadPoolExecutor.java:1144) ~[na:na]
	at java.base/java.util.concurrent.ThreadPoolExecutor$Worker.run(ThreadPoolExecutor.java:642) ~[na:na]
	at java.base/java.lang.Thread.run(Thread.java:1583) ~[na:na]
Caused by: java.net.UnknownHostException: dpg-d4i2omjuibrs73du8tbg-a.oregon-postgres.render.com
	at java.base/sun.nio.ch.NioSocketImpl.connect(NioSocketImpl.java:567) ~[na:na]
	at java.base/java.net.SocksSocketImpl.connect(SocksSocketImpl.java:327) ~[na:na]
	at java.base/java.net.Socket.connect(Socket.java:751) ~[na:na]
	at org.postgresql.core.PGStream.createSocket(PGStream.java:261) ~[postgresql-42.7.8.jar:42.7.8]
	at org.postgresql.core.PGStream.<init>(PGStream.java:122) ~[postgresql-42.7.8.jar:42.7.8]
	at org.postgresql.core.v3.ConnectionFactoryImpl.tryConnect(ConnectionFactoryImpl.java:146) ~[postgresql-42.7.8.jar:42.7.8]
	at org.postgresql.core.v3.ConnectionFactoryImpl.openConnectionImpl(ConnectionFactoryImpl.java:289) ~[postgresql-42.7.8.jar:42.7.8]
	... 14 common frames omitted

2025-12-06T02:40:43.104+02:00  WARN 18296 --- [HikariPool-POSTGRE:connection-adder] com.zaxxer.hikari.pool.PoolBase          : HikariPool-POSTGRE - Pool is empty, failed to create/setup connection (0e9f0cfd-1164-4924-90d9-8724cb401fe3)

org.postgresql.util.PSQLException: The connection attempt failed.
	at org.postgresql.core.v3.ConnectionFactoryImpl.openConnectionImpl(ConnectionFactoryImpl.java:385) ~[postgresql-42.7.8.jar:42.7.8]
	at org.postgresql.core.ConnectionFactory.openConnection(ConnectionFactory.java:57) ~[postgresql-42.7.8.jar:42.7.8]
	at org.postgresql.jdbc.PgConnection.<init>(PgConnection.java:279) ~[postgresql-42.7.8.jar:42.7.8]
	at org.postgresql.Driver.makeConnection(Driver.java:448) ~[postgresql-42.7.8.jar:42.7.8]
	at org.postgresql.Driver.connect(Driver.java:298) ~[postgresql-42.7.8.jar:42.7.8]
	at com.zaxxer.hikari.util.DriverDataSource.getConnection(DriverDataSource.java:144) ~[HikariCP-7.0.2.jar:na]
	at com.zaxxer.hikari.pool.PoolBase.newConnection(PoolBase.java:373) ~[HikariCP-7.0.2.jar:na]
	at com.zaxxer.hikari.pool.PoolBase.newPoolEntry(PoolBase.java:210) ~[HikariCP-7.0.2.jar:na]
	at com.zaxxer.hikari.pool.HikariPool.createPoolEntry(HikariPool.java:488) ~[HikariCP-7.0.2.jar:na]
	at com.zaxxer.hikari.pool.HikariPool$PoolEntryCreator.call(HikariPool.java:752) ~[HikariCP-7.0.2.jar:na]
	at com.zaxxer.hikari.pool.HikariPool$PoolEntryCreator.call(HikariPool.java:731) ~[HikariCP-7.0.2.jar:na]
	at java.base/java.util.concurrent.FutureTask.run(FutureTask.java:317) ~[na:na]
	at java.base/java.util.concurrent.ThreadPoolExecutor.runWorker(ThreadPoolExecutor.java:1144) ~[na:na]
	at java.base/java.util.concurrent.ThreadPoolExecutor$Worker.run(ThreadPoolExecutor.java:642) ~[na:na]
	at java.base/java.lang.Thread.run(Thread.java:1583) ~[na:na]
Caused by: java.net.UnknownHostException: dpg-d4i2omjuibrs73du8tbg-a.oregon-postgres.render.com
	at java.base/sun.nio.ch.NioSocketImpl.connect(NioSocketImpl.java:567) ~[na:na]
	at java.base/java.net.SocksSocketImpl.connect(SocksSocketImpl.java:327) ~[na:na]
	at java.base/java.net.Socket.connect(Socket.java:751) ~[na:na]
	at org.postgresql.core.PGStream.createSocket(PGStream.java:261) ~[postgresql-42.7.8.jar:42.7.8]
	at org.postgresql.core.PGStream.<init>(PGStream.java:122) ~[postgresql-42.7.8.jar:42.7.8]
	at org.postgresql.core.v3.ConnectionFactoryImpl.tryConnect(ConnectionFactoryImpl.java:146) ~[postgresql-42.7.8.jar:42.7.8]
	at org.postgresql.core.v3.ConnectionFactoryImpl.openConnectionImpl(ConnectionFactoryImpl.java:289) ~[postgresql-42.7.8.jar:42.7.8]
	... 14 common frames omitted

2025-12-06T02:41:48.250+02:00  WARN 18296 --- [HikariPool-POSTGRE:connection-adder] com.zaxxer.hikari.pool.PoolBase          : HikariPool-POSTGRE - Pool is empty, failed to create/setup connection (53c433b0-d7cd-4652-840a-345799447cca)

org.postgresql.util.PSQLException: The connection attempt failed.
	at org.postgresql.core.v3.ConnectionFactoryImpl.openConnectionImpl(ConnectionFactoryImpl.java:385) ~[postgresql-42.7.8.jar:42.7.8]
	at org.postgresql.core.ConnectionFactory.openConnection(ConnectionFactory.java:57) ~[postgresql-42.7.8.jar:42.7.8]
	at org.postgresql.jdbc.PgConnection.<init>(PgConnection.java:279) ~[postgresql-42.7.8.jar:42.7.8]
	at org.postgresql.Driver.makeConnection(Driver.java:448) ~[postgresql-42.7.8.jar:42.7.8]
	at org.postgresql.Driver.connect(Driver.java:298) ~[postgresql-42.7.8.jar:42.7.8]
	at com.zaxxer.hikari.util.DriverDataSource.getConnection(DriverDataSource.java:144) ~[HikariCP-7.0.2.jar:na]
	at com.zaxxer.hikari.pool.PoolBase.newConnection(PoolBase.java:373) ~[HikariCP-7.0.2.jar:na]
	at com.zaxxer.hikari.pool.PoolBase.newPoolEntry(PoolBase.java:210) ~[HikariCP-7.0.2.jar:na]
	at com.zaxxer.hikari.pool.HikariPool.createPoolEntry(HikariPool.java:488) ~[HikariCP-7.0.2.jar:na]
	at com.zaxxer.hikari.pool.HikariPool$PoolEntryCreator.call(HikariPool.java:752) ~[HikariCP-7.0.2.jar:na]
	at com.zaxxer.hikari.pool.HikariPool$PoolEntryCreator.call(HikariPool.java:731) ~[HikariCP-7.0.2.jar:na]
	at java.base/java.util.concurrent.FutureTask.run(FutureTask.java:317) ~[na:na]
	at java.base/java.util.concurrent.ThreadPoolExecutor.runWorker(ThreadPoolExecutor.java:1144) ~[na:na]
	at java.base/java.util.concurrent.ThreadPoolExecutor$Worker.run(ThreadPoolExecutor.java:642) ~[na:na]
	at java.base/java.lang.Thread.run(Thread.java:1583) ~[na:na]
Caused by: java.net.UnknownHostException: dpg-d4i2omjuibrs73du8tbg-a.oregon-postgres.render.com
	at java.base/sun.nio.ch.NioSocketImpl.connect(NioSocketImpl.java:567) ~[na:na]
	at java.base/java.net.SocksSocketImpl.connect(SocksSocketImpl.java:327) ~[na:na]
	at java.base/java.net.Socket.connect(Socket.java:751) ~[na:na]
	at org.postgresql.core.PGStream.createSocket(PGStream.java:261) ~[postgresql-42.7.8.jar:42.7.8]
	at org.postgresql.core.PGStream.<init>(PGStream.java:122) ~[postgresql-42.7.8.jar:42.7.8]
	at org.postgresql.core.v3.ConnectionFactoryImpl.tryConnect(ConnectionFactoryImpl.java:146) ~[postgresql-42.7.8.jar:42.7.8]
	at org.postgresql.core.v3.ConnectionFactoryImpl.openConnectionImpl(ConnectionFactoryImpl.java:289) ~[postgresql-42.7.8.jar:42.7.8]
	... 14 common frames omitted

2025-12-06T02:42:53.439+02:00  WARN 18296 --- [HikariPool-POSTGRE:connection-adder] com.zaxxer.hikari.pool.PoolBase          : HikariPool-POSTGRE - Pool is empty, failed to create/setup connection (a75bd886-e597-48c5-8292-edccf62da81d)

org.postgresql.util.PSQLException: The connection attempt failed.
	at org.postgresql.core.v3.ConnectionFactoryImpl.openConnectionImpl(ConnectionFactoryImpl.java:385) ~[postgresql-42.7.8.jar:42.7.8]
	at org.postgresql.core.ConnectionFactory.openConnection(ConnectionFactory.java:57) ~[postgresql-42.7.8.jar:42.7.8]
	at org.postgresql.jdbc.PgConnection.<init>(PgConnection.java:279) ~[postgresql-42.7.8.jar:42.7.8]
	at org.postgresql.Driver.makeConnection(Driver.java:448) ~[postgresql-42.7.8.jar:42.7.8]
	at org.postgresql.Driver.connect(Driver.java:298) ~[postgresql-42.7.8.jar:42.7.8]
	at com.zaxxer.hikari.util.DriverDataSource.getConnection(DriverDataSource.java:144) ~[HikariCP-7.0.2.jar:na]
	at com.zaxxer.hikari.pool.PoolBase.newConnection(PoolBase.java:373) ~[HikariCP-7.0.2.jar:na]
	at com.zaxxer.hikari.pool.PoolBase.newPoolEntry(PoolBase.java:210) ~[HikariCP-7.0.2.jar:na]
	at com.zaxxer.hikari.pool.HikariPool.createPoolEntry(HikariPool.java:488) ~[HikariCP-7.0.2.jar:na]
	at com.zaxxer.hikari.pool.HikariPool$PoolEntryCreator.call(HikariPool.java:752) ~[HikariCP-7.0.2.jar:na]
	at com.zaxxer.hikari.pool.HikariPool$PoolEntryCreator.call(HikariPool.java:731) ~[HikariCP-7.0.2.jar:na]
	at java.base/java.util.concurrent.FutureTask.run(FutureTask.java:317) ~[na:na]
	at java.base/java.util.concurrent.ThreadPoolExecutor.runWorker(ThreadPoolExecutor.java:1144) ~[na:na]
	at java.base/java.util.concurrent.ThreadPoolExecutor$Worker.run(ThreadPoolExecutor.java:642) ~[na:na]
	at java.base/java.lang.Thread.run(Thread.java:1583) ~[na:na]
Caused by: java.net.UnknownHostException: dpg-d4i2omjuibrs73du8tbg-a.oregon-postgres.render.com
	at java.base/sun.nio.ch.NioSocketImpl.connect(NioSocketImpl.java:567) ~[na:na]
	at java.base/java.net.SocksSocketImpl.connect(SocksSocketImpl.java:327) ~[na:na]
	at java.base/java.net.Socket.connect(Socket.java:751) ~[na:na]
	at org.postgresql.core.PGStream.createSocket(PGStream.java:261) ~[postgresql-42.7.8.jar:42.7.8]
	at org.postgresql.core.PGStream.<init>(PGStream.java:122) ~[postgresql-42.7.8.jar:42.7.8]
	at org.postgresql.core.v3.ConnectionFactoryImpl.tryConnect(ConnectionFactoryImpl.java:146) ~[postgresql-42.7.8.jar:42.7.8]
	at org.postgresql.core.v3.ConnectionFactoryImpl.openConnectionImpl(ConnectionFactoryImpl.java:289) ~[postgresql-42.7.8.jar:42.7.8]
	... 14 common frames omitted

2025-12-06T02:43:58.562+02:00  WARN 18296 --- [HikariPool-POSTGRE:connection-adder] com.zaxxer.hikari.pool.PoolBase          : HikariPool-POSTGRE - Pool is empty, failed to create/setup connection (5d264a32-b359-46b0-b250-702a5b5b1258)

org.postgresql.util.PSQLException: The connection attempt failed.
	at org.postgresql.core.v3.ConnectionFactoryImpl.openConnectionImpl(ConnectionFactoryImpl.java:385) ~[postgresql-42.7.8.jar:42.7.8]
	at org.postgresql.core.ConnectionFactory.openConnection(ConnectionFactory.java:57) ~[postgresql-42.7.8.jar:42.7.8]
	at org.postgresql.jdbc.PgConnection.<init>(PgConnection.java:279) ~[postgresql-42.7.8.jar:42.7.8]
	at org.postgresql.Driver.makeConnection(Driver.java:448) ~[postgresql-42.7.8.jar:42.7.8]
	at org.postgresql.Driver.connect(Driver.java:298) ~[postgresql-42.7.8.jar:42.7.8]
	at com.zaxxer.hikari.util.DriverDataSource.getConnection(DriverDataSource.java:144) ~[HikariCP-7.0.2.jar:na]
	at com.zaxxer.hikari.pool.PoolBase.newConnection(PoolBase.java:373) ~[HikariCP-7.0.2.jar:na]
	at com.zaxxer.hikari.pool.PoolBase.newPoolEntry(PoolBase.java:210) ~[HikariCP-7.0.2.jar:na]
	at com.zaxxer.hikari.pool.HikariPool.createPoolEntry(HikariPool.java:488) ~[HikariCP-7.0.2.jar:na]
	at com.zaxxer.hikari.pool.HikariPool$PoolEntryCreator.call(HikariPool.java:752) ~[HikariCP-7.0.2.jar:na]
	at com.zaxxer.hikari.pool.HikariPool$PoolEntryCreator.call(HikariPool.java:731) ~[HikariCP-7.0.2.jar:na]
	at java.base/java.util.concurrent.FutureTask.run(FutureTask.java:317) ~[na:na]
	at java.base/java.util.concurrent.ThreadPoolExecutor.runWorker(ThreadPoolExecutor.java:1144) ~[na:na]
	at java.base/java.util.concurrent.ThreadPoolExecutor$Worker.run(ThreadPoolExecutor.java:642) ~[na:na]
	at java.base/java.lang.Thread.run(Thread.java:1583) ~[na:na]
Caused by: java.net.UnknownHostException: dpg-d4i2omjuibrs73du8tbg-a.oregon-postgres.render.com
	at java.base/sun.nio.ch.NioSocketImpl.connect(NioSocketImpl.java:567) ~[na:na]
	at java.base/java.net.SocksSocketImpl.connect(SocksSocketImpl.java:327) ~[na:na]
	at java.base/java.net.Socket.connect(Socket.java:751) ~[na:na]
	at org.postgresql.core.PGStream.createSocket(PGStream.java:261) ~[postgresql-42.7.8.jar:42.7.8]
	at org.postgresql.core.PGStream.<init>(PGStream.java:122) ~[postgresql-42.7.8.jar:42.7.8]
	at org.postgresql.core.v3.ConnectionFactoryImpl.tryConnect(ConnectionFactoryImpl.java:146) ~[postgresql-42.7.8.jar:42.7.8]
	at org.postgresql.core.v3.ConnectionFactoryImpl.openConnectionImpl(ConnectionFactoryImpl.java:289) ~[postgresql-42.7.8.jar:42.7.8]
	... 14 common frames omitted

2025-12-06T02:45:03.721+02:00  WARN 18296 --- [HikariPool-POSTGRE:connection-adder] com.zaxxer.hikari.pool.PoolBase          : HikariPool-POSTGRE - Pool is empty, failed to create/setup connection (33c5e44e-862c-4187-bea9-d02adf7d5f0c)

org.postgresql.util.PSQLException: The connection attempt failed.
	at org.postgresql.core.v3.ConnectionFactoryImpl.openConnectionImpl(ConnectionFactoryImpl.java:385) ~[postgresql-42.7.8.jar:42.7.8]
	at org.postgresql.core.ConnectionFactory.openConnection(ConnectionFactory.java:57) ~[postgresql-42.7.8.jar:42.7.8]
	at org.postgresql.jdbc.PgConnection.<init>(PgConnection.java:279) ~[postgresql-42.7.8.jar:42.7.8]
	at org.postgresql.Driver.makeConnection(Driver.java:448) ~[postgresql-42.7.8.jar:42.7.8]
	at org.postgresql.Driver.connect(Driver.java:298) ~[postgresql-42.7.8.jar:42.7.8]
	at com.zaxxer.hikari.util.DriverDataSource.getConnection(DriverDataSource.java:144) ~[HikariCP-7.0.2.jar:na]
	at com.zaxxer.hikari.pool.PoolBase.newConnection(PoolBase.java:373) ~[HikariCP-7.0.2.jar:na]
	at com.zaxxer.hikari.pool.PoolBase.newPoolEntry(PoolBase.java:210) ~[HikariCP-7.0.2.jar:na]
	at com.zaxxer.hikari.pool.HikariPool.createPoolEntry(HikariPool.java:488) ~[HikariCP-7.0.2.jar:na]
	at com.zaxxer.hikari.pool.HikariPool$PoolEntryCreator.call(HikariPool.java:752) ~[HikariCP-7.0.2.jar:na]
	at com.zaxxer.hikari.pool.HikariPool$PoolEntryCreator.call(HikariPool.java:731) ~[HikariCP-7.0.2.jar:na]
	at java.base/java.util.concurrent.FutureTask.run(FutureTask.java:317) ~[na:na]
	at java.base/java.util.concurrent.ThreadPoolExecutor.runWorker(ThreadPoolExecutor.java:1144) ~[na:na]
	at java.base/java.util.concurrent.ThreadPoolExecutor$Worker.run(ThreadPoolExecutor.java:642) ~[na:na]
	at java.base/java.lang.Thread.run(Thread.java:1583) ~[na:na]
Caused by: java.net.UnknownHostException: dpg-d4i2omjuibrs73du8tbg-a.oregon-postgres.render.com
	at java.base/sun.nio.ch.NioSocketImpl.connect(NioSocketImpl.java:567) ~[na:na]
	at java.base/java.net.SocksSocketImpl.connect(SocksSocketImpl.java:327) ~[na:na]
	at java.base/java.net.Socket.connect(Socket.java:751) ~[na:na]
	at org.postgresql.core.PGStream.createSocket(PGStream.java:261) ~[postgresql-42.7.8.jar:42.7.8]
	at org.postgresql.core.PGStream.<init>(PGStream.java:122) ~[postgresql-42.7.8.jar:42.7.8]
	at org.postgresql.core.v3.ConnectionFactoryImpl.tryConnect(ConnectionFactoryImpl.java:146) ~[postgresql-42.7.8.jar:42.7.8]
	at org.postgresql.core.v3.ConnectionFactoryImpl.openConnectionImpl(ConnectionFactoryImpl.java:289) ~[postgresql-42.7.8.jar:42.7.8]
	... 14 common frames omitted

2025-12-06T02:46:08.912+02:00  WARN 18296 --- [HikariPool-POSTGRE:connection-adder] com.zaxxer.hikari.pool.PoolBase          : HikariPool-POSTGRE - Pool is empty, failed to create/setup connection (ded792fd-a26d-4d9b-91f8-401217d9be3e)

org.postgresql.util.PSQLException: The connection attempt failed.
	at org.postgresql.core.v3.ConnectionFactoryImpl.openConnectionImpl(ConnectionFactoryImpl.java:385) ~[postgresql-42.7.8.jar:42.7.8]
	at org.postgresql.core.ConnectionFactory.openConnection(ConnectionFactory.java:57) ~[postgresql-42.7.8.jar:42.7.8]
	at org.postgresql.jdbc.PgConnection.<init>(PgConnection.java:279) ~[postgresql-42.7.8.jar:42.7.8]
	at org.postgresql.Driver.makeConnection(Driver.java:448) ~[postgresql-42.7.8.jar:42.7.8]
	at org.postgresql.Driver.connect(Driver.java:298) ~[postgresql-42.7.8.jar:42.7.8]
	at com.zaxxer.hikari.util.DriverDataSource.getConnection(DriverDataSource.java:144) ~[HikariCP-7.0.2.jar:na]
	at com.zaxxer.hikari.pool.PoolBase.newConnection(PoolBase.java:373) ~[HikariCP-7.0.2.jar:na]
	at com.zaxxer.hikari.pool.PoolBase.newPoolEntry(PoolBase.java:210) ~[HikariCP-7.0.2.jar:na]
	at com.zaxxer.hikari.pool.HikariPool.createPoolEntry(HikariPool.java:488) ~[HikariCP-7.0.2.jar:na]
	at com.zaxxer.hikari.pool.HikariPool$PoolEntryCreator.call(HikariPool.java:752) ~[HikariCP-7.0.2.jar:na]
	at com.zaxxer.hikari.pool.HikariPool$PoolEntryCreator.call(HikariPool.java:731) ~[HikariCP-7.0.2.jar:na]
	at java.base/java.util.concurrent.FutureTask.run(FutureTask.java:317) ~[na:na]
	at java.base/java.util.concurrent.ThreadPoolExecutor.runWorker(ThreadPoolExecutor.java:1144) ~[na:na]
	at java.base/java.util.concurrent.ThreadPoolExecutor$Worker.run(ThreadPoolExecutor.java:642) ~[na:na]
	at java.base/java.lang.Thread.run(Thread.java:1583) ~[na:na]
Caused by: java.net.UnknownHostException: dpg-d4i2omjuibrs73du8tbg-a.oregon-postgres.render.com
	at java.base/sun.nio.ch.NioSocketImpl.connect(NioSocketImpl.java:567) ~[na:na]
	at java.base/java.net.SocksSocketImpl.connect(SocksSocketImpl.java:327) ~[na:na]
	at java.base/java.net.Socket.connect(Socket.java:751) ~[na:na]
	at org.postgresql.core.PGStream.createSocket(PGStream.java:261) ~[postgresql-42.7.8.jar:42.7.8]
	at org.postgresql.core.PGStream.<init>(PGStream.java:122) ~[postgresql-42.7.8.jar:42.7.8]
	at org.postgresql.core.v3.ConnectionFactoryImpl.tryConnect(ConnectionFactoryImpl.java:146) ~[postgresql-42.7.8.jar:42.7.8]
	at org.postgresql.core.v3.ConnectionFactoryImpl.openConnectionImpl(ConnectionFactoryImpl.java:289) ~[postgresql-42.7.8.jar:42.7.8]
	... 14 common frames omitted

2025-12-06T02:47:14.060+02:00  WARN 18296 --- [HikariPool-POSTGRE:connection-adder] com.zaxxer.hikari.pool.PoolBase          : HikariPool-POSTGRE - Pool is empty, failed to create/setup connection (278ea07d-5ee4-4ef4-8b2f-ee6cd0211f9b)

org.postgresql.util.PSQLException: The connection attempt failed.
	at org.postgresql.core.v3.ConnectionFactoryImpl.openConnectionImpl(ConnectionFactoryImpl.java:385) ~[postgresql-42.7.8.jar:42.7.8]
	at org.postgresql.core.ConnectionFactory.openConnection(ConnectionFactory.java:57) ~[postgresql-42.7.8.jar:42.7.8]
	at org.postgresql.jdbc.PgConnection.<init>(PgConnection.java:279) ~[postgresql-42.7.8.jar:42.7.8]
	at org.postgresql.Driver.makeConnection(Driver.java:448) ~[postgresql-42.7.8.jar:42.7.8]
	at org.postgresql.Driver.connect(Driver.java:298) ~[postgresql-42.7.8.jar:42.7.8]
	at com.zaxxer.hikari.util.DriverDataSource.getConnection(DriverDataSource.java:144) ~[HikariCP-7.0.2.jar:na]
	at com.zaxxer.hikari.pool.PoolBase.newConnection(PoolBase.java:373) ~[HikariCP-7.0.2.jar:na]
	at com.zaxxer.hikari.pool.PoolBase.newPoolEntry(PoolBase.java:210) ~[HikariCP-7.0.2.jar:na]
	at com.zaxxer.hikari.pool.HikariPool.createPoolEntry(HikariPool.java:488) ~[HikariCP-7.0.2.jar:na]
	at com.zaxxer.hikari.pool.HikariPool$PoolEntryCreator.call(HikariPool.java:752) ~[HikariCP-7.0.2.jar:na]
	at com.zaxxer.hikari.pool.HikariPool$PoolEntryCreator.call(HikariPool.java:731) ~[HikariCP-7.0.2.jar:na]
	at java.base/java.util.concurrent.FutureTask.run(FutureTask.java:317) ~[na:na]
	at java.base/java.util.concurrent.ThreadPoolExecutor.runWorker(ThreadPoolExecutor.java:1144) ~[na:na]
	at java.base/java.util.concurrent.ThreadPoolExecutor$Worker.run(ThreadPoolExecutor.java:642) ~[na:na]
	at java.base/java.lang.Thread.run(Thread.java:1583) ~[na:na]
Caused by: java.net.UnknownHostException: dpg-d4i2omjuibrs73du8tbg-a.oregon-postgres.render.com
	at java.base/sun.nio.ch.NioSocketImpl.connect(NioSocketImpl.java:567) ~[na:na]
	at java.base/java.net.SocksSocketImpl.connect(SocksSocketImpl.java:327) ~[na:na]
	at java.base/java.net.Socket.connect(Socket.java:751) ~[na:na]
	at org.postgresql.core.PGStream.createSocket(PGStream.java:261) ~[postgresql-42.7.8.jar:42.7.8]
	at org.postgresql.core.PGStream.<init>(PGStream.java:122) ~[postgresql-42.7.8.jar:42.7.8]
	at org.postgresql.core.v3.ConnectionFactoryImpl.tryConnect(ConnectionFactoryImpl.java:146) ~[postgresql-42.7.8.jar:42.7.8]
	at org.postgresql.core.v3.ConnectionFactoryImpl.openConnectionImpl(ConnectionFactoryImpl.java:289) ~[postgresql-42.7.8.jar:42.7.8]
	... 14 common frames omitted

2025-12-06T02:48:19.163+02:00  WARN 18296 --- [HikariPool-POSTGRE:connection-adder] com.zaxxer.hikari.pool.PoolBase          : HikariPool-POSTGRE - Pool is empty, failed to create/setup connection (2ec6740e-2118-4a5f-91d9-780028d0c74d)

org.postgresql.util.PSQLException: The connection attempt failed.
	at org.postgresql.core.v3.ConnectionFactoryImpl.openConnectionImpl(ConnectionFactoryImpl.java:385) ~[postgresql-42.7.8.jar:42.7.8]
	at org.postgresql.core.ConnectionFactory.openConnection(ConnectionFactory.java:57) ~[postgresql-42.7.8.jar:42.7.8]
	at org.postgresql.jdbc.PgConnection.<init>(PgConnection.java:279) ~[postgresql-42.7.8.jar:42.7.8]
	at org.postgresql.Driver.makeConnection(Driver.java:448) ~[postgresql-42.7.8.jar:42.7.8]
	at org.postgresql.Driver.connect(Driver.java:298) ~[postgresql-42.7.8.jar:42.7.8]
	at com.zaxxer.hikari.util.DriverDataSource.getConnection(DriverDataSource.java:144) ~[HikariCP-7.0.2.jar:na]
	at com.zaxxer.hikari.pool.PoolBase.newConnection(PoolBase.java:373) ~[HikariCP-7.0.2.jar:na]
	at com.zaxxer.hikari.pool.PoolBase.newPoolEntry(PoolBase.java:210) ~[HikariCP-7.0.2.jar:na]
	at com.zaxxer.hikari.pool.HikariPool.createPoolEntry(HikariPool.java:488) ~[HikariCP-7.0.2.jar:na]
	at com.zaxxer.hikari.pool.HikariPool$PoolEntryCreator.call(HikariPool.java:752) ~[HikariCP-7.0.2.jar:na]
	at com.zaxxer.hikari.pool.HikariPool$PoolEntryCreator.call(HikariPool.java:731) ~[HikariCP-7.0.2.jar:na]
	at java.base/java.util.concurrent.FutureTask.run(FutureTask.java:317) ~[na:na]
	at java.base/java.util.concurrent.ThreadPoolExecutor.runWorker(ThreadPoolExecutor.java:1144) ~[na:na]
	at java.base/java.util.concurrent.ThreadPoolExecutor$Worker.run(ThreadPoolExecutor.java:642) ~[na:na]
	at java.base/java.lang.Thread.run(Thread.java:1583) ~[na:na]
Caused by: java.net.UnknownHostException: dpg-d4i2omjuibrs73du8tbg-a.oregon-postgres.render.com
	at java.base/sun.nio.ch.NioSocketImpl.connect(NioSocketImpl.java:567) ~[na:na]
	at java.base/java.net.SocksSocketImpl.connect(SocksSocketImpl.java:327) ~[na:na]
	at java.base/java.net.Socket.connect(Socket.java:751) ~[na:na]
	at org.postgresql.core.PGStream.createSocket(PGStream.java:261) ~[postgresql-42.7.8.jar:42.7.8]
	at org.postgresql.core.PGStream.<init>(PGStream.java:122) ~[postgresql-42.7.8.jar:42.7.8]
	at org.postgresql.core.v3.ConnectionFactoryImpl.tryConnect(ConnectionFactoryImpl.java:146) ~[postgresql-42.7.8.jar:42.7.8]
	at org.postgresql.core.v3.ConnectionFactoryImpl.openConnectionImpl(ConnectionFactoryImpl.java:289) ~[postgresql-42.7.8.jar:42.7.8]
	... 14 common frames omitted

2025-12-06T02:49:24.332+02:00  WARN 18296 --- [HikariPool-POSTGRE:connection-adder] com.zaxxer.hikari.pool.PoolBase          : HikariPool-POSTGRE - Pool is empty, failed to create/setup connection (bc3c8ca7-4686-44b9-a99f-5e260464f04b)

org.postgresql.util.PSQLException: The connection attempt failed.
	at org.postgresql.core.v3.ConnectionFactoryImpl.openConnectionImpl(ConnectionFactoryImpl.java:385) ~[postgresql-42.7.8.jar:42.7.8]
	at org.postgresql.core.ConnectionFactory.openConnection(ConnectionFactory.java:57) ~[postgresql-42.7.8.jar:42.7.8]
	at org.postgresql.jdbc.PgConnection.<init>(PgConnection.java:279) ~[postgresql-42.7.8.jar:42.7.8]
	at org.postgresql.Driver.makeConnection(Driver.java:448) ~[postgresql-42.7.8.jar:42.7.8]
	at org.postgresql.Driver.connect(Driver.java:298) ~[postgresql-42.7.8.jar:42.7.8]
	at com.zaxxer.hikari.util.DriverDataSource.getConnection(DriverDataSource.java:144) ~[HikariCP-7.0.2.jar:na]
	at com.zaxxer.hikari.pool.PoolBase.newConnection(PoolBase.java:373) ~[HikariCP-7.0.2.jar:na]
	at com.zaxxer.hikari.pool.PoolBase.newPoolEntry(PoolBase.java:210) ~[HikariCP-7.0.2.jar:na]
	at com.zaxxer.hikari.pool.HikariPool.createPoolEntry(HikariPool.java:488) ~[HikariCP-7.0.2.jar:na]
	at com.zaxxer.hikari.pool.HikariPool$PoolEntryCreator.call(HikariPool.java:752) ~[HikariCP-7.0.2.jar:na]
	at com.zaxxer.hikari.pool.HikariPool$PoolEntryCreator.call(HikariPool.java:731) ~[HikariCP-7.0.2.jar:na]
	at java.base/java.util.concurrent.FutureTask.run(FutureTask.java:317) ~[na:na]
	at java.base/java.util.concurrent.ThreadPoolExecutor.runWorker(ThreadPoolExecutor.java:1144) ~[na:na]
	at java.base/java.util.concurrent.ThreadPoolExecutor$Worker.run(ThreadPoolExecutor.java:642) ~[na:na]
	at java.base/java.lang.Thread.run(Thread.java:1583) ~[na:na]
Caused by: java.net.UnknownHostException: dpg-d4i2omjuibrs73du8tbg-a.oregon-postgres.render.com
	at java.base/sun.nio.ch.NioSocketImpl.connect(NioSocketImpl.java:567) ~[na:na]
	at java.base/java.net.SocksSocketImpl.connect(SocksSocketImpl.java:327) ~[na:na]
	at java.base/java.net.Socket.connect(Socket.java:751) ~[na:na]
	at org.postgresql.core.PGStream.createSocket(PGStream.java:261) ~[postgresql-42.7.8.jar:42.7.8]
	at org.postgresql.core.PGStream.<init>(PGStream.java:122) ~[postgresql-42.7.8.jar:42.7.8]
	at org.postgresql.core.v3.ConnectionFactoryImpl.tryConnect(ConnectionFactoryImpl.java:146) ~[postgresql-42.7.8.jar:42.7.8]
	at org.postgresql.core.v3.ConnectionFactoryImpl.openConnectionImpl(ConnectionFactoryImpl.java:289) ~[postgresql-42.7.8.jar:42.7.8]
	... 14 common frames omitted

2025-12-06T02:50:29.455+02:00  WARN 18296 --- [HikariPool-POSTGRE:connection-adder] com.zaxxer.hikari.pool.PoolBase          : HikariPool-POSTGRE - Pool is empty, failed to create/setup connection (a66f6a7f-25cf-49c4-affb-473962fe7f09)

org.postgresql.util.PSQLException: The connection attempt failed.
	at org.postgresql.core.v3.ConnectionFactoryImpl.openConnectionImpl(ConnectionFactoryImpl.java:385) ~[postgresql-42.7.8.jar:42.7.8]
	at org.postgresql.core.ConnectionFactory.openConnection(ConnectionFactory.java:57) ~[postgresql-42.7.8.jar:42.7.8]
	at org.postgresql.jdbc.PgConnection.<init>(PgConnection.java:279) ~[postgresql-42.7.8.jar:42.7.8]
	at org.postgresql.Driver.makeConnection(Driver.java:448) ~[postgresql-42.7.8.jar:42.7.8]
	at org.postgresql.Driver.connect(Driver.java:298) ~[postgresql-42.7.8.jar:42.7.8]
	at com.zaxxer.hikari.util.DriverDataSource.getConnection(DriverDataSource.java:144) ~[HikariCP-7.0.2.jar:na]
	at com.zaxxer.hikari.pool.PoolBase.newConnection(PoolBase.java:373) ~[HikariCP-7.0.2.jar:na]
	at com.zaxxer.hikari.pool.PoolBase.newPoolEntry(PoolBase.java:210) ~[HikariCP-7.0.2.jar:na]
	at com.zaxxer.hikari.pool.HikariPool.createPoolEntry(HikariPool.java:488) ~[HikariCP-7.0.2.jar:na]
	at com.zaxxer.hikari.pool.HikariPool$PoolEntryCreator.call(HikariPool.java:752) ~[HikariCP-7.0.2.jar:na]
	at com.zaxxer.hikari.pool.HikariPool$PoolEntryCreator.call(HikariPool.java:731) ~[HikariCP-7.0.2.jar:na]
	at java.base/java.util.concurrent.FutureTask.run(FutureTask.java:317) ~[na:na]
	at java.base/java.util.concurrent.ThreadPoolExecutor.runWorker(ThreadPoolExecutor.java:1144) ~[na:na]
	at java.base/java.util.concurrent.ThreadPoolExecutor$Worker.run(ThreadPoolExecutor.java:642) ~[na:na]
	at java.base/java.lang.Thread.run(Thread.java:1583) ~[na:na]
Caused by: java.net.UnknownHostException: dpg-d4i2omjuibrs73du8tbg-a.oregon-postgres.render.com
	at java.base/sun.nio.ch.NioSocketImpl.connect(NioSocketImpl.java:567) ~[na:na]
	at java.base/java.net.SocksSocketImpl.connect(SocksSocketImpl.java:327) ~[na:na]
	at java.base/java.net.Socket.connect(Socket.java:751) ~[na:na]
	at org.postgresql.core.PGStream.createSocket(PGStream.java:261) ~[postgresql-42.7.8.jar:42.7.8]
	at org.postgresql.core.PGStream.<init>(PGStream.java:122) ~[postgresql-42.7.8.jar:42.7.8]
	at org.postgresql.core.v3.ConnectionFactoryImpl.tryConnect(ConnectionFactoryImpl.java:146) ~[postgresql-42.7.8.jar:42.7.8]
	at org.postgresql.core.v3.ConnectionFactoryImpl.openConnectionImpl(ConnectionFactoryImpl.java:289) ~[postgresql-42.7.8.jar:42.7.8]
	... 14 common frames omitted

2025-12-06T02:51:34.638+02:00  WARN 18296 --- [HikariPool-POSTGRE:connection-adder] com.zaxxer.hikari.pool.PoolBase          : HikariPool-POSTGRE - Pool is empty, failed to create/setup connection (1c76d078-c175-4226-85d5-fb687364afe1)

org.postgresql.util.PSQLException: The connection attempt failed.
	at org.postgresql.core.v3.ConnectionFactoryImpl.openConnectionImpl(ConnectionFactoryImpl.java:385) ~[postgresql-42.7.8.jar:42.7.8]
	at org.postgresql.core.ConnectionFactory.openConnection(ConnectionFactory.java:57) ~[postgresql-42.7.8.jar:42.7.8]
	at org.postgresql.jdbc.PgConnection.<init>(PgConnection.java:279) ~[postgresql-42.7.8.jar:42.7.8]
	at org.postgresql.Driver.makeConnection(Driver.java:448) ~[postgresql-42.7.8.jar:42.7.8]
	at org.postgresql.Driver.connect(Driver.java:298) ~[postgresql-42.7.8.jar:42.7.8]
	at com.zaxxer.hikari.util.DriverDataSource.getConnection(DriverDataSource.java:144) ~[HikariCP-7.0.2.jar:na]
	at com.zaxxer.hikari.pool.PoolBase.newConnection(PoolBase.java:373) ~[HikariCP-7.0.2.jar:na]
	at com.zaxxer.hikari.pool.PoolBase.newPoolEntry(PoolBase.java:210) ~[HikariCP-7.0.2.jar:na]
	at com.zaxxer.hikari.pool.HikariPool.createPoolEntry(HikariPool.java:488) ~[HikariCP-7.0.2.jar:na]
	at com.zaxxer.hikari.pool.HikariPool$PoolEntryCreator.call(HikariPool.java:752) ~[HikariCP-7.0.2.jar:na]
	at com.zaxxer.hikari.pool.HikariPool$PoolEntryCreator.call(HikariPool.java:731) ~[HikariCP-7.0.2.jar:na]
	at java.base/java.util.concurrent.FutureTask.run(FutureTask.java:317) ~[na:na]
	at java.base/java.util.concurrent.ThreadPoolExecutor.runWorker(ThreadPoolExecutor.java:1144) ~[na:na]
	at java.base/java.util.concurrent.ThreadPoolExecutor$Worker.run(ThreadPoolExecutor.java:642) ~[na:na]
	at java.base/java.lang.Thread.run(Thread.java:1583) ~[na:na]
Caused by: java.net.UnknownHostException: dpg-d4i2omjuibrs73du8tbg-a.oregon-postgres.render.com
	at java.base/sun.nio.ch.NioSocketImpl.connect(NioSocketImpl.java:567) ~[na:na]
	at java.base/java.net.SocksSocketImpl.connect(SocksSocketImpl.java:327) ~[na:na]
	at java.base/java.net.Socket.connect(Socket.java:751) ~[na:na]
	at org.postgresql.core.PGStream.createSocket(PGStream.java:261) ~[postgresql-42.7.8.jar:42.7.8]
	at org.postgresql.core.PGStream.<init>(PGStream.java:122) ~[postgresql-42.7.8.jar:42.7.8]
	at org.postgresql.core.v3.ConnectionFactoryImpl.tryConnect(ConnectionFactoryImpl.java:146) ~[postgresql-42.7.8.jar:42.7.8]
	at org.postgresql.core.v3.ConnectionFactoryImpl.openConnectionImpl(ConnectionFactoryImpl.java:289) ~[postgresql-42.7.8.jar:42.7.8]
	... 14 common frames omitted

2025-12-06T02:52:39.809+02:00  WARN 18296 --- [HikariPool-POSTGRE:connection-adder] com.zaxxer.hikari.pool.PoolBase          : HikariPool-POSTGRE - Pool is empty, failed to create/setup connection (f78391df-309a-49f7-8b45-c9c3d40331d9)

org.postgresql.util.PSQLException: The connection attempt failed.
	at org.postgresql.core.v3.ConnectionFactoryImpl.openConnectionImpl(ConnectionFactoryImpl.java:385) ~[postgresql-42.7.8.jar:42.7.8]
	at org.postgresql.core.ConnectionFactory.openConnection(ConnectionFactory.java:57) ~[postgresql-42.7.8.jar:42.7.8]
	at org.postgresql.jdbc.PgConnection.<init>(PgConnection.java:279) ~[postgresql-42.7.8.jar:42.7.8]
	at org.postgresql.Driver.makeConnection(Driver.java:448) ~[postgresql-42.7.8.jar:42.7.8]
	at org.postgresql.Driver.connect(Driver.java:298) ~[postgresql-42.7.8.jar:42.7.8]
	at com.zaxxer.hikari.util.DriverDataSource.getConnection(DriverDataSource.java:144) ~[HikariCP-7.0.2.jar:na]
	at com.zaxxer.hikari.pool.PoolBase.newConnection(PoolBase.java:373) ~[HikariCP-7.0.2.jar:na]
	at com.zaxxer.hikari.pool.PoolBase.newPoolEntry(PoolBase.java:210) ~[HikariCP-7.0.2.jar:na]
	at com.zaxxer.hikari.pool.HikariPool.createPoolEntry(HikariPool.java:488) ~[HikariCP-7.0.2.jar:na]
	at com.zaxxer.hikari.pool.HikariPool$PoolEntryCreator.call(HikariPool.java:752) ~[HikariCP-7.0.2.jar:na]
	at com.zaxxer.hikari.pool.HikariPool$PoolEntryCreator.call(HikariPool.java:731) ~[HikariCP-7.0.2.jar:na]
	at java.base/java.util.concurrent.FutureTask.run(FutureTask.java:317) ~[na:na]
	at java.base/java.util.concurrent.ThreadPoolExecutor.runWorker(ThreadPoolExecutor.java:1144) ~[na:na]
	at java.base/java.util.concurrent.ThreadPoolExecutor$Worker.run(ThreadPoolExecutor.java:642) ~[na:na]
	at java.base/java.lang.Thread.run(Thread.java:1583) ~[na:na]
Caused by: java.net.UnknownHostException: dpg-d4i2omjuibrs73du8tbg-a.oregon-postgres.render.com
	at java.base/sun.nio.ch.NioSocketImpl.connect(NioSocketImpl.java:567) ~[na:na]
	at java.base/java.net.SocksSocketImpl.connect(SocksSocketImpl.java:327) ~[na:na]
	at java.base/java.net.Socket.connect(Socket.java:751) ~[na:na]
	at org.postgresql.core.PGStream.createSocket(PGStream.java:261) ~[postgresql-42.7.8.jar:42.7.8]
	at org.postgresql.core.PGStream.<init>(PGStream.java:122) ~[postgresql-42.7.8.jar:42.7.8]
	at org.postgresql.core.v3.ConnectionFactoryImpl.tryConnect(ConnectionFactoryImpl.java:146) ~[postgresql-42.7.8.jar:42.7.8]
	at org.postgresql.core.v3.ConnectionFactoryImpl.openConnectionImpl(ConnectionFactoryImpl.java:289) ~[postgresql-42.7.8.jar:42.7.8]
	... 14 common frames omitted

2025-12-06T02:53:44.952+02:00  WARN 18296 --- [HikariPool-POSTGRE:connection-adder] com.zaxxer.hikari.pool.PoolBase          : HikariPool-POSTGRE - Pool is empty, failed to create/setup connection (b3b720f8-25e0-4cc6-8af8-2bac6f0af226)

org.postgresql.util.PSQLException: The connection attempt failed.
	at org.postgresql.core.v3.ConnectionFactoryImpl.openConnectionImpl(ConnectionFactoryImpl.java:385) ~[postgresql-42.7.8.jar:42.7.8]
	at org.postgresql.core.ConnectionFactory.openConnection(ConnectionFactory.java:57) ~[postgresql-42.7.8.jar:42.7.8]
	at org.postgresql.jdbc.PgConnection.<init>(PgConnection.java:279) ~[postgresql-42.7.8.jar:42.7.8]
	at org.postgresql.Driver.makeConnection(Driver.java:448) ~[postgresql-42.7.8.jar:42.7.8]
	at org.postgresql.Driver.connect(Driver.java:298) ~[postgresql-42.7.8.jar:42.7.8]
	at com.zaxxer.hikari.util.DriverDataSource.getConnection(DriverDataSource.java:144) ~[HikariCP-7.0.2.jar:na]
	at com.zaxxer.hikari.pool.PoolBase.newConnection(PoolBase.java:373) ~[HikariCP-7.0.2.jar:na]
	at com.zaxxer.hikari.pool.PoolBase.newPoolEntry(PoolBase.java:210) ~[HikariCP-7.0.2.jar:na]
	at com.zaxxer.hikari.pool.HikariPool.createPoolEntry(HikariPool.java:488) ~[HikariCP-7.0.2.jar:na]
	at com.zaxxer.hikari.pool.HikariPool$PoolEntryCreator.call(HikariPool.java:752) ~[HikariCP-7.0.2.jar:na]
	at com.zaxxer.hikari.pool.HikariPool$PoolEntryCreator.call(HikariPool.java:731) ~[HikariCP-7.0.2.jar:na]
	at java.base/java.util.concurrent.FutureTask.run(FutureTask.java:317) ~[na:na]
	at java.base/java.util.concurrent.ThreadPoolExecutor.runWorker(ThreadPoolExecutor.java:1144) ~[na:na]
	at java.base/java.util.concurrent.ThreadPoolExecutor$Worker.run(ThreadPoolExecutor.java:642) ~[na:na]
	at java.base/java.lang.Thread.run(Thread.java:1583) ~[na:na]
Caused by: java.net.UnknownHostException: dpg-d4i2omjuibrs73du8tbg-a.oregon-postgres.render.com
	at java.base/sun.nio.ch.NioSocketImpl.connect(NioSocketImpl.java:567) ~[na:na]
	at java.base/java.net.SocksSocketImpl.connect(SocksSocketImpl.java:327) ~[na:na]
	at java.base/java.net.Socket.connect(Socket.java:751) ~[na:na]
	at org.postgresql.core.PGStream.createSocket(PGStream.java:261) ~[postgresql-42.7.8.jar:42.7.8]
	at org.postgresql.core.PGStream.<init>(PGStream.java:122) ~[postgresql-42.7.8.jar:42.7.8]
	at org.postgresql.core.v3.ConnectionFactoryImpl.tryConnect(ConnectionFactoryImpl.java:146) ~[postgresql-42.7.8.jar:42.7.8]
	at org.postgresql.core.v3.ConnectionFactoryImpl.openConnectionImpl(ConnectionFactoryImpl.java:289) ~[postgresql-42.7.8.jar:42.7.8]
	... 14 common frames omitted

2025-12-06T02:54:50.096+02:00  WARN 18296 --- [HikariPool-POSTGRE:connection-adder] com.zaxxer.hikari.pool.PoolBase          : HikariPool-POSTGRE - Pool is empty, failed to create/setup connection (1864896d-a804-4e8b-aac4-383d19601b29)

org.postgresql.util.PSQLException: The connection attempt failed.
	at org.postgresql.core.v3.ConnectionFactoryImpl.openConnectionImpl(ConnectionFactoryImpl.java:385) ~[postgresql-42.7.8.jar:42.7.8]
	at org.postgresql.core.ConnectionFactory.openConnection(ConnectionFactory.java:57) ~[postgresql-42.7.8.jar:42.7.8]
	at org.postgresql.jdbc.PgConnection.<init>(PgConnection.java:279) ~[postgresql-42.7.8.jar:42.7.8]
	at org.postgresql.Driver.makeConnection(Driver.java:448) ~[postgresql-42.7.8.jar:42.7.8]
	at org.postgresql.Driver.connect(Driver.java:298) ~[postgresql-42.7.8.jar:42.7.8]
	at com.zaxxer.hikari.util.DriverDataSource.getConnection(DriverDataSource.java:144) ~[HikariCP-7.0.2.jar:na]
	at com.zaxxer.hikari.pool.PoolBase.newConnection(PoolBase.java:373) ~[HikariCP-7.0.2.jar:na]
	at com.zaxxer.hikari.pool.PoolBase.newPoolEntry(PoolBase.java:210) ~[HikariCP-7.0.2.jar:na]
	at com.zaxxer.hikari.pool.HikariPool.createPoolEntry(HikariPool.java:488) ~[HikariCP-7.0.2.jar:na]
	at com.zaxxer.hikari.pool.HikariPool$PoolEntryCreator.call(HikariPool.java:752) ~[HikariCP-7.0.2.jar:na]
	at com.zaxxer.hikari.pool.HikariPool$PoolEntryCreator.call(HikariPool.java:731) ~[HikariCP-7.0.2.jar:na]
	at java.base/java.util.concurrent.FutureTask.run(FutureTask.java:317) ~[na:na]
	at java.base/java.util.concurrent.ThreadPoolExecutor.runWorker(ThreadPoolExecutor.java:1144) ~[na:na]
	at java.base/java.util.concurrent.ThreadPoolExecutor$Worker.run(ThreadPoolExecutor.java:642) ~[na:na]
	at java.base/java.lang.Thread.run(Thread.java:1583) ~[na:na]
Caused by: java.net.UnknownHostException: dpg-d4i2omjuibrs73du8tbg-a.oregon-postgres.render.com
	at java.base/sun.nio.ch.NioSocketImpl.connect(NioSocketImpl.java:567) ~[na:na]
	at java.base/java.net.SocksSocketImpl.connect(SocksSocketImpl.java:327) ~[na:na]
	at java.base/java.net.Socket.connect(Socket.java:751) ~[na:na]
	at org.postgresql.core.PGStream.createSocket(PGStream.java:261) ~[postgresql-42.7.8.jar:42.7.8]
	at org.postgresql.core.PGStream.<init>(PGStream.java:122) ~[postgresql-42.7.8.jar:42.7.8]
	at org.postgresql.core.v3.ConnectionFactoryImpl.tryConnect(ConnectionFactoryImpl.java:146) ~[postgresql-42.7.8.jar:42.7.8]
	at org.postgresql.core.v3.ConnectionFactoryImpl.openConnectionImpl(ConnectionFactoryImpl.java:289) ~[postgresql-42.7.8.jar:42.7.8]
	... 14 common frames omitted

2025-12-06T02:55:55.253+02:00  WARN 18296 --- [HikariPool-POSTGRE:connection-adder] com.zaxxer.hikari.pool.PoolBase          : HikariPool-POSTGRE - Pool is empty, failed to create/setup connection (a0e8a543-2bc8-43a7-824f-d8bab15f5927)

org.postgresql.util.PSQLException: The connection attempt failed.
	at org.postgresql.core.v3.ConnectionFactoryImpl.openConnectionImpl(ConnectionFactoryImpl.java:385) ~[postgresql-42.7.8.jar:42.7.8]
	at org.postgresql.core.ConnectionFactory.openConnection(ConnectionFactory.java:57) ~[postgresql-42.7.8.jar:42.7.8]
	at org.postgresql.jdbc.PgConnection.<init>(PgConnection.java:279) ~[postgresql-42.7.8.jar:42.7.8]
	at org.postgresql.Driver.makeConnection(Driver.java:448) ~[postgresql-42.7.8.jar:42.7.8]
	at org.postgresql.Driver.connect(Driver.java:298) ~[postgresql-42.7.8.jar:42.7.8]
	at com.zaxxer.hikari.util.DriverDataSource.getConnection(DriverDataSource.java:144) ~[HikariCP-7.0.2.jar:na]
	at com.zaxxer.hikari.pool.PoolBase.newConnection(PoolBase.java:373) ~[HikariCP-7.0.2.jar:na]
	at com.zaxxer.hikari.pool.PoolBase.newPoolEntry(PoolBase.java:210) ~[HikariCP-7.0.2.jar:na]
	at com.zaxxer.hikari.pool.HikariPool.createPoolEntry(HikariPool.java:488) ~[HikariCP-7.0.2.jar:na]
	at com.zaxxer.hikari.pool.HikariPool$PoolEntryCreator.call(HikariPool.java:752) ~[HikariCP-7.0.2.jar:na]
	at com.zaxxer.hikari.pool.HikariPool$PoolEntryCreator.call(HikariPool.java:731) ~[HikariCP-7.0.2.jar:na]
	at java.base/java.util.concurrent.FutureTask.run(FutureTask.java:317) ~[na:na]
	at java.base/java.util.concurrent.ThreadPoolExecutor.runWorker(ThreadPoolExecutor.java:1144) ~[na:na]
	at java.base/java.util.concurrent.ThreadPoolExecutor$Worker.run(ThreadPoolExecutor.java:642) ~[na:na]
	at java.base/java.lang.Thread.run(Thread.java:1583) ~[na:na]
Caused by: java.net.UnknownHostException: dpg-d4i2omjuibrs73du8tbg-a.oregon-postgres.render.com
	at java.base/sun.nio.ch.NioSocketImpl.connect(NioSocketImpl.java:567) ~[na:na]
	at java.base/java.net.SocksSocketImpl.connect(SocksSocketImpl.java:327) ~[na:na]
	at java.base/java.net.Socket.connect(Socket.java:751) ~[na:na]
	at org.postgresql.core.PGStream.createSocket(PGStream.java:261) ~[postgresql-42.7.8.jar:42.7.8]
	at org.postgresql.core.PGStream.<init>(PGStream.java:122) ~[postgresql-42.7.8.jar:42.7.8]
	at org.postgresql.core.v3.ConnectionFactoryImpl.tryConnect(ConnectionFactoryImpl.java:146) ~[postgresql-42.7.8.jar:42.7.8]
	at org.postgresql.core.v3.ConnectionFactoryImpl.openConnectionImpl(ConnectionFactoryImpl.java:289) ~[postgresql-42.7.8.jar:42.7.8]
	... 14 common frames omitted

2025-12-06T02:57:00.389+02:00  WARN 18296 --- [HikariPool-POSTGRE:connection-adder] com.zaxxer.hikari.pool.PoolBase          : HikariPool-POSTGRE - Pool is empty, failed to create/setup connection (1cfe102a-fc8c-4566-9bc9-de7f3454204e)

org.postgresql.util.PSQLException: The connection attempt failed.
	at org.postgresql.core.v3.ConnectionFactoryImpl.openConnectionImpl(ConnectionFactoryImpl.java:385) ~[postgresql-42.7.8.jar:42.7.8]
	at org.postgresql.core.ConnectionFactory.openConnection(ConnectionFactory.java:57) ~[postgresql-42.7.8.jar:42.7.8]
	at org.postgresql.jdbc.PgConnection.<init>(PgConnection.java:279) ~[postgresql-42.7.8.jar:42.7.8]
	at org.postgresql.Driver.makeConnection(Driver.java:448) ~[postgresql-42.7.8.jar:42.7.8]
	at org.postgresql.Driver.connect(Driver.java:298) ~[postgresql-42.7.8.jar:42.7.8]
	at com.zaxxer.hikari.util.DriverDataSource.getConnection(DriverDataSource.java:144) ~[HikariCP-7.0.2.jar:na]
	at com.zaxxer.hikari.pool.PoolBase.newConnection(PoolBase.java:373) ~[HikariCP-7.0.2.jar:na]
	at com.zaxxer.hikari.pool.PoolBase.newPoolEntry(PoolBase.java:210) ~[HikariCP-7.0.2.jar:na]
	at com.zaxxer.hikari.pool.HikariPool.createPoolEntry(HikariPool.java:488) ~[HikariCP-7.0.2.jar:na]
	at com.zaxxer.hikari.pool.HikariPool$PoolEntryCreator.call(HikariPool.java:752) ~[HikariCP-7.0.2.jar:na]
	at com.zaxxer.hikari.pool.HikariPool$PoolEntryCreator.call(HikariPool.java:731) ~[HikariCP-7.0.2.jar:na]
	at java.base/java.util.concurrent.FutureTask.run(FutureTask.java:317) ~[na:na]
	at java.base/java.util.concurrent.ThreadPoolExecutor.runWorker(ThreadPoolExecutor.java:1144) ~[na:na]
	at java.base/java.util.concurrent.ThreadPoolExecutor$Worker.run(ThreadPoolExecutor.java:642) ~[na:na]
	at java.base/java.lang.Thread.run(Thread.java:1583) ~[na:na]
Caused by: java.net.UnknownHostException: dpg-d4i2omjuibrs73du8tbg-a.oregon-postgres.render.com
	at java.base/sun.nio.ch.NioSocketImpl.connect(NioSocketImpl.java:567) ~[na:na]
	at java.base/java.net.SocksSocketImpl.connect(SocksSocketImpl.java:327) ~[na:na]
	at java.base/java.net.Socket.connect(Socket.java:751) ~[na:na]
	at org.postgresql.core.PGStream.createSocket(PGStream.java:261) ~[postgresql-42.7.8.jar:42.7.8]
	at org.postgresql.core.PGStream.<init>(PGStream.java:122) ~[postgresql-42.7.8.jar:42.7.8]
	at org.postgresql.core.v3.ConnectionFactoryImpl.tryConnect(ConnectionFactoryImpl.java:146) ~[postgresql-42.7.8.jar:42.7.8]
	at org.postgresql.core.v3.ConnectionFactoryImpl.openConnectionImpl(ConnectionFactoryImpl.java:289) ~[postgresql-42.7.8.jar:42.7.8]
	... 14 common frames omitted

2025-12-06T02:58:05.554+02:00  WARN 18296 --- [HikariPool-POSTGRE:connection-adder] com.zaxxer.hikari.pool.PoolBase          : HikariPool-POSTGRE - Pool is empty, failed to create/setup connection (fb74748f-8d58-4a1d-ab57-c858c5f6bdce)

org.postgresql.util.PSQLException: The connection attempt failed.
	at org.postgresql.core.v3.ConnectionFactoryImpl.openConnectionImpl(ConnectionFactoryImpl.java:385) ~[postgresql-42.7.8.jar:42.7.8]
	at org.postgresql.core.ConnectionFactory.openConnection(ConnectionFactory.java:57) ~[postgresql-42.7.8.jar:42.7.8]
	at org.postgresql.jdbc.PgConnection.<init>(PgConnection.java:279) ~[postgresql-42.7.8.jar:42.7.8]
	at org.postgresql.Driver.makeConnection(Driver.java:448) ~[postgresql-42.7.8.jar:42.7.8]
	at org.postgresql.Driver.connect(Driver.java:298) ~[postgresql-42.7.8.jar:42.7.8]
	at com.zaxxer.hikari.util.DriverDataSource.getConnection(DriverDataSource.java:144) ~[HikariCP-7.0.2.jar:na]
	at com.zaxxer.hikari.pool.PoolBase.newConnection(PoolBase.java:373) ~[HikariCP-7.0.2.jar:na]
	at com.zaxxer.hikari.pool.PoolBase.newPoolEntry(PoolBase.java:210) ~[HikariCP-7.0.2.jar:na]
	at com.zaxxer.hikari.pool.HikariPool.createPoolEntry(HikariPool.java:488) ~[HikariCP-7.0.2.jar:na]
	at com.zaxxer.hikari.pool.HikariPool$PoolEntryCreator.call(HikariPool.java:752) ~[HikariCP-7.0.2.jar:na]
	at com.zaxxer.hikari.pool.HikariPool$PoolEntryCreator.call(HikariPool.java:731) ~[HikariCP-7.0.2.jar:na]
	at java.base/java.util.concurrent.FutureTask.run(FutureTask.java:317) ~[na:na]
	at java.base/java.util.concurrent.ThreadPoolExecutor.runWorker(ThreadPoolExecutor.java:1144) ~[na:na]
	at java.base/java.util.concurrent.ThreadPoolExecutor$Worker.run(ThreadPoolExecutor.java:642) ~[na:na]
	at java.base/java.lang.Thread.run(Thread.java:1583) ~[na:na]
Caused by: java.net.UnknownHostException: dpg-d4i2omjuibrs73du8tbg-a.oregon-postgres.render.com
	at java.base/sun.nio.ch.NioSocketImpl.connect(NioSocketImpl.java:567) ~[na:na]
	at java.base/java.net.SocksSocketImpl.connect(SocksSocketImpl.java:327) ~[na:na]
	at java.base/java.net.Socket.connect(Socket.java:751) ~[na:na]
	at org.postgresql.core.PGStream.createSocket(PGStream.java:261) ~[postgresql-42.7.8.jar:42.7.8]
	at org.postgresql.core.PGStream.<init>(PGStream.java:122) ~[postgresql-42.7.8.jar:42.7.8]
	at org.postgresql.core.v3.ConnectionFactoryImpl.tryConnect(ConnectionFactoryImpl.java:146) ~[postgresql-42.7.8.jar:42.7.8]
	at org.postgresql.core.v3.ConnectionFactoryImpl.openConnectionImpl(ConnectionFactoryImpl.java:289) ~[postgresql-42.7.8.jar:42.7.8]
	... 14 common frames omitted

2025-12-06T02:59:10.652+02:00  WARN 18296 --- [HikariPool-POSTGRE:connection-adder] com.zaxxer.hikari.pool.PoolBase          : HikariPool-POSTGRE - Pool is empty, failed to create/setup connection (8e9ccee5-d71b-4f20-92b3-f2adf97c322d)

org.postgresql.util.PSQLException: The connection attempt failed.
	at org.postgresql.core.v3.ConnectionFactoryImpl.openConnectionImpl(ConnectionFactoryImpl.java:385) ~[postgresql-42.7.8.jar:42.7.8]
	at org.postgresql.core.ConnectionFactory.openConnection(ConnectionFactory.java:57) ~[postgresql-42.7.8.jar:42.7.8]
	at org.postgresql.jdbc.PgConnection.<init>(PgConnection.java:279) ~[postgresql-42.7.8.jar:42.7.8]
	at org.postgresql.Driver.makeConnection(Driver.java:448) ~[postgresql-42.7.8.jar:42.7.8]
	at org.postgresql.Driver.connect(Driver.java:298) ~[postgresql-42.7.8.jar:42.7.8]
	at com.zaxxer.hikari.util.DriverDataSource.getConnection(DriverDataSource.java:144) ~[HikariCP-7.0.2.jar:na]
	at com.zaxxer.hikari.pool.PoolBase.newConnection(PoolBase.java:373) ~[HikariCP-7.0.2.jar:na]
	at com.zaxxer.hikari.pool.PoolBase.newPoolEntry(PoolBase.java:210) ~[HikariCP-7.0.2.jar:na]
	at com.zaxxer.hikari.pool.HikariPool.createPoolEntry(HikariPool.java:488) ~[HikariCP-7.0.2.jar:na]
	at com.zaxxer.hikari.pool.HikariPool$PoolEntryCreator.call(HikariPool.java:752) ~[HikariCP-7.0.2.jar:na]
	at com.zaxxer.hikari.pool.HikariPool$PoolEntryCreator.call(HikariPool.java:731) ~[HikariCP-7.0.2.jar:na]
	at java.base/java.util.concurrent.FutureTask.run(FutureTask.java:317) ~[na:na]
	at java.base/java.util.concurrent.ThreadPoolExecutor.runWorker(ThreadPoolExecutor.java:1144) ~[na:na]
	at java.base/java.util.concurrent.ThreadPoolExecutor$Worker.run(ThreadPoolExecutor.java:642) ~[na:na]
	at java.base/java.lang.Thread.run(Thread.java:1583) ~[na:na]
Caused by: java.net.UnknownHostException: dpg-d4i2omjuibrs73du8tbg-a.oregon-postgres.render.com
	at java.base/sun.nio.ch.NioSocketImpl.connect(NioSocketImpl.java:567) ~[na:na]
	at java.base/java.net.SocksSocketImpl.connect(SocksSocketImpl.java:327) ~[na:na]
	at java.base/java.net.Socket.connect(Socket.java:751) ~[na:na]
	at org.postgresql.core.PGStream.createSocket(PGStream.java:261) ~[postgresql-42.7.8.jar:42.7.8]
	at org.postgresql.core.PGStream.<init>(PGStream.java:122) ~[postgresql-42.7.8.jar:42.7.8]
	at org.postgresql.core.v3.ConnectionFactoryImpl.tryConnect(ConnectionFactoryImpl.java:146) ~[postgresql-42.7.8.jar:42.7.8]
	at org.postgresql.core.v3.ConnectionFactoryImpl.openConnectionImpl(ConnectionFactoryImpl.java:289) ~[postgresql-42.7.8.jar:42.7.8]
	... 14 common frames omitted

2025-12-06T03:00:15.817+02:00  WARN 18296 --- [HikariPool-POSTGRE:connection-adder] com.zaxxer.hikari.pool.PoolBase          : HikariPool-POSTGRE - Pool is empty, failed to create/setup connection (ca17c64b-0738-4228-86d7-7270d3cc3336)

org.postgresql.util.PSQLException: The connection attempt failed.
	at org.postgresql.core.v3.ConnectionFactoryImpl.openConnectionImpl(ConnectionFactoryImpl.java:385) ~[postgresql-42.7.8.jar:42.7.8]
	at org.postgresql.core.ConnectionFactory.openConnection(ConnectionFactory.java:57) ~[postgresql-42.7.8.jar:42.7.8]
	at org.postgresql.jdbc.PgConnection.<init>(PgConnection.java:279) ~[postgresql-42.7.8.jar:42.7.8]
	at org.postgresql.Driver.makeConnection(Driver.java:448) ~[postgresql-42.7.8.jar:42.7.8]
	at org.postgresql.Driver.connect(Driver.java:298) ~[postgresql-42.7.8.jar:42.7.8]
	at com.zaxxer.hikari.util.DriverDataSource.getConnection(DriverDataSource.java:144) ~[HikariCP-7.0.2.jar:na]
	at com.zaxxer.hikari.pool.PoolBase.newConnection(PoolBase.java:373) ~[HikariCP-7.0.2.jar:na]
	at com.zaxxer.hikari.pool.PoolBase.newPoolEntry(PoolBase.java:210) ~[HikariCP-7.0.2.jar:na]
	at com.zaxxer.hikari.pool.HikariPool.createPoolEntry(HikariPool.java:488) ~[HikariCP-7.0.2.jar:na]
	at com.zaxxer.hikari.pool.HikariPool$PoolEntryCreator.call(HikariPool.java:752) ~[HikariCP-7.0.2.jar:na]
	at com.zaxxer.hikari.pool.HikariPool$PoolEntryCreator.call(HikariPool.java:731) ~[HikariCP-7.0.2.jar:na]
	at java.base/java.util.concurrent.FutureTask.run(FutureTask.java:317) ~[na:na]
	at java.base/java.util.concurrent.ThreadPoolExecutor.runWorker(ThreadPoolExecutor.java:1144) ~[na:na]
	at java.base/java.util.concurrent.ThreadPoolExecutor$Worker.run(ThreadPoolExecutor.java:642) ~[na:na]
	at java.base/java.lang.Thread.run(Thread.java:1583) ~[na:na]
Caused by: java.net.UnknownHostException: dpg-d4i2omjuibrs73du8tbg-a.oregon-postgres.render.com
	at java.base/sun.nio.ch.NioSocketImpl.connect(NioSocketImpl.java:567) ~[na:na]
	at java.base/java.net.SocksSocketImpl.connect(SocksSocketImpl.java:327) ~[na:na]
	at java.base/java.net.Socket.connect(Socket.java:751) ~[na:na]
	at org.postgresql.core.PGStream.createSocket(PGStream.java:261) ~[postgresql-42.7.8.jar:42.7.8]
	at org.postgresql.core.PGStream.<init>(PGStream.java:122) ~[postgresql-42.7.8.jar:42.7.8]
	at org.postgresql.core.v3.ConnectionFactoryImpl.tryConnect(ConnectionFactoryImpl.java:146) ~[postgresql-42.7.8.jar:42.7.8]
	at org.postgresql.core.v3.ConnectionFactoryImpl.openConnectionImpl(ConnectionFactoryImpl.java:289) ~[postgresql-42.7.8.jar:42.7.8]
	... 14 common frames omitted

2025-12-06T03:01:20.972+02:00  WARN 18296 --- [HikariPool-POSTGRE:connection-adder] com.zaxxer.hikari.pool.PoolBase          : HikariPool-POSTGRE - Pool is empty, failed to create/setup connection (d1110bc1-4f37-4cb3-b749-6a578173a1b6)

org.postgresql.util.PSQLException: The connection attempt failed.
	at org.postgresql.core.v3.ConnectionFactoryImpl.openConnectionImpl(ConnectionFactoryImpl.java:385) ~[postgresql-42.7.8.jar:42.7.8]
	at org.postgresql.core.ConnectionFactory.openConnection(ConnectionFactory.java:57) ~[postgresql-42.7.8.jar:42.7.8]
	at org.postgresql.jdbc.PgConnection.<init>(PgConnection.java:279) ~[postgresql-42.7.8.jar:42.7.8]
	at org.postgresql.Driver.makeConnection(Driver.java:448) ~[postgresql-42.7.8.jar:42.7.8]
	at org.postgresql.Driver.connect(Driver.java:298) ~[postgresql-42.7.8.jar:42.7.8]
	at com.zaxxer.hikari.util.DriverDataSource.getConnection(DriverDataSource.java:144) ~[HikariCP-7.0.2.jar:na]
	at com.zaxxer.hikari.pool.PoolBase.newConnection(PoolBase.java:373) ~[HikariCP-7.0.2.jar:na]
	at com.zaxxer.hikari.pool.PoolBase.newPoolEntry(PoolBase.java:210) ~[HikariCP-7.0.2.jar:na]
	at com.zaxxer.hikari.pool.HikariPool.createPoolEntry(HikariPool.java:488) ~[HikariCP-7.0.2.jar:na]
	at com.zaxxer.hikari.pool.HikariPool$PoolEntryCreator.call(HikariPool.java:752) ~[HikariCP-7.0.2.jar:na]
	at com.zaxxer.hikari.pool.HikariPool$PoolEntryCreator.call(HikariPool.java:731) ~[HikariCP-7.0.2.jar:na]
	at java.base/java.util.concurrent.FutureTask.run(FutureTask.java:317) ~[na:na]
	at java.base/java.util.concurrent.ThreadPoolExecutor.runWorker(ThreadPoolExecutor.java:1144) ~[na:na]
	at java.base/java.util.concurrent.ThreadPoolExecutor$Worker.run(ThreadPoolExecutor.java:642) ~[na:na]
	at java.base/java.lang.Thread.run(Thread.java:1583) ~[na:na]
Caused by: java.net.UnknownHostException: dpg-d4i2omjuibrs73du8tbg-a.oregon-postgres.render.com
	at java.base/sun.nio.ch.NioSocketImpl.connect(NioSocketImpl.java:567) ~[na:na]
	at java.base/java.net.SocksSocketImpl.connect(SocksSocketImpl.java:327) ~[na:na]
	at java.base/java.net.Socket.connect(Socket.java:751) ~[na:na]
	at org.postgresql.core.PGStream.createSocket(PGStream.java:261) ~[postgresql-42.7.8.jar:42.7.8]
	at org.postgresql.core.PGStream.<init>(PGStream.java:122) ~[postgresql-42.7.8.jar:42.7.8]
	at org.postgresql.core.v3.ConnectionFactoryImpl.tryConnect(ConnectionFactoryImpl.java:146) ~[postgresql-42.7.8.jar:42.7.8]
	at org.postgresql.core.v3.ConnectionFactoryImpl.openConnectionImpl(ConnectionFactoryImpl.java:289) ~[postgresql-42.7.8.jar:42.7.8]
	... 14 common frames omitted

2025-12-06T03:02:26.139+02:00  WARN 18296 --- [HikariPool-POSTGRE:connection-adder] com.zaxxer.hikari.pool.PoolBase          : HikariPool-POSTGRE - Pool is empty, failed to create/setup connection (5a105c74-0fbb-4844-b68c-ae7d9ebbeecf)

org.postgresql.util.PSQLException: The connection attempt failed.
	at org.postgresql.core.v3.ConnectionFactoryImpl.openConnectionImpl(ConnectionFactoryImpl.java:385) ~[postgresql-42.7.8.jar:42.7.8]
	at org.postgresql.core.ConnectionFactory.openConnection(ConnectionFactory.java:57) ~[postgresql-42.7.8.jar:42.7.8]
	at org.postgresql.jdbc.PgConnection.<init>(PgConnection.java:279) ~[postgresql-42.7.8.jar:42.7.8]
	at org.postgresql.Driver.makeConnection(Driver.java:448) ~[postgresql-42.7.8.jar:42.7.8]
	at org.postgresql.Driver.connect(Driver.java:298) ~[postgresql-42.7.8.jar:42.7.8]
	at com.zaxxer.hikari.util.DriverDataSource.getConnection(DriverDataSource.java:144) ~[HikariCP-7.0.2.jar:na]
	at com.zaxxer.hikari.pool.PoolBase.newConnection(PoolBase.java:373) ~[HikariCP-7.0.2.jar:na]
	at com.zaxxer.hikari.pool.PoolBase.newPoolEntry(PoolBase.java:210) ~[HikariCP-7.0.2.jar:na]
	at com.zaxxer.hikari.pool.HikariPool.createPoolEntry(HikariPool.java:488) ~[HikariCP-7.0.2.jar:na]
	at com.zaxxer.hikari.pool.HikariPool$PoolEntryCreator.call(HikariPool.java:752) ~[HikariCP-7.0.2.jar:na]
	at com.zaxxer.hikari.pool.HikariPool$PoolEntryCreator.call(HikariPool.java:731) ~[HikariCP-7.0.2.jar:na]
	at java.base/java.util.concurrent.FutureTask.run(FutureTask.java:317) ~[na:na]
	at java.base/java.util.concurrent.ThreadPoolExecutor.runWorker(ThreadPoolExecutor.java:1144) ~[na:na]
	at java.base/java.util.concurrent.ThreadPoolExecutor$Worker.run(ThreadPoolExecutor.java:642) ~[na:na]
	at java.base/java.lang.Thread.run(Thread.java:1583) ~[na:na]
Caused by: java.net.UnknownHostException: dpg-d4i2omjuibrs73du8tbg-a.oregon-postgres.render.com
	at java.base/sun.nio.ch.NioSocketImpl.connect(NioSocketImpl.java:567) ~[na:na]
	at java.base/java.net.SocksSocketImpl.connect(SocksSocketImpl.java:327) ~[na:na]
	at java.base/java.net.Socket.connect(Socket.java:751) ~[na:na]
	at org.postgresql.core.PGStream.createSocket(PGStream.java:261) ~[postgresql-42.7.8.jar:42.7.8]
	at org.postgresql.core.PGStream.<init>(PGStream.java:122) ~[postgresql-42.7.8.jar:42.7.8]
	at org.postgresql.core.v3.ConnectionFactoryImpl.tryConnect(ConnectionFactoryImpl.java:146) ~[postgresql-42.7.8.jar:42.7.8]
	at org.postgresql.core.v3.ConnectionFactoryImpl.openConnectionImpl(ConnectionFactoryImpl.java:289) ~[postgresql-42.7.8.jar:42.7.8]
	... 14 common frames omitted

2025-12-06T03:03:31.403+02:00  WARN 18296 --- [HikariPool-POSTGRE:connection-adder] com.zaxxer.hikari.pool.PoolBase          : HikariPool-POSTGRE - Pool is empty, failed to create/setup connection (64167af3-94af-4ae3-934f-d309a5a0273f)

org.postgresql.util.PSQLException: The connection attempt failed.
	at org.postgresql.core.v3.ConnectionFactoryImpl.openConnectionImpl(ConnectionFactoryImpl.java:385) ~[postgresql-42.7.8.jar:42.7.8]
	at org.postgresql.core.ConnectionFactory.openConnection(ConnectionFactory.java:57) ~[postgresql-42.7.8.jar:42.7.8]
	at org.postgresql.jdbc.PgConnection.<init>(PgConnection.java:279) ~[postgresql-42.7.8.jar:42.7.8]
	at org.postgresql.Driver.makeConnection(Driver.java:448) ~[postgresql-42.7.8.jar:42.7.8]
	at org.postgresql.Driver.connect(Driver.java:298) ~[postgresql-42.7.8.jar:42.7.8]
	at com.zaxxer.hikari.util.DriverDataSource.getConnection(DriverDataSource.java:144) ~[HikariCP-7.0.2.jar:na]
	at com.zaxxer.hikari.pool.PoolBase.newConnection(PoolBase.java:373) ~[HikariCP-7.0.2.jar:na]
	at com.zaxxer.hikari.pool.PoolBase.newPoolEntry(PoolBase.java:210) ~[HikariCP-7.0.2.jar:na]
	at com.zaxxer.hikari.pool.HikariPool.createPoolEntry(HikariPool.java:488) ~[HikariCP-7.0.2.jar:na]
	at com.zaxxer.hikari.pool.HikariPool$PoolEntryCreator.call(HikariPool.java:752) ~[HikariCP-7.0.2.jar:na]
	at com.zaxxer.hikari.pool.HikariPool$PoolEntryCreator.call(HikariPool.java:731) ~[HikariCP-7.0.2.jar:na]
	at java.base/java.util.concurrent.FutureTask.run(FutureTask.java:317) ~[na:na]
	at java.base/java.util.concurrent.ThreadPoolExecutor.runWorker(ThreadPoolExecutor.java:1144) ~[na:na]
	at java.base/java.util.concurrent.ThreadPoolExecutor$Worker.run(ThreadPoolExecutor.java:642) ~[na:na]
	at java.base/java.lang.Thread.run(Thread.java:1583) ~[na:na]
Caused by: java.net.UnknownHostException: dpg-d4i2omjuibrs73du8tbg-a.oregon-postgres.render.com
	at java.base/sun.nio.ch.NioSocketImpl.connect(NioSocketImpl.java:567) ~[na:na]
	at java.base/java.net.SocksSocketImpl.connect(SocksSocketImpl.java:327) ~[na:na]
	at java.base/java.net.Socket.connect(Socket.java:751) ~[na:na]
	at org.postgresql.core.PGStream.createSocket(PGStream.java:261) ~[postgresql-42.7.8.jar:42.7.8]
	at org.postgresql.core.PGStream.<init>(PGStream.java:122) ~[postgresql-42.7.8.jar:42.7.8]
	at org.postgresql.core.v3.ConnectionFactoryImpl.tryConnect(ConnectionFactoryImpl.java:146) ~[postgresql-42.7.8.jar:42.7.8]
	at org.postgresql.core.v3.ConnectionFactoryImpl.openConnectionImpl(ConnectionFactoryImpl.java:289) ~[postgresql-42.7.8.jar:42.7.8]
	... 14 common frames omitted

2025-12-06T03:04:36.541+02:00  WARN 18296 --- [HikariPool-POSTGRE:connection-adder] com.zaxxer.hikari.pool.PoolBase          : HikariPool-POSTGRE - Pool is empty, failed to create/setup connection (97e55adb-2708-422b-9706-37718ec9c646)

org.postgresql.util.PSQLException: The connection attempt failed.
	at org.postgresql.core.v3.ConnectionFactoryImpl.openConnectionImpl(ConnectionFactoryImpl.java:385) ~[postgresql-42.7.8.jar:42.7.8]
	at org.postgresql.core.ConnectionFactory.openConnection(ConnectionFactory.java:57) ~[postgresql-42.7.8.jar:42.7.8]
	at org.postgresql.jdbc.PgConnection.<init>(PgConnection.java:279) ~[postgresql-42.7.8.jar:42.7.8]
	at org.postgresql.Driver.makeConnection(Driver.java:448) ~[postgresql-42.7.8.jar:42.7.8]
	at org.postgresql.Driver.connect(Driver.java:298) ~[postgresql-42.7.8.jar:42.7.8]
	at com.zaxxer.hikari.util.DriverDataSource.getConnection(DriverDataSource.java:144) ~[HikariCP-7.0.2.jar:na]
	at com.zaxxer.hikari.pool.PoolBase.newConnection(PoolBase.java:373) ~[HikariCP-7.0.2.jar:na]
	at com.zaxxer.hikari.pool.PoolBase.newPoolEntry(PoolBase.java:210) ~[HikariCP-7.0.2.jar:na]
	at com.zaxxer.hikari.pool.HikariPool.createPoolEntry(HikariPool.java:488) ~[HikariCP-7.0.2.jar:na]
	at com.zaxxer.hikari.pool.HikariPool$PoolEntryCreator.call(HikariPool.java:752) ~[HikariCP-7.0.2.jar:na]
	at com.zaxxer.hikari.pool.HikariPool$PoolEntryCreator.call(HikariPool.java:731) ~[HikariCP-7.0.2.jar:na]
	at java.base/java.util.concurrent.FutureTask.run(FutureTask.java:317) ~[na:na]
	at java.base/java.util.concurrent.ThreadPoolExecutor.runWorker(ThreadPoolExecutor.java:1144) ~[na:na]
	at java.base/java.util.concurrent.ThreadPoolExecutor$Worker.run(ThreadPoolExecutor.java:642) ~[na:na]
	at java.base/java.lang.Thread.run(Thread.java:1583) ~[na:na]
Caused by: java.net.UnknownHostException: dpg-d4i2omjuibrs73du8tbg-a.oregon-postgres.render.com
	at java.base/sun.nio.ch.NioSocketImpl.connect(NioSocketImpl.java:567) ~[na:na]
	at java.base/java.net.SocksSocketImpl.connect(SocksSocketImpl.java:327) ~[na:na]
	at java.base/java.net.Socket.connect(Socket.java:751) ~[na:na]
	at org.postgresql.core.PGStream.createSocket(PGStream.java:261) ~[postgresql-42.7.8.jar:42.7.8]
	at org.postgresql.core.PGStream.<init>(PGStream.java:122) ~[postgresql-42.7.8.jar:42.7.8]
	at org.postgresql.core.v3.ConnectionFactoryImpl.tryConnect(ConnectionFactoryImpl.java:146) ~[postgresql-42.7.8.jar:42.7.8]
	at org.postgresql.core.v3.ConnectionFactoryImpl.openConnectionImpl(ConnectionFactoryImpl.java:289) ~[postgresql-42.7.8.jar:42.7.8]
	... 14 common frames omitted

2025-12-06T03:05:41.672+02:00  WARN 18296 --- [HikariPool-POSTGRE:connection-adder] com.zaxxer.hikari.pool.PoolBase          : HikariPool-POSTGRE - Pool is empty, failed to create/setup connection (63b2522c-c834-48ab-a7bb-7653f9277cfe)

org.postgresql.util.PSQLException: The connection attempt failed.
	at org.postgresql.core.v3.ConnectionFactoryImpl.openConnectionImpl(ConnectionFactoryImpl.java:385) ~[postgresql-42.7.8.jar:42.7.8]
	at org.postgresql.core.ConnectionFactory.openConnection(ConnectionFactory.java:57) ~[postgresql-42.7.8.jar:42.7.8]
	at org.postgresql.jdbc.PgConnection.<init>(PgConnection.java:279) ~[postgresql-42.7.8.jar:42.7.8]
	at org.postgresql.Driver.makeConnection(Driver.java:448) ~[postgresql-42.7.8.jar:42.7.8]
	at org.postgresql.Driver.connect(Driver.java:298) ~[postgresql-42.7.8.jar:42.7.8]
	at com.zaxxer.hikari.util.DriverDataSource.getConnection(DriverDataSource.java:144) ~[HikariCP-7.0.2.jar:na]
	at com.zaxxer.hikari.pool.PoolBase.newConnection(PoolBase.java:373) ~[HikariCP-7.0.2.jar:na]
	at com.zaxxer.hikari.pool.PoolBase.newPoolEntry(PoolBase.java:210) ~[HikariCP-7.0.2.jar:na]
	at com.zaxxer.hikari.pool.HikariPool.createPoolEntry(HikariPool.java:488) ~[HikariCP-7.0.2.jar:na]
	at com.zaxxer.hikari.pool.HikariPool$PoolEntryCreator.call(HikariPool.java:752) ~[HikariCP-7.0.2.jar:na]
	at com.zaxxer.hikari.pool.HikariPool$PoolEntryCreator.call(HikariPool.java:731) ~[HikariCP-7.0.2.jar:na]
	at java.base/java.util.concurrent.FutureTask.run(FutureTask.java:317) ~[na:na]
	at java.base/java.util.concurrent.ThreadPoolExecutor.runWorker(ThreadPoolExecutor.java:1144) ~[na:na]
	at java.base/java.util.concurrent.ThreadPoolExecutor$Worker.run(ThreadPoolExecutor.java:642) ~[na:na]
	at java.base/java.lang.Thread.run(Thread.java:1583) ~[na:na]
Caused by: java.net.UnknownHostException: dpg-d4i2omjuibrs73du8tbg-a.oregon-postgres.render.com
	at java.base/sun.nio.ch.NioSocketImpl.connect(NioSocketImpl.java:567) ~[na:na]
	at java.base/java.net.SocksSocketImpl.connect(SocksSocketImpl.java:327) ~[na:na]
	at java.base/java.net.Socket.connect(Socket.java:751) ~[na:na]
	at org.postgresql.core.PGStream.createSocket(PGStream.java:261) ~[postgresql-42.7.8.jar:42.7.8]
	at org.postgresql.core.PGStream.<init>(PGStream.java:122) ~[postgresql-42.7.8.jar:42.7.8]
	at org.postgresql.core.v3.ConnectionFactoryImpl.tryConnect(ConnectionFactoryImpl.java:146) ~[postgresql-42.7.8.jar:42.7.8]
	at org.postgresql.core.v3.ConnectionFactoryImpl.openConnectionImpl(ConnectionFactoryImpl.java:289) ~[postgresql-42.7.8.jar:42.7.8]
	... 14 common frames omitted

2025-12-06T03:06:46.837+02:00  WARN 18296 --- [HikariPool-POSTGRE:connection-adder] com.zaxxer.hikari.pool.PoolBase          : HikariPool-POSTGRE - Pool is empty, failed to create/setup connection (38582480-1929-4ab0-b5b8-cf641c1257e5)

org.postgresql.util.PSQLException: The connection attempt failed.
	at org.postgresql.core.v3.ConnectionFactoryImpl.openConnectionImpl(ConnectionFactoryImpl.java:385) ~[postgresql-42.7.8.jar:42.7.8]
	at org.postgresql.core.ConnectionFactory.openConnection(ConnectionFactory.java:57) ~[postgresql-42.7.8.jar:42.7.8]
	at org.postgresql.jdbc.PgConnection.<init>(PgConnection.java:279) ~[postgresql-42.7.8.jar:42.7.8]
	at org.postgresql.Driver.makeConnection(Driver.java:448) ~[postgresql-42.7.8.jar:42.7.8]
	at org.postgresql.Driver.connect(Driver.java:298) ~[postgresql-42.7.8.jar:42.7.8]
	at com.zaxxer.hikari.util.DriverDataSource.getConnection(DriverDataSource.java:144) ~[HikariCP-7.0.2.jar:na]
	at com.zaxxer.hikari.pool.PoolBase.newConnection(PoolBase.java:373) ~[HikariCP-7.0.2.jar:na]
	at com.zaxxer.hikari.pool.PoolBase.newPoolEntry(PoolBase.java:210) ~[HikariCP-7.0.2.jar:na]
	at com.zaxxer.hikari.pool.HikariPool.createPoolEntry(HikariPool.java:488) ~[HikariCP-7.0.2.jar:na]
	at com.zaxxer.hikari.pool.HikariPool$PoolEntryCreator.call(HikariPool.java:752) ~[HikariCP-7.0.2.jar:na]
	at com.zaxxer.hikari.pool.HikariPool$PoolEntryCreator.call(HikariPool.java:731) ~[HikariCP-7.0.2.jar:na]
	at java.base/java.util.concurrent.FutureTask.run(FutureTask.java:317) ~[na:na]
	at java.base/java.util.concurrent.ThreadPoolExecutor.runWorker(ThreadPoolExecutor.java:1144) ~[na:na]
	at java.base/java.util.concurrent.ThreadPoolExecutor$Worker.run(ThreadPoolExecutor.java:642) ~[na:na]
	at java.base/java.lang.Thread.run(Thread.java:1583) ~[na:na]
Caused by: java.net.UnknownHostException: dpg-d4i2omjuibrs73du8tbg-a.oregon-postgres.render.com
	at java.base/sun.nio.ch.NioSocketImpl.connect(NioSocketImpl.java:567) ~[na:na]
	at java.base/java.net.SocksSocketImpl.connect(SocksSocketImpl.java:327) ~[na:na]
	at java.base/java.net.Socket.connect(Socket.java:751) ~[na:na]
	at org.postgresql.core.PGStream.createSocket(PGStream.java:261) ~[postgresql-42.7.8.jar:42.7.8]
	at org.postgresql.core.PGStream.<init>(PGStream.java:122) ~[postgresql-42.7.8.jar:42.7.8]
	at org.postgresql.core.v3.ConnectionFactoryImpl.tryConnect(ConnectionFactoryImpl.java:146) ~[postgresql-42.7.8.jar:42.7.8]
	at org.postgresql.core.v3.ConnectionFactoryImpl.openConnectionImpl(ConnectionFactoryImpl.java:289) ~[postgresql-42.7.8.jar:42.7.8]
	... 14 common frames omitted

2025-12-06T03:07:51.991+02:00  WARN 18296 --- [HikariPool-POSTGRE:connection-adder] com.zaxxer.hikari.pool.PoolBase          : HikariPool-POSTGRE - Pool is empty, failed to create/setup connection (2bc2b9aa-0280-4e1b-a662-8030d84c6e55)

org.postgresql.util.PSQLException: The connection attempt failed.
	at org.postgresql.core.v3.ConnectionFactoryImpl.openConnectionImpl(ConnectionFactoryImpl.java:385) ~[postgresql-42.7.8.jar:42.7.8]
	at org.postgresql.core.ConnectionFactory.openConnection(ConnectionFactory.java:57) ~[postgresql-42.7.8.jar:42.7.8]
	at org.postgresql.jdbc.PgConnection.<init>(PgConnection.java:279) ~[postgresql-42.7.8.jar:42.7.8]
	at org.postgresql.Driver.makeConnection(Driver.java:448) ~[postgresql-42.7.8.jar:42.7.8]
	at org.postgresql.Driver.connect(Driver.java:298) ~[postgresql-42.7.8.jar:42.7.8]
	at com.zaxxer.hikari.util.DriverDataSource.getConnection(DriverDataSource.java:144) ~[HikariCP-7.0.2.jar:na]
	at com.zaxxer.hikari.pool.PoolBase.newConnection(PoolBase.java:373) ~[HikariCP-7.0.2.jar:na]
	at com.zaxxer.hikari.pool.PoolBase.newPoolEntry(PoolBase.java:210) ~[HikariCP-7.0.2.jar:na]
	at com.zaxxer.hikari.pool.HikariPool.createPoolEntry(HikariPool.java:488) ~[HikariCP-7.0.2.jar:na]
	at com.zaxxer.hikari.pool.HikariPool$PoolEntryCreator.call(HikariPool.java:752) ~[HikariCP-7.0.2.jar:na]
	at com.zaxxer.hikari.pool.HikariPool$PoolEntryCreator.call(HikariPool.java:731) ~[HikariCP-7.0.2.jar:na]
	at java.base/java.util.concurrent.FutureTask.run(FutureTask.java:317) ~[na:na]
	at java.base/java.util.concurrent.ThreadPoolExecutor.runWorker(ThreadPoolExecutor.java:1144) ~[na:na]
	at java.base/java.util.concurrent.ThreadPoolExecutor$Worker.run(ThreadPoolExecutor.java:642) ~[na:na]
	at java.base/java.lang.Thread.run(Thread.java:1583) ~[na:na]
Caused by: java.net.UnknownHostException: dpg-d4i2omjuibrs73du8tbg-a.oregon-postgres.render.com
	at java.base/sun.nio.ch.NioSocketImpl.connect(NioSocketImpl.java:567) ~[na:na]
	at java.base/java.net.SocksSocketImpl.connect(SocksSocketImpl.java:327) ~[na:na]
	at java.base/java.net.Socket.connect(Socket.java:751) ~[na:na]
	at org.postgresql.core.PGStream.createSocket(PGStream.java:261) ~[postgresql-42.7.8.jar:42.7.8]
	at org.postgresql.core.PGStream.<init>(PGStream.java:122) ~[postgresql-42.7.8.jar:42.7.8]
	at org.postgresql.core.v3.ConnectionFactoryImpl.tryConnect(ConnectionFactoryImpl.java:146) ~[postgresql-42.7.8.jar:42.7.8]
	at org.postgresql.core.v3.ConnectionFactoryImpl.openConnectionImpl(ConnectionFactoryImpl.java:289) ~[postgresql-42.7.8.jar:42.7.8]
	... 14 common frames omitted

2025-12-06T03:08:57.142+02:00  WARN 18296 --- [HikariPool-POSTGRE:connection-adder] com.zaxxer.hikari.pool.PoolBase          : HikariPool-POSTGRE - Pool is empty, failed to create/setup connection (9c89b303-ce6f-4a64-91c4-bf72a9c9388a)

org.postgresql.util.PSQLException: The connection attempt failed.
	at org.postgresql.core.v3.ConnectionFactoryImpl.openConnectionImpl(ConnectionFactoryImpl.java:385) ~[postgresql-42.7.8.jar:42.7.8]
	at org.postgresql.core.ConnectionFactory.openConnection(ConnectionFactory.java:57) ~[postgresql-42.7.8.jar:42.7.8]
	at org.postgresql.jdbc.PgConnection.<init>(PgConnection.java:279) ~[postgresql-42.7.8.jar:42.7.8]
	at org.postgresql.Driver.makeConnection(Driver.java:448) ~[postgresql-42.7.8.jar:42.7.8]
	at org.postgresql.Driver.connect(Driver.java:298) ~[postgresql-42.7.8.jar:42.7.8]
	at com.zaxxer.hikari.util.DriverDataSource.getConnection(DriverDataSource.java:144) ~[HikariCP-7.0.2.jar:na]
	at com.zaxxer.hikari.pool.PoolBase.newConnection(PoolBase.java:373) ~[HikariCP-7.0.2.jar:na]
	at com.zaxxer.hikari.pool.PoolBase.newPoolEntry(PoolBase.java:210) ~[HikariCP-7.0.2.jar:na]
	at com.zaxxer.hikari.pool.HikariPool.createPoolEntry(HikariPool.java:488) ~[HikariCP-7.0.2.jar:na]
	at com.zaxxer.hikari.pool.HikariPool$PoolEntryCreator.call(HikariPool.java:752) ~[HikariCP-7.0.2.jar:na]
	at com.zaxxer.hikari.pool.HikariPool$PoolEntryCreator.call(HikariPool.java:731) ~[HikariCP-7.0.2.jar:na]
	at java.base/java.util.concurrent.FutureTask.run(FutureTask.java:317) ~[na:na]
	at java.base/java.util.concurrent.ThreadPoolExecutor.runWorker(ThreadPoolExecutor.java:1144) ~[na:na]
	at java.base/java.util.concurrent.ThreadPoolExecutor$Worker.run(ThreadPoolExecutor.java:642) ~[na:na]
	at java.base/java.lang.Thread.run(Thread.java:1583) ~[na:na]
Caused by: java.net.UnknownHostException: dpg-d4i2omjuibrs73du8tbg-a.oregon-postgres.render.com
	at java.base/sun.nio.ch.NioSocketImpl.connect(NioSocketImpl.java:567) ~[na:na]
	at java.base/java.net.SocksSocketImpl.connect(SocksSocketImpl.java:327) ~[na:na]
	at java.base/java.net.Socket.connect(Socket.java:751) ~[na:na]
	at org.postgresql.core.PGStream.createSocket(PGStream.java:261) ~[postgresql-42.7.8.jar:42.7.8]
	at org.postgresql.core.PGStream.<init>(PGStream.java:122) ~[postgresql-42.7.8.jar:42.7.8]
	at org.postgresql.core.v3.ConnectionFactoryImpl.tryConnect(ConnectionFactoryImpl.java:146) ~[postgresql-42.7.8.jar:42.7.8]
	at org.postgresql.core.v3.ConnectionFactoryImpl.openConnectionImpl(ConnectionFactoryImpl.java:289) ~[postgresql-42.7.8.jar:42.7.8]
	... 14 common frames omitted

2025-12-06T03:10:02.293+02:00  WARN 18296 --- [HikariPool-POSTGRE:connection-adder] com.zaxxer.hikari.pool.PoolBase          : HikariPool-POSTGRE - Pool is empty, failed to create/setup connection (52fbca9c-0b1f-4724-a1af-49b3ee611cd1)

org.postgresql.util.PSQLException: The connection attempt failed.
	at org.postgresql.core.v3.ConnectionFactoryImpl.openConnectionImpl(ConnectionFactoryImpl.java:385) ~[postgresql-42.7.8.jar:42.7.8]
	at org.postgresql.core.ConnectionFactory.openConnection(ConnectionFactory.java:57) ~[postgresql-42.7.8.jar:42.7.8]
	at org.postgresql.jdbc.PgConnection.<init>(PgConnection.java:279) ~[postgresql-42.7.8.jar:42.7.8]
	at org.postgresql.Driver.makeConnection(Driver.java:448) ~[postgresql-42.7.8.jar:42.7.8]
	at org.postgresql.Driver.connect(Driver.java:298) ~[postgresql-42.7.8.jar:42.7.8]
	at com.zaxxer.hikari.util.DriverDataSource.getConnection(DriverDataSource.java:144) ~[HikariCP-7.0.2.jar:na]
	at com.zaxxer.hikari.pool.PoolBase.newConnection(PoolBase.java:373) ~[HikariCP-7.0.2.jar:na]
	at com.zaxxer.hikari.pool.PoolBase.newPoolEntry(PoolBase.java:210) ~[HikariCP-7.0.2.jar:na]
	at com.zaxxer.hikari.pool.HikariPool.createPoolEntry(HikariPool.java:488) ~[HikariCP-7.0.2.jar:na]
	at com.zaxxer.hikari.pool.HikariPool$PoolEntryCreator.call(HikariPool.java:752) ~[HikariCP-7.0.2.jar:na]
	at com.zaxxer.hikari.pool.HikariPool$PoolEntryCreator.call(HikariPool.java:731) ~[HikariCP-7.0.2.jar:na]
	at java.base/java.util.concurrent.FutureTask.run(FutureTask.java:317) ~[na:na]
	at java.base/java.util.concurrent.ThreadPoolExecutor.runWorker(ThreadPoolExecutor.java:1144) ~[na:na]
	at java.base/java.util.concurrent.ThreadPoolExecutor$Worker.run(ThreadPoolExecutor.java:642) ~[na:na]
	at java.base/java.lang.Thread.run(Thread.java:1583) ~[na:na]
Caused by: java.net.UnknownHostException: dpg-d4i2omjuibrs73du8tbg-a.oregon-postgres.render.com
	at java.base/sun.nio.ch.NioSocketImpl.connect(NioSocketImpl.java:567) ~[na:na]
	at java.base/java.net.SocksSocketImpl.connect(SocksSocketImpl.java:327) ~[na:na]
	at java.base/java.net.Socket.connect(Socket.java:751) ~[na:na]
	at org.postgresql.core.PGStream.createSocket(PGStream.java:261) ~[postgresql-42.7.8.jar:42.7.8]
	at org.postgresql.core.PGStream.<init>(PGStream.java:122) ~[postgresql-42.7.8.jar:42.7.8]
	at org.postgresql.core.v3.ConnectionFactoryImpl.tryConnect(ConnectionFactoryImpl.java:146) ~[postgresql-42.7.8.jar:42.7.8]
	at org.postgresql.core.v3.ConnectionFactoryImpl.openConnectionImpl(ConnectionFactoryImpl.java:289) ~[postgresql-42.7.8.jar:42.7.8]
	... 14 common frames omitted

2025-12-06T03:11:07.443+02:00  WARN 18296 --- [HikariPool-POSTGRE:connection-adder] com.zaxxer.hikari.pool.PoolBase          : HikariPool-POSTGRE - Pool is empty, failed to create/setup connection (aa821db5-fcb6-41d5-9a5d-11ff5e31471c)

org.postgresql.util.PSQLException: The connection attempt failed.
	at org.postgresql.core.v3.ConnectionFactoryImpl.openConnectionImpl(ConnectionFactoryImpl.java:385) ~[postgresql-42.7.8.jar:42.7.8]
	at org.postgresql.core.ConnectionFactory.openConnection(ConnectionFactory.java:57) ~[postgresql-42.7.8.jar:42.7.8]
	at org.postgresql.jdbc.PgConnection.<init>(PgConnection.java:279) ~[postgresql-42.7.8.jar:42.7.8]
	at org.postgresql.Driver.makeConnection(Driver.java:448) ~[postgresql-42.7.8.jar:42.7.8]
	at org.postgresql.Driver.connect(Driver.java:298) ~[postgresql-42.7.8.jar:42.7.8]
	at com.zaxxer.hikari.util.DriverDataSource.getConnection(DriverDataSource.java:144) ~[HikariCP-7.0.2.jar:na]
	at com.zaxxer.hikari.pool.PoolBase.newConnection(PoolBase.java:373) ~[HikariCP-7.0.2.jar:na]
	at com.zaxxer.hikari.pool.PoolBase.newPoolEntry(PoolBase.java:210) ~[HikariCP-7.0.2.jar:na]
	at com.zaxxer.hikari.pool.HikariPool.createPoolEntry(HikariPool.java:488) ~[HikariCP-7.0.2.jar:na]
	at com.zaxxer.hikari.pool.HikariPool$PoolEntryCreator.call(HikariPool.java:752) ~[HikariCP-7.0.2.jar:na]
	at com.zaxxer.hikari.pool.HikariPool$PoolEntryCreator.call(HikariPool.java:731) ~[HikariCP-7.0.2.jar:na]
	at java.base/java.util.concurrent.FutureTask.run(FutureTask.java:317) ~[na:na]
	at java.base/java.util.concurrent.ThreadPoolExecutor.runWorker(ThreadPoolExecutor.java:1144) ~[na:na]
	at java.base/java.util.concurrent.ThreadPoolExecutor$Worker.run(ThreadPoolExecutor.java:642) ~[na:na]
	at java.base/java.lang.Thread.run(Thread.java:1583) ~[na:na]
Caused by: java.net.UnknownHostException: dpg-d4i2omjuibrs73du8tbg-a.oregon-postgres.render.com
	at java.base/sun.nio.ch.NioSocketImpl.connect(NioSocketImpl.java:567) ~[na:na]
	at java.base/java.net.SocksSocketImpl.connect(SocksSocketImpl.java:327) ~[na:na]
	at java.base/java.net.Socket.connect(Socket.java:751) ~[na:na]
	at org.postgresql.core.PGStream.createSocket(PGStream.java:261) ~[postgresql-42.7.8.jar:42.7.8]
	at org.postgresql.core.PGStream.<init>(PGStream.java:122) ~[postgresql-42.7.8.jar:42.7.8]
	at org.postgresql.core.v3.ConnectionFactoryImpl.tryConnect(ConnectionFactoryImpl.java:146) ~[postgresql-42.7.8.jar:42.7.8]
	at org.postgresql.core.v3.ConnectionFactoryImpl.openConnectionImpl(ConnectionFactoryImpl.java:289) ~[postgresql-42.7.8.jar:42.7.8]
	... 14 common frames omitted

2025-12-06T03:12:12.584+02:00  WARN 18296 --- [HikariPool-POSTGRE:connection-adder] com.zaxxer.hikari.pool.PoolBase          : HikariPool-POSTGRE - Pool is empty, failed to create/setup connection (1ed1f49e-edc4-4a1b-a5aa-aa7dbb1a5656)

org.postgresql.util.PSQLException: The connection attempt failed.
	at org.postgresql.core.v3.ConnectionFactoryImpl.openConnectionImpl(ConnectionFactoryImpl.java:385) ~[postgresql-42.7.8.jar:42.7.8]
	at org.postgresql.core.ConnectionFactory.openConnection(ConnectionFactory.java:57) ~[postgresql-42.7.8.jar:42.7.8]
	at org.postgresql.jdbc.PgConnection.<init>(PgConnection.java:279) ~[postgresql-42.7.8.jar:42.7.8]
	at org.postgresql.Driver.makeConnection(Driver.java:448) ~[postgresql-42.7.8.jar:42.7.8]
	at org.postgresql.Driver.connect(Driver.java:298) ~[postgresql-42.7.8.jar:42.7.8]
	at com.zaxxer.hikari.util.DriverDataSource.getConnection(DriverDataSource.java:144) ~[HikariCP-7.0.2.jar:na]
	at com.zaxxer.hikari.pool.PoolBase.newConnection(PoolBase.java:373) ~[HikariCP-7.0.2.jar:na]
	at com.zaxxer.hikari.pool.PoolBase.newPoolEntry(PoolBase.java:210) ~[HikariCP-7.0.2.jar:na]
	at com.zaxxer.hikari.pool.HikariPool.createPoolEntry(HikariPool.java:488) ~[HikariCP-7.0.2.jar:na]
	at com.zaxxer.hikari.pool.HikariPool$PoolEntryCreator.call(HikariPool.java:752) ~[HikariCP-7.0.2.jar:na]
	at com.zaxxer.hikari.pool.HikariPool$PoolEntryCreator.call(HikariPool.java:731) ~[HikariCP-7.0.2.jar:na]
	at java.base/java.util.concurrent.FutureTask.run(FutureTask.java:317) ~[na:na]
	at java.base/java.util.concurrent.ThreadPoolExecutor.runWorker(ThreadPoolExecutor.java:1144) ~[na:na]
	at java.base/java.util.concurrent.ThreadPoolExecutor$Worker.run(ThreadPoolExecutor.java:642) ~[na:na]
	at java.base/java.lang.Thread.run(Thread.java:1583) ~[na:na]
Caused by: java.net.UnknownHostException: dpg-d4i2omjuibrs73du8tbg-a.oregon-postgres.render.com
	at java.base/sun.nio.ch.NioSocketImpl.connect(NioSocketImpl.java:567) ~[na:na]
	at java.base/java.net.SocksSocketImpl.connect(SocksSocketImpl.java:327) ~[na:na]
	at java.base/java.net.Socket.connect(Socket.java:751) ~[na:na]
	at org.postgresql.core.PGStream.createSocket(PGStream.java:261) ~[postgresql-42.7.8.jar:42.7.8]
	at org.postgresql.core.PGStream.<init>(PGStream.java:122) ~[postgresql-42.7.8.jar:42.7.8]
	at org.postgresql.core.v3.ConnectionFactoryImpl.tryConnect(ConnectionFactoryImpl.java:146) ~[postgresql-42.7.8.jar:42.7.8]
	at org.postgresql.core.v3.ConnectionFactoryImpl.openConnectionImpl(ConnectionFactoryImpl.java:289) ~[postgresql-42.7.8.jar:42.7.8]
	... 14 common frames omitted

2025-12-06T03:13:17.739+02:00  WARN 18296 --- [HikariPool-POSTGRE:connection-adder] com.zaxxer.hikari.pool.PoolBase          : HikariPool-POSTGRE - Pool is empty, failed to create/setup connection (736976b8-261d-49fb-94b7-6a7d0465c5ab)

org.postgresql.util.PSQLException: The connection attempt failed.
	at org.postgresql.core.v3.ConnectionFactoryImpl.openConnectionImpl(ConnectionFactoryImpl.java:385) ~[postgresql-42.7.8.jar:42.7.8]
	at org.postgresql.core.ConnectionFactory.openConnection(ConnectionFactory.java:57) ~[postgresql-42.7.8.jar:42.7.8]
	at org.postgresql.jdbc.PgConnection.<init>(PgConnection.java:279) ~[postgresql-42.7.8.jar:42.7.8]
	at org.postgresql.Driver.makeConnection(Driver.java:448) ~[postgresql-42.7.8.jar:42.7.8]
	at org.postgresql.Driver.connect(Driver.java:298) ~[postgresql-42.7.8.jar:42.7.8]
	at com.zaxxer.hikari.util.DriverDataSource.getConnection(DriverDataSource.java:144) ~[HikariCP-7.0.2.jar:na]
	at com.zaxxer.hikari.pool.PoolBase.newConnection(PoolBase.java:373) ~[HikariCP-7.0.2.jar:na]
	at com.zaxxer.hikari.pool.PoolBase.newPoolEntry(PoolBase.java:210) ~[HikariCP-7.0.2.jar:na]
	at com.zaxxer.hikari.pool.HikariPool.createPoolEntry(HikariPool.java:488) ~[HikariCP-7.0.2.jar:na]
	at com.zaxxer.hikari.pool.HikariPool$PoolEntryCreator.call(HikariPool.java:752) ~[HikariCP-7.0.2.jar:na]
	at com.zaxxer.hikari.pool.HikariPool$PoolEntryCreator.call(HikariPool.java:731) ~[HikariCP-7.0.2.jar:na]
	at java.base/java.util.concurrent.FutureTask.run(FutureTask.java:317) ~[na:na]
	at java.base/java.util.concurrent.ThreadPoolExecutor.runWorker(ThreadPoolExecutor.java:1144) ~[na:na]
	at java.base/java.util.concurrent.ThreadPoolExecutor$Worker.run(ThreadPoolExecutor.java:642) ~[na:na]
	at java.base/java.lang.Thread.run(Thread.java:1583) ~[na:na]
Caused by: java.net.UnknownHostException: dpg-d4i2omjuibrs73du8tbg-a.oregon-postgres.render.com
	at java.base/sun.nio.ch.NioSocketImpl.connect(NioSocketImpl.java:567) ~[na:na]
	at java.base/java.net.SocksSocketImpl.connect(SocksSocketImpl.java:327) ~[na:na]
	at java.base/java.net.Socket.connect(Socket.java:751) ~[na:na]
	at org.postgresql.core.PGStream.createSocket(PGStream.java:261) ~[postgresql-42.7.8.jar:42.7.8]
	at org.postgresql.core.PGStream.<init>(PGStream.java:122) ~[postgresql-42.7.8.jar:42.7.8]
	at org.postgresql.core.v3.ConnectionFactoryImpl.tryConnect(ConnectionFactoryImpl.java:146) ~[postgresql-42.7.8.jar:42.7.8]
	at org.postgresql.core.v3.ConnectionFactoryImpl.openConnectionImpl(ConnectionFactoryImpl.java:289) ~[postgresql-42.7.8.jar:42.7.8]
	... 14 common frames omitted

2025-12-06T03:14:22.924+02:00  WARN 18296 --- [HikariPool-POSTGRE:connection-adder] com.zaxxer.hikari.pool.PoolBase          : HikariPool-POSTGRE - Pool is empty, failed to create/setup connection (48e3a363-cb9a-42b5-923e-e6c7ad94444a)

org.postgresql.util.PSQLException: The connection attempt failed.
	at org.postgresql.core.v3.ConnectionFactoryImpl.openConnectionImpl(ConnectionFactoryImpl.java:385) ~[postgresql-42.7.8.jar:42.7.8]
	at org.postgresql.core.ConnectionFactory.openConnection(ConnectionFactory.java:57) ~[postgresql-42.7.8.jar:42.7.8]
	at org.postgresql.jdbc.PgConnection.<init>(PgConnection.java:279) ~[postgresql-42.7.8.jar:42.7.8]
	at org.postgresql.Driver.makeConnection(Driver.java:448) ~[postgresql-42.7.8.jar:42.7.8]
	at org.postgresql.Driver.connect(Driver.java:298) ~[postgresql-42.7.8.jar:42.7.8]
	at com.zaxxer.hikari.util.DriverDataSource.getConnection(DriverDataSource.java:144) ~[HikariCP-7.0.2.jar:na]
	at com.zaxxer.hikari.pool.PoolBase.newConnection(PoolBase.java:373) ~[HikariCP-7.0.2.jar:na]
	at com.zaxxer.hikari.pool.PoolBase.newPoolEntry(PoolBase.java:210) ~[HikariCP-7.0.2.jar:na]
	at com.zaxxer.hikari.pool.HikariPool.createPoolEntry(HikariPool.java:488) ~[HikariCP-7.0.2.jar:na]
	at com.zaxxer.hikari.pool.HikariPool$PoolEntryCreator.call(HikariPool.java:752) ~[HikariCP-7.0.2.jar:na]
	at com.zaxxer.hikari.pool.HikariPool$PoolEntryCreator.call(HikariPool.java:731) ~[HikariCP-7.0.2.jar:na]
	at java.base/java.util.concurrent.FutureTask.run(FutureTask.java:317) ~[na:na]
	at java.base/java.util.concurrent.ThreadPoolExecutor.runWorker(ThreadPoolExecutor.java:1144) ~[na:na]
	at java.base/java.util.concurrent.ThreadPoolExecutor$Worker.run(ThreadPoolExecutor.java:642) ~[na:na]
	at java.base/java.lang.Thread.run(Thread.java:1583) ~[na:na]
Caused by: java.net.UnknownHostException: dpg-d4i2omjuibrs73du8tbg-a.oregon-postgres.render.com
	at java.base/sun.nio.ch.NioSocketImpl.connect(NioSocketImpl.java:567) ~[na:na]
	at java.base/java.net.SocksSocketImpl.connect(SocksSocketImpl.java:327) ~[na:na]
	at java.base/java.net.Socket.connect(Socket.java:751) ~[na:na]
	at org.postgresql.core.PGStream.createSocket(PGStream.java:261) ~[postgresql-42.7.8.jar:42.7.8]
	at org.postgresql.core.PGStream.<init>(PGStream.java:122) ~[postgresql-42.7.8.jar:42.7.8]
	at org.postgresql.core.v3.ConnectionFactoryImpl.tryConnect(ConnectionFactoryImpl.java:146) ~[postgresql-42.7.8.jar:42.7.8]
	at org.postgresql.core.v3.ConnectionFactoryImpl.openConnectionImpl(ConnectionFactoryImpl.java:289) ~[postgresql-42.7.8.jar:42.7.8]
	... 14 common frames omitted

2025-12-06T03:15:28.091+02:00  WARN 18296 --- [HikariPool-POSTGRE:connection-adder] com.zaxxer.hikari.pool.PoolBase          : HikariPool-POSTGRE - Pool is empty, failed to create/setup connection (1025b012-4180-4e84-aa3f-b04653ce9c14)

org.postgresql.util.PSQLException: The connection attempt failed.
	at org.postgresql.core.v3.ConnectionFactoryImpl.openConnectionImpl(ConnectionFactoryImpl.java:385) ~[postgresql-42.7.8.jar:42.7.8]
	at org.postgresql.core.ConnectionFactory.openConnection(ConnectionFactory.java:57) ~[postgresql-42.7.8.jar:42.7.8]
	at org.postgresql.jdbc.PgConnection.<init>(PgConnection.java:279) ~[postgresql-42.7.8.jar:42.7.8]
	at org.postgresql.Driver.makeConnection(Driver.java:448) ~[postgresql-42.7.8.jar:42.7.8]
	at org.postgresql.Driver.connect(Driver.java:298) ~[postgresql-42.7.8.jar:42.7.8]
	at com.zaxxer.hikari.util.DriverDataSource.getConnection(DriverDataSource.java:144) ~[HikariCP-7.0.2.jar:na]
	at com.zaxxer.hikari.pool.PoolBase.newConnection(PoolBase.java:373) ~[HikariCP-7.0.2.jar:na]
	at com.zaxxer.hikari.pool.PoolBase.newPoolEntry(PoolBase.java:210) ~[HikariCP-7.0.2.jar:na]
	at com.zaxxer.hikari.pool.HikariPool.createPoolEntry(HikariPool.java:488) ~[HikariCP-7.0.2.jar:na]
	at com.zaxxer.hikari.pool.HikariPool$PoolEntryCreator.call(HikariPool.java:752) ~[HikariCP-7.0.2.jar:na]
	at com.zaxxer.hikari.pool.HikariPool$PoolEntryCreator.call(HikariPool.java:731) ~[HikariCP-7.0.2.jar:na]
	at java.base/java.util.concurrent.FutureTask.run(FutureTask.java:317) ~[na:na]
	at java.base/java.util.concurrent.ThreadPoolExecutor.runWorker(ThreadPoolExecutor.java:1144) ~[na:na]
	at java.base/java.util.concurrent.ThreadPoolExecutor$Worker.run(ThreadPoolExecutor.java:642) ~[na:na]
	at java.base/java.lang.Thread.run(Thread.java:1583) ~[na:na]
Caused by: java.net.UnknownHostException: dpg-d4i2omjuibrs73du8tbg-a.oregon-postgres.render.com
	at java.base/sun.nio.ch.NioSocketImpl.connect(NioSocketImpl.java:567) ~[na:na]
	at java.base/java.net.SocksSocketImpl.connect(SocksSocketImpl.java:327) ~[na:na]
	at java.base/java.net.Socket.connect(Socket.java:751) ~[na:na]
	at org.postgresql.core.PGStream.createSocket(PGStream.java:261) ~[postgresql-42.7.8.jar:42.7.8]
	at org.postgresql.core.PGStream.<init>(PGStream.java:122) ~[postgresql-42.7.8.jar:42.7.8]
	at org.postgresql.core.v3.ConnectionFactoryImpl.tryConnect(ConnectionFactoryImpl.java:146) ~[postgresql-42.7.8.jar:42.7.8]
	at org.postgresql.core.v3.ConnectionFactoryImpl.openConnectionImpl(ConnectionFactoryImpl.java:289) ~[postgresql-42.7.8.jar:42.7.8]
	... 14 common frames omitted

2025-12-06T03:16:33.190+02:00  WARN 18296 --- [HikariPool-POSTGRE:connection-adder] com.zaxxer.hikari.pool.PoolBase          : HikariPool-POSTGRE - Pool is empty, failed to create/setup connection (cd244a9b-348e-43ae-8eff-b219ed39275f)

org.postgresql.util.PSQLException: The connection attempt failed.
	at org.postgresql.core.v3.ConnectionFactoryImpl.openConnectionImpl(ConnectionFactoryImpl.java:385) ~[postgresql-42.7.8.jar:42.7.8]
	at org.postgresql.core.ConnectionFactory.openConnection(ConnectionFactory.java:57) ~[postgresql-42.7.8.jar:42.7.8]
	at org.postgresql.jdbc.PgConnection.<init>(PgConnection.java:279) ~[postgresql-42.7.8.jar:42.7.8]
	at org.postgresql.Driver.makeConnection(Driver.java:448) ~[postgresql-42.7.8.jar:42.7.8]
	at org.postgresql.Driver.connect(Driver.java:298) ~[postgresql-42.7.8.jar:42.7.8]
	at com.zaxxer.hikari.util.DriverDataSource.getConnection(DriverDataSource.java:144) ~[HikariCP-7.0.2.jar:na]
	at com.zaxxer.hikari.pool.PoolBase.newConnection(PoolBase.java:373) ~[HikariCP-7.0.2.jar:na]
	at com.zaxxer.hikari.pool.PoolBase.newPoolEntry(PoolBase.java:210) ~[HikariCP-7.0.2.jar:na]
	at com.zaxxer.hikari.pool.HikariPool.createPoolEntry(HikariPool.java:488) ~[HikariCP-7.0.2.jar:na]
	at com.zaxxer.hikari.pool.HikariPool$PoolEntryCreator.call(HikariPool.java:752) ~[HikariCP-7.0.2.jar:na]
	at com.zaxxer.hikari.pool.HikariPool$PoolEntryCreator.call(HikariPool.java:731) ~[HikariCP-7.0.2.jar:na]
	at java.base/java.util.concurrent.FutureTask.run(FutureTask.java:317) ~[na:na]
	at java.base/java.util.concurrent.ThreadPoolExecutor.runWorker(ThreadPoolExecutor.java:1144) ~[na:na]
	at java.base/java.util.concurrent.ThreadPoolExecutor$Worker.run(ThreadPoolExecutor.java:642) ~[na:na]
	at java.base/java.lang.Thread.run(Thread.java:1583) ~[na:na]
Caused by: java.net.UnknownHostException: dpg-d4i2omjuibrs73du8tbg-a.oregon-postgres.render.com
	at java.base/sun.nio.ch.NioSocketImpl.connect(NioSocketImpl.java:567) ~[na:na]
	at java.base/java.net.SocksSocketImpl.connect(SocksSocketImpl.java:327) ~[na:na]
	at java.base/java.net.Socket.connect(Socket.java:751) ~[na:na]
	at org.postgresql.core.PGStream.createSocket(PGStream.java:261) ~[postgresql-42.7.8.jar:42.7.8]
	at org.postgresql.core.PGStream.<init>(PGStream.java:122) ~[postgresql-42.7.8.jar:42.7.8]
	at org.postgresql.core.v3.ConnectionFactoryImpl.tryConnect(ConnectionFactoryImpl.java:146) ~[postgresql-42.7.8.jar:42.7.8]
	at org.postgresql.core.v3.ConnectionFactoryImpl.openConnectionImpl(ConnectionFactoryImpl.java:289) ~[postgresql-42.7.8.jar:42.7.8]
	... 14 common frames omitted

2025-12-06T03:17:38.315+02:00  WARN 18296 --- [HikariPool-POSTGRE:connection-adder] com.zaxxer.hikari.pool.PoolBase          : HikariPool-POSTGRE - Pool is empty, failed to create/setup connection (43b608eb-3d21-439d-8fb9-4d83720eb131)

org.postgresql.util.PSQLException: The connection attempt failed.
	at org.postgresql.core.v3.ConnectionFactoryImpl.openConnectionImpl(ConnectionFactoryImpl.java:385) ~[postgresql-42.7.8.jar:42.7.8]
	at org.postgresql.core.ConnectionFactory.openConnection(ConnectionFactory.java:57) ~[postgresql-42.7.8.jar:42.7.8]
	at org.postgresql.jdbc.PgConnection.<init>(PgConnection.java:279) ~[postgresql-42.7.8.jar:42.7.8]
	at org.postgresql.Driver.makeConnection(Driver.java:448) ~[postgresql-42.7.8.jar:42.7.8]
	at org.postgresql.Driver.connect(Driver.java:298) ~[postgresql-42.7.8.jar:42.7.8]
	at com.zaxxer.hikari.util.DriverDataSource.getConnection(DriverDataSource.java:144) ~[HikariCP-7.0.2.jar:na]
	at com.zaxxer.hikari.pool.PoolBase.newConnection(PoolBase.java:373) ~[HikariCP-7.0.2.jar:na]
	at com.zaxxer.hikari.pool.PoolBase.newPoolEntry(PoolBase.java:210) ~[HikariCP-7.0.2.jar:na]
	at com.zaxxer.hikari.pool.HikariPool.createPoolEntry(HikariPool.java:488) ~[HikariCP-7.0.2.jar:na]
	at com.zaxxer.hikari.pool.HikariPool$PoolEntryCreator.call(HikariPool.java:752) ~[HikariCP-7.0.2.jar:na]
	at com.zaxxer.hikari.pool.HikariPool$PoolEntryCreator.call(HikariPool.java:731) ~[HikariCP-7.0.2.jar:na]
	at java.base/java.util.concurrent.FutureTask.run(FutureTask.java:317) ~[na:na]
	at java.base/java.util.concurrent.ThreadPoolExecutor.runWorker(ThreadPoolExecutor.java:1144) ~[na:na]
	at java.base/java.util.concurrent.ThreadPoolExecutor$Worker.run(ThreadPoolExecutor.java:642) ~[na:na]
	at java.base/java.lang.Thread.run(Thread.java:1583) ~[na:na]
Caused by: java.net.UnknownHostException: dpg-d4i2omjuibrs73du8tbg-a.oregon-postgres.render.com
	at java.base/sun.nio.ch.NioSocketImpl.connect(NioSocketImpl.java:567) ~[na:na]
	at java.base/java.net.SocksSocketImpl.connect(SocksSocketImpl.java:327) ~[na:na]
	at java.base/java.net.Socket.connect(Socket.java:751) ~[na:na]
	at org.postgresql.core.PGStream.createSocket(PGStream.java:261) ~[postgresql-42.7.8.jar:42.7.8]
	at org.postgresql.core.PGStream.<init>(PGStream.java:122) ~[postgresql-42.7.8.jar:42.7.8]
	at org.postgresql.core.v3.ConnectionFactoryImpl.tryConnect(ConnectionFactoryImpl.java:146) ~[postgresql-42.7.8.jar:42.7.8]
	at org.postgresql.core.v3.ConnectionFactoryImpl.openConnectionImpl(ConnectionFactoryImpl.java:289) ~[postgresql-42.7.8.jar:42.7.8]
	... 14 common frames omitted

2025-12-06T03:18:43.493+02:00  WARN 18296 --- [HikariPool-POSTGRE:connection-adder] com.zaxxer.hikari.pool.PoolBase          : HikariPool-POSTGRE - Pool is empty, failed to create/setup connection (2eba9cea-86b2-4583-89fd-6d5401bc9fc4)

org.postgresql.util.PSQLException: The connection attempt failed.
	at org.postgresql.core.v3.ConnectionFactoryImpl.openConnectionImpl(ConnectionFactoryImpl.java:385) ~[postgresql-42.7.8.jar:42.7.8]
	at org.postgresql.core.ConnectionFactory.openConnection(ConnectionFactory.java:57) ~[postgresql-42.7.8.jar:42.7.8]
	at org.postgresql.jdbc.PgConnection.<init>(PgConnection.java:279) ~[postgresql-42.7.8.jar:42.7.8]
	at org.postgresql.Driver.makeConnection(Driver.java:448) ~[postgresql-42.7.8.jar:42.7.8]
	at org.postgresql.Driver.connect(Driver.java:298) ~[postgresql-42.7.8.jar:42.7.8]
	at com.zaxxer.hikari.util.DriverDataSource.getConnection(DriverDataSource.java:144) ~[HikariCP-7.0.2.jar:na]
	at com.zaxxer.hikari.pool.PoolBase.newConnection(PoolBase.java:373) ~[HikariCP-7.0.2.jar:na]
	at com.zaxxer.hikari.pool.PoolBase.newPoolEntry(PoolBase.java:210) ~[HikariCP-7.0.2.jar:na]
	at com.zaxxer.hikari.pool.HikariPool.createPoolEntry(HikariPool.java:488) ~[HikariCP-7.0.2.jar:na]
	at com.zaxxer.hikari.pool.HikariPool$PoolEntryCreator.call(HikariPool.java:752) ~[HikariCP-7.0.2.jar:na]
	at com.zaxxer.hikari.pool.HikariPool$PoolEntryCreator.call(HikariPool.java:731) ~[HikariCP-7.0.2.jar:na]
	at java.base/java.util.concurrent.FutureTask.run(FutureTask.java:317) ~[na:na]
	at java.base/java.util.concurrent.ThreadPoolExecutor.runWorker(ThreadPoolExecutor.java:1144) ~[na:na]
	at java.base/java.util.concurrent.ThreadPoolExecutor$Worker.run(ThreadPoolExecutor.java:642) ~[na:na]
	at java.base/java.lang.Thread.run(Thread.java:1583) ~[na:na]
Caused by: java.net.UnknownHostException: dpg-d4i2omjuibrs73du8tbg-a.oregon-postgres.render.com
	at java.base/sun.nio.ch.NioSocketImpl.connect(NioSocketImpl.java:567) ~[na:na]
	at java.base/java.net.SocksSocketImpl.connect(SocksSocketImpl.java:327) ~[na:na]
	at java.base/java.net.Socket.connect(Socket.java:751) ~[na:na]
	at org.postgresql.core.PGStream.createSocket(PGStream.java:261) ~[postgresql-42.7.8.jar:42.7.8]
	at org.postgresql.core.PGStream.<init>(PGStream.java:122) ~[postgresql-42.7.8.jar:42.7.8]
	at org.postgresql.core.v3.ConnectionFactoryImpl.tryConnect(ConnectionFactoryImpl.java:146) ~[postgresql-42.7.8.jar:42.7.8]
	at org.postgresql.core.v3.ConnectionFactoryImpl.openConnectionImpl(ConnectionFactoryImpl.java:289) ~[postgresql-42.7.8.jar:42.7.8]
	... 14 common frames omitted

2025-12-06T03:19:48.647+02:00  WARN 18296 --- [HikariPool-POSTGRE:connection-adder] com.zaxxer.hikari.pool.PoolBase          : HikariPool-POSTGRE - Pool is empty, failed to create/setup connection (67c8b4cb-1355-4a04-84cb-7b8b472f8cea)

org.postgresql.util.PSQLException: The connection attempt failed.
	at org.postgresql.core.v3.ConnectionFactoryImpl.openConnectionImpl(ConnectionFactoryImpl.java:385) ~[postgresql-42.7.8.jar:42.7.8]
	at org.postgresql.core.ConnectionFactory.openConnection(ConnectionFactory.java:57) ~[postgresql-42.7.8.jar:42.7.8]
	at org.postgresql.jdbc.PgConnection.<init>(PgConnection.java:279) ~[postgresql-42.7.8.jar:42.7.8]
	at org.postgresql.Driver.makeConnection(Driver.java:448) ~[postgresql-42.7.8.jar:42.7.8]
	at org.postgresql.Driver.connect(Driver.java:298) ~[postgresql-42.7.8.jar:42.7.8]
	at com.zaxxer.hikari.util.DriverDataSource.getConnection(DriverDataSource.java:144) ~[HikariCP-7.0.2.jar:na]
	at com.zaxxer.hikari.pool.PoolBase.newConnection(PoolBase.java:373) ~[HikariCP-7.0.2.jar:na]
	at com.zaxxer.hikari.pool.PoolBase.newPoolEntry(PoolBase.java:210) ~[HikariCP-7.0.2.jar:na]
	at com.zaxxer.hikari.pool.HikariPool.createPoolEntry(HikariPool.java:488) ~[HikariCP-7.0.2.jar:na]
	at com.zaxxer.hikari.pool.HikariPool$PoolEntryCreator.call(HikariPool.java:752) ~[HikariCP-7.0.2.jar:na]
	at com.zaxxer.hikari.pool.HikariPool$PoolEntryCreator.call(HikariPool.java:731) ~[HikariCP-7.0.2.jar:na]
	at java.base/java.util.concurrent.FutureTask.run(FutureTask.java:317) ~[na:na]
	at java.base/java.util.concurrent.ThreadPoolExecutor.runWorker(ThreadPoolExecutor.java:1144) ~[na:na]
	at java.base/java.util.concurrent.ThreadPoolExecutor$Worker.run(ThreadPoolExecutor.java:642) ~[na:na]
	at java.base/java.lang.Thread.run(Thread.java:1583) ~[na:na]
Caused by: java.net.UnknownHostException: dpg-d4i2omjuibrs73du8tbg-a.oregon-postgres.render.com
	at java.base/sun.nio.ch.NioSocketImpl.connect(NioSocketImpl.java:567) ~[na:na]
	at java.base/java.net.SocksSocketImpl.connect(SocksSocketImpl.java:327) ~[na:na]
	at java.base/java.net.Socket.connect(Socket.java:751) ~[na:na]
	at org.postgresql.core.PGStream.createSocket(PGStream.java:261) ~[postgresql-42.7.8.jar:42.7.8]
	at org.postgresql.core.PGStream.<init>(PGStream.java:122) ~[postgresql-42.7.8.jar:42.7.8]
	at org.postgresql.core.v3.ConnectionFactoryImpl.tryConnect(ConnectionFactoryImpl.java:146) ~[postgresql-42.7.8.jar:42.7.8]
	at org.postgresql.core.v3.ConnectionFactoryImpl.openConnectionImpl(ConnectionFactoryImpl.java:289) ~[postgresql-42.7.8.jar:42.7.8]
	... 14 common frames omitted

2025-12-06T03:20:53.792+02:00  WARN 18296 --- [HikariPool-POSTGRE:connection-adder] com.zaxxer.hikari.pool.PoolBase          : HikariPool-POSTGRE - Pool is empty, failed to create/setup connection (46740e21-7b57-4094-b4f4-9963e7e57ca4)

org.postgresql.util.PSQLException: The connection attempt failed.
	at org.postgresql.core.v3.ConnectionFactoryImpl.openConnectionImpl(ConnectionFactoryImpl.java:385) ~[postgresql-42.7.8.jar:42.7.8]
	at org.postgresql.core.ConnectionFactory.openConnection(ConnectionFactory.java:57) ~[postgresql-42.7.8.jar:42.7.8]
	at org.postgresql.jdbc.PgConnection.<init>(PgConnection.java:279) ~[postgresql-42.7.8.jar:42.7.8]
	at org.postgresql.Driver.makeConnection(Driver.java:448) ~[postgresql-42.7.8.jar:42.7.8]
	at org.postgresql.Driver.connect(Driver.java:298) ~[postgresql-42.7.8.jar:42.7.8]
	at com.zaxxer.hikari.util.DriverDataSource.getConnection(DriverDataSource.java:144) ~[HikariCP-7.0.2.jar:na]
	at com.zaxxer.hikari.pool.PoolBase.newConnection(PoolBase.java:373) ~[HikariCP-7.0.2.jar:na]
	at com.zaxxer.hikari.pool.PoolBase.newPoolEntry(PoolBase.java:210) ~[HikariCP-7.0.2.jar:na]
	at com.zaxxer.hikari.pool.HikariPool.createPoolEntry(HikariPool.java:488) ~[HikariCP-7.0.2.jar:na]
	at com.zaxxer.hikari.pool.HikariPool$PoolEntryCreator.call(HikariPool.java:752) ~[HikariCP-7.0.2.jar:na]
	at com.zaxxer.hikari.pool.HikariPool$PoolEntryCreator.call(HikariPool.java:731) ~[HikariCP-7.0.2.jar:na]
	at java.base/java.util.concurrent.FutureTask.run(FutureTask.java:317) ~[na:na]
	at java.base/java.util.concurrent.ThreadPoolExecutor.runWorker(ThreadPoolExecutor.java:1144) ~[na:na]
	at java.base/java.util.concurrent.ThreadPoolExecutor$Worker.run(ThreadPoolExecutor.java:642) ~[na:na]
	at java.base/java.lang.Thread.run(Thread.java:1583) ~[na:na]
Caused by: java.net.UnknownHostException: dpg-d4i2omjuibrs73du8tbg-a.oregon-postgres.render.com
	at java.base/sun.nio.ch.NioSocketImpl.connect(NioSocketImpl.java:567) ~[na:na]
	at java.base/java.net.SocksSocketImpl.connect(SocksSocketImpl.java:327) ~[na:na]
	at java.base/java.net.Socket.connect(Socket.java:751) ~[na:na]
	at org.postgresql.core.PGStream.createSocket(PGStream.java:261) ~[postgresql-42.7.8.jar:42.7.8]
	at org.postgresql.core.PGStream.<init>(PGStream.java:122) ~[postgresql-42.7.8.jar:42.7.8]
	at org.postgresql.core.v3.ConnectionFactoryImpl.tryConnect(ConnectionFactoryImpl.java:146) ~[postgresql-42.7.8.jar:42.7.8]
	at org.postgresql.core.v3.ConnectionFactoryImpl.openConnectionImpl(ConnectionFactoryImpl.java:289) ~[postgresql-42.7.8.jar:42.7.8]
	... 14 common frames omitted

2025-12-06T03:21:58.960+02:00  WARN 18296 --- [HikariPool-POSTGRE:connection-adder] com.zaxxer.hikari.pool.PoolBase          : HikariPool-POSTGRE - Pool is empty, failed to create/setup connection (90891927-1d94-4edb-8945-3ed7d3d0cc66)

org.postgresql.util.PSQLException: The connection attempt failed.
	at org.postgresql.core.v3.ConnectionFactoryImpl.openConnectionImpl(ConnectionFactoryImpl.java:385) ~[postgresql-42.7.8.jar:42.7.8]
	at org.postgresql.core.ConnectionFactory.openConnection(ConnectionFactory.java:57) ~[postgresql-42.7.8.jar:42.7.8]
	at org.postgresql.jdbc.PgConnection.<init>(PgConnection.java:279) ~[postgresql-42.7.8.jar:42.7.8]
	at org.postgresql.Driver.makeConnection(Driver.java:448) ~[postgresql-42.7.8.jar:42.7.8]
	at org.postgresql.Driver.connect(Driver.java:298) ~[postgresql-42.7.8.jar:42.7.8]
	at com.zaxxer.hikari.util.DriverDataSource.getConnection(DriverDataSource.java:144) ~[HikariCP-7.0.2.jar:na]
	at com.zaxxer.hikari.pool.PoolBase.newConnection(PoolBase.java:373) ~[HikariCP-7.0.2.jar:na]
	at com.zaxxer.hikari.pool.PoolBase.newPoolEntry(PoolBase.java:210) ~[HikariCP-7.0.2.jar:na]
	at com.zaxxer.hikari.pool.HikariPool.createPoolEntry(HikariPool.java:488) ~[HikariCP-7.0.2.jar:na]
	at com.zaxxer.hikari.pool.HikariPool$PoolEntryCreator.call(HikariPool.java:752) ~[HikariCP-7.0.2.jar:na]
	at com.zaxxer.hikari.pool.HikariPool$PoolEntryCreator.call(HikariPool.java:731) ~[HikariCP-7.0.2.jar:na]
	at java.base/java.util.concurrent.FutureTask.run(FutureTask.java:317) ~[na:na]
	at java.base/java.util.concurrent.ThreadPoolExecutor.runWorker(ThreadPoolExecutor.java:1144) ~[na:na]
	at java.base/java.util.concurrent.ThreadPoolExecutor$Worker.run(ThreadPoolExecutor.java:642) ~[na:na]
	at java.base/java.lang.Thread.run(Thread.java:1583) ~[na:na]
Caused by: java.net.UnknownHostException: dpg-d4i2omjuibrs73du8tbg-a.oregon-postgres.render.com
	at java.base/sun.nio.ch.NioSocketImpl.connect(NioSocketImpl.java:567) ~[na:na]
	at java.base/java.net.SocksSocketImpl.connect(SocksSocketImpl.java:327) ~[na:na]
	at java.base/java.net.Socket.connect(Socket.java:751) ~[na:na]
	at org.postgresql.core.PGStream.createSocket(PGStream.java:261) ~[postgresql-42.7.8.jar:42.7.8]
	at org.postgresql.core.PGStream.<init>(PGStream.java:122) ~[postgresql-42.7.8.jar:42.7.8]
	at org.postgresql.core.v3.ConnectionFactoryImpl.tryConnect(ConnectionFactoryImpl.java:146) ~[postgresql-42.7.8.jar:42.7.8]
	at org.postgresql.core.v3.ConnectionFactoryImpl.openConnectionImpl(ConnectionFactoryImpl.java:289) ~[postgresql-42.7.8.jar:42.7.8]
	... 14 common frames omitted

2025-12-06T03:23:04.087+02:00  WARN 18296 --- [HikariPool-POSTGRE:connection-adder] com.zaxxer.hikari.pool.PoolBase          : HikariPool-POSTGRE - Pool is empty, failed to create/setup connection (7facc62c-4f76-43a2-8ae9-2218392ca7c1)

org.postgresql.util.PSQLException: The connection attempt failed.
	at org.postgresql.core.v3.ConnectionFactoryImpl.openConnectionImpl(ConnectionFactoryImpl.java:385) ~[postgresql-42.7.8.jar:42.7.8]
	at org.postgresql.core.ConnectionFactory.openConnection(ConnectionFactory.java:57) ~[postgresql-42.7.8.jar:42.7.8]
	at org.postgresql.jdbc.PgConnection.<init>(PgConnection.java:279) ~[postgresql-42.7.8.jar:42.7.8]
	at org.postgresql.Driver.makeConnection(Driver.java:448) ~[postgresql-42.7.8.jar:42.7.8]
	at org.postgresql.Driver.connect(Driver.java:298) ~[postgresql-42.7.8.jar:42.7.8]
	at com.zaxxer.hikari.util.DriverDataSource.getConnection(DriverDataSource.java:144) ~[HikariCP-7.0.2.jar:na]
	at com.zaxxer.hikari.pool.PoolBase.newConnection(PoolBase.java:373) ~[HikariCP-7.0.2.jar:na]
	at com.zaxxer.hikari.pool.PoolBase.newPoolEntry(PoolBase.java:210) ~[HikariCP-7.0.2.jar:na]
	at com.zaxxer.hikari.pool.HikariPool.createPoolEntry(HikariPool.java:488) ~[HikariCP-7.0.2.jar:na]
	at com.zaxxer.hikari.pool.HikariPool$PoolEntryCreator.call(HikariPool.java:752) ~[HikariCP-7.0.2.jar:na]
	at com.zaxxer.hikari.pool.HikariPool$PoolEntryCreator.call(HikariPool.java:731) ~[HikariCP-7.0.2.jar:na]
	at java.base/java.util.concurrent.FutureTask.run(FutureTask.java:317) ~[na:na]
	at java.base/java.util.concurrent.ThreadPoolExecutor.runWorker(ThreadPoolExecutor.java:1144) ~[na:na]
	at java.base/java.util.concurrent.ThreadPoolExecutor$Worker.run(ThreadPoolExecutor.java:642) ~[na:na]
	at java.base/java.lang.Thread.run(Thread.java:1583) ~[na:na]
Caused by: java.net.UnknownHostException: dpg-d4i2omjuibrs73du8tbg-a.oregon-postgres.render.com
	at java.base/sun.nio.ch.NioSocketImpl.connect(NioSocketImpl.java:567) ~[na:na]
	at java.base/java.net.SocksSocketImpl.connect(SocksSocketImpl.java:327) ~[na:na]
	at java.base/java.net.Socket.connect(Socket.java:751) ~[na:na]
	at org.postgresql.core.PGStream.createSocket(PGStream.java:261) ~[postgresql-42.7.8.jar:42.7.8]
	at org.postgresql.core.PGStream.<init>(PGStream.java:122) ~[postgresql-42.7.8.jar:42.7.8]
	at org.postgresql.core.v3.ConnectionFactoryImpl.tryConnect(ConnectionFactoryImpl.java:146) ~[postgresql-42.7.8.jar:42.7.8]
	at org.postgresql.core.v3.ConnectionFactoryImpl.openConnectionImpl(ConnectionFactoryImpl.java:289) ~[postgresql-42.7.8.jar:42.7.8]
	... 14 common frames omitted

2025-12-06T03:24:09.243+02:00  WARN 18296 --- [HikariPool-POSTGRE:connection-adder] com.zaxxer.hikari.pool.PoolBase          : HikariPool-POSTGRE - Pool is empty, failed to create/setup connection (be6e35b5-c35d-4c19-b988-376441196731)

org.postgresql.util.PSQLException: The connection attempt failed.
	at org.postgresql.core.v3.ConnectionFactoryImpl.openConnectionImpl(ConnectionFactoryImpl.java:385) ~[postgresql-42.7.8.jar:42.7.8]
	at org.postgresql.core.ConnectionFactory.openConnection(ConnectionFactory.java:57) ~[postgresql-42.7.8.jar:42.7.8]
	at org.postgresql.jdbc.PgConnection.<init>(PgConnection.java:279) ~[postgresql-42.7.8.jar:42.7.8]
	at org.postgresql.Driver.makeConnection(Driver.java:448) ~[postgresql-42.7.8.jar:42.7.8]
	at org.postgresql.Driver.connect(Driver.java:298) ~[postgresql-42.7.8.jar:42.7.8]
	at com.zaxxer.hikari.util.DriverDataSource.getConnection(DriverDataSource.java:144) ~[HikariCP-7.0.2.jar:na]
	at com.zaxxer.hikari.pool.PoolBase.newConnection(PoolBase.java:373) ~[HikariCP-7.0.2.jar:na]
	at com.zaxxer.hikari.pool.PoolBase.newPoolEntry(PoolBase.java:210) ~[HikariCP-7.0.2.jar:na]
	at com.zaxxer.hikari.pool.HikariPool.createPoolEntry(HikariPool.java:488) ~[HikariCP-7.0.2.jar:na]
	at com.zaxxer.hikari.pool.HikariPool$PoolEntryCreator.call(HikariPool.java:752) ~[HikariCP-7.0.2.jar:na]
	at com.zaxxer.hikari.pool.HikariPool$PoolEntryCreator.call(HikariPool.java:731) ~[HikariCP-7.0.2.jar:na]
	at java.base/java.util.concurrent.FutureTask.run(FutureTask.java:317) ~[na:na]
	at java.base/java.util.concurrent.ThreadPoolExecutor.runWorker(ThreadPoolExecutor.java:1144) ~[na:na]
	at java.base/java.util.concurrent.ThreadPoolExecutor$Worker.run(ThreadPoolExecutor.java:642) ~[na:na]
	at java.base/java.lang.Thread.run(Thread.java:1583) ~[na:na]
Caused by: java.net.UnknownHostException: dpg-d4i2omjuibrs73du8tbg-a.oregon-postgres.render.com
	at java.base/sun.nio.ch.NioSocketImpl.connect(NioSocketImpl.java:567) ~[na:na]
	at java.base/java.net.SocksSocketImpl.connect(SocksSocketImpl.java:327) ~[na:na]
	at java.base/java.net.Socket.connect(Socket.java:751) ~[na:na]
	at org.postgresql.core.PGStream.createSocket(PGStream.java:261) ~[postgresql-42.7.8.jar:42.7.8]
	at org.postgresql.core.PGStream.<init>(PGStream.java:122) ~[postgresql-42.7.8.jar:42.7.8]
	at org.postgresql.core.v3.ConnectionFactoryImpl.tryConnect(ConnectionFactoryImpl.java:146) ~[postgresql-42.7.8.jar:42.7.8]
	at org.postgresql.core.v3.ConnectionFactoryImpl.openConnectionImpl(ConnectionFactoryImpl.java:289) ~[postgresql-42.7.8.jar:42.7.8]
	... 14 common frames omitted

2025-12-06T03:25:14.380+02:00  WARN 18296 --- [HikariPool-POSTGRE:connection-adder] com.zaxxer.hikari.pool.PoolBase          : HikariPool-POSTGRE - Pool is empty, failed to create/setup connection (f9fb1507-6d1f-4635-ac46-31ae24b6e3f1)

org.postgresql.util.PSQLException: The connection attempt failed.
	at org.postgresql.core.v3.ConnectionFactoryImpl.openConnectionImpl(ConnectionFactoryImpl.java:385) ~[postgresql-42.7.8.jar:42.7.8]
	at org.postgresql.core.ConnectionFactory.openConnection(ConnectionFactory.java:57) ~[postgresql-42.7.8.jar:42.7.8]
	at org.postgresql.jdbc.PgConnection.<init>(PgConnection.java:279) ~[postgresql-42.7.8.jar:42.7.8]
	at org.postgresql.Driver.makeConnection(Driver.java:448) ~[postgresql-42.7.8.jar:42.7.8]
	at org.postgresql.Driver.connect(Driver.java:298) ~[postgresql-42.7.8.jar:42.7.8]
	at com.zaxxer.hikari.util.DriverDataSource.getConnection(DriverDataSource.java:144) ~[HikariCP-7.0.2.jar:na]
	at com.zaxxer.hikari.pool.PoolBase.newConnection(PoolBase.java:373) ~[HikariCP-7.0.2.jar:na]
	at com.zaxxer.hikari.pool.PoolBase.newPoolEntry(PoolBase.java:210) ~[HikariCP-7.0.2.jar:na]
	at com.zaxxer.hikari.pool.HikariPool.createPoolEntry(HikariPool.java:488) ~[HikariCP-7.0.2.jar:na]
	at com.zaxxer.hikari.pool.HikariPool$PoolEntryCreator.call(HikariPool.java:752) ~[HikariCP-7.0.2.jar:na]
	at com.zaxxer.hikari.pool.HikariPool$PoolEntryCreator.call(HikariPool.java:731) ~[HikariCP-7.0.2.jar:na]
	at java.base/java.util.concurrent.FutureTask.run(FutureTask.java:317) ~[na:na]
	at java.base/java.util.concurrent.ThreadPoolExecutor.runWorker(ThreadPoolExecutor.java:1144) ~[na:na]
	at java.base/java.util.concurrent.ThreadPoolExecutor$Worker.run(ThreadPoolExecutor.java:642) ~[na:na]
	at java.base/java.lang.Thread.run(Thread.java:1583) ~[na:na]
Caused by: java.net.UnknownHostException: dpg-d4i2omjuibrs73du8tbg-a.oregon-postgres.render.com
	at java.base/sun.nio.ch.NioSocketImpl.connect(NioSocketImpl.java:567) ~[na:na]
	at java.base/java.net.SocksSocketImpl.connect(SocksSocketImpl.java:327) ~[na:na]
	at java.base/java.net.Socket.connect(Socket.java:751) ~[na:na]
	at org.postgresql.core.PGStream.createSocket(PGStream.java:261) ~[postgresql-42.7.8.jar:42.7.8]
	at org.postgresql.core.PGStream.<init>(PGStream.java:122) ~[postgresql-42.7.8.jar:42.7.8]
	at org.postgresql.core.v3.ConnectionFactoryImpl.tryConnect(ConnectionFactoryImpl.java:146) ~[postgresql-42.7.8.jar:42.7.8]
	at org.postgresql.core.v3.ConnectionFactoryImpl.openConnectionImpl(ConnectionFactoryImpl.java:289) ~[postgresql-42.7.8.jar:42.7.8]
	... 14 common frames omitted

2025-12-06T03:26:19.552+02:00  WARN 18296 --- [HikariPool-POSTGRE:connection-adder] com.zaxxer.hikari.pool.PoolBase          : HikariPool-POSTGRE - Pool is empty, failed to create/setup connection (f5930775-2a9e-47be-80fc-0b80cb238aa9)

org.postgresql.util.PSQLException: The connection attempt failed.
	at org.postgresql.core.v3.ConnectionFactoryImpl.openConnectionImpl(ConnectionFactoryImpl.java:385) ~[postgresql-42.7.8.jar:42.7.8]
	at org.postgresql.core.ConnectionFactory.openConnection(ConnectionFactory.java:57) ~[postgresql-42.7.8.jar:42.7.8]
	at org.postgresql.jdbc.PgConnection.<init>(PgConnection.java:279) ~[postgresql-42.7.8.jar:42.7.8]
	at org.postgresql.Driver.makeConnection(Driver.java:448) ~[postgresql-42.7.8.jar:42.7.8]
	at org.postgresql.Driver.connect(Driver.java:298) ~[postgresql-42.7.8.jar:42.7.8]
	at com.zaxxer.hikari.util.DriverDataSource.getConnection(DriverDataSource.java:144) ~[HikariCP-7.0.2.jar:na]
	at com.zaxxer.hikari.pool.PoolBase.newConnection(PoolBase.java:373) ~[HikariCP-7.0.2.jar:na]
	at com.zaxxer.hikari.pool.PoolBase.newPoolEntry(PoolBase.java:210) ~[HikariCP-7.0.2.jar:na]
	at com.zaxxer.hikari.pool.HikariPool.createPoolEntry(HikariPool.java:488) ~[HikariCP-7.0.2.jar:na]
	at com.zaxxer.hikari.pool.HikariPool$PoolEntryCreator.call(HikariPool.java:752) ~[HikariCP-7.0.2.jar:na]
	at com.zaxxer.hikari.pool.HikariPool$PoolEntryCreator.call(HikariPool.java:731) ~[HikariCP-7.0.2.jar:na]
	at java.base/java.util.concurrent.FutureTask.run(FutureTask.java:317) ~[na:na]
	at java.base/java.util.concurrent.ThreadPoolExecutor.runWorker(ThreadPoolExecutor.java:1144) ~[na:na]
	at java.base/java.util.concurrent.ThreadPoolExecutor$Worker.run(ThreadPoolExecutor.java:642) ~[na:na]
	at java.base/java.lang.Thread.run(Thread.java:1583) ~[na:na]
Caused by: java.net.UnknownHostException: dpg-d4i2omjuibrs73du8tbg-a.oregon-postgres.render.com
	at java.base/sun.nio.ch.NioSocketImpl.connect(NioSocketImpl.java:567) ~[na:na]
	at java.base/java.net.SocksSocketImpl.connect(SocksSocketImpl.java:327) ~[na:na]
	at java.base/java.net.Socket.connect(Socket.java:751) ~[na:na]
	at org.postgresql.core.PGStream.createSocket(PGStream.java:261) ~[postgresql-42.7.8.jar:42.7.8]
	at org.postgresql.core.PGStream.<init>(PGStream.java:122) ~[postgresql-42.7.8.jar:42.7.8]
	at org.postgresql.core.v3.ConnectionFactoryImpl.tryConnect(ConnectionFactoryImpl.java:146) ~[postgresql-42.7.8.jar:42.7.8]
	at org.postgresql.core.v3.ConnectionFactoryImpl.openConnectionImpl(ConnectionFactoryImpl.java:289) ~[postgresql-42.7.8.jar:42.7.8]
	... 14 common frames omitted

2025-12-06T03:27:24.723+02:00  WARN 18296 --- [HikariPool-POSTGRE:connection-adder] com.zaxxer.hikari.pool.PoolBase          : HikariPool-POSTGRE - Pool is empty, failed to create/setup connection (042b7751-9fb8-45e0-9ba6-595ce5e28f39)

org.postgresql.util.PSQLException: The connection attempt failed.
	at org.postgresql.core.v3.ConnectionFactoryImpl.openConnectionImpl(ConnectionFactoryImpl.java:385) ~[postgresql-42.7.8.jar:42.7.8]
	at org.postgresql.core.ConnectionFactory.openConnection(ConnectionFactory.java:57) ~[postgresql-42.7.8.jar:42.7.8]
	at org.postgresql.jdbc.PgConnection.<init>(PgConnection.java:279) ~[postgresql-42.7.8.jar:42.7.8]
	at org.postgresql.Driver.makeConnection(Driver.java:448) ~[postgresql-42.7.8.jar:42.7.8]
	at org.postgresql.Driver.connect(Driver.java:298) ~[postgresql-42.7.8.jar:42.7.8]
	at com.zaxxer.hikari.util.DriverDataSource.getConnection(DriverDataSource.java:144) ~[HikariCP-7.0.2.jar:na]
	at com.zaxxer.hikari.pool.PoolBase.newConnection(PoolBase.java:373) ~[HikariCP-7.0.2.jar:na]
	at com.zaxxer.hikari.pool.PoolBase.newPoolEntry(PoolBase.java:210) ~[HikariCP-7.0.2.jar:na]
	at com.zaxxer.hikari.pool.HikariPool.createPoolEntry(HikariPool.java:488) ~[HikariCP-7.0.2.jar:na]
	at com.zaxxer.hikari.pool.HikariPool$PoolEntryCreator.call(HikariPool.java:752) ~[HikariCP-7.0.2.jar:na]
	at com.zaxxer.hikari.pool.HikariPool$PoolEntryCreator.call(HikariPool.java:731) ~[HikariCP-7.0.2.jar:na]
	at java.base/java.util.concurrent.FutureTask.run(FutureTask.java:317) ~[na:na]
	at java.base/java.util.concurrent.ThreadPoolExecutor.runWorker(ThreadPoolExecutor.java:1144) ~[na:na]
	at java.base/java.util.concurrent.ThreadPoolExecutor$Worker.run(ThreadPoolExecutor.java:642) ~[na:na]
	at java.base/java.lang.Thread.run(Thread.java:1583) ~[na:na]
Caused by: java.net.UnknownHostException: dpg-d4i2omjuibrs73du8tbg-a.oregon-postgres.render.com
	at java.base/sun.nio.ch.NioSocketImpl.connect(NioSocketImpl.java:567) ~[na:na]
	at java.base/java.net.SocksSocketImpl.connect(SocksSocketImpl.java:327) ~[na:na]
	at java.base/java.net.Socket.connect(Socket.java:751) ~[na:na]
	at org.postgresql.core.PGStream.createSocket(PGStream.java:261) ~[postgresql-42.7.8.jar:42.7.8]
	at org.postgresql.core.PGStream.<init>(PGStream.java:122) ~[postgresql-42.7.8.jar:42.7.8]
	at org.postgresql.core.v3.ConnectionFactoryImpl.tryConnect(ConnectionFactoryImpl.java:146) ~[postgresql-42.7.8.jar:42.7.8]
	at org.postgresql.core.v3.ConnectionFactoryImpl.openConnectionImpl(ConnectionFactoryImpl.java:289) ~[postgresql-42.7.8.jar:42.7.8]
	... 14 common frames omitted

2025-12-06T03:28:29.884+02:00  WARN 18296 --- [HikariPool-POSTGRE:connection-adder] com.zaxxer.hikari.pool.PoolBase          : HikariPool-POSTGRE - Pool is empty, failed to create/setup connection (c8d40a38-01e1-4974-b60f-78180f140421)

org.postgresql.util.PSQLException: The connection attempt failed.
	at org.postgresql.core.v3.ConnectionFactoryImpl.openConnectionImpl(ConnectionFactoryImpl.java:385) ~[postgresql-42.7.8.jar:42.7.8]
	at org.postgresql.core.ConnectionFactory.openConnection(ConnectionFactory.java:57) ~[postgresql-42.7.8.jar:42.7.8]
	at org.postgresql.jdbc.PgConnection.<init>(PgConnection.java:279) ~[postgresql-42.7.8.jar:42.7.8]
	at org.postgresql.Driver.makeConnection(Driver.java:448) ~[postgresql-42.7.8.jar:42.7.8]
	at org.postgresql.Driver.connect(Driver.java:298) ~[postgresql-42.7.8.jar:42.7.8]
	at com.zaxxer.hikari.util.DriverDataSource.getConnection(DriverDataSource.java:144) ~[HikariCP-7.0.2.jar:na]
	at com.zaxxer.hikari.pool.PoolBase.newConnection(PoolBase.java:373) ~[HikariCP-7.0.2.jar:na]
	at com.zaxxer.hikari.pool.PoolBase.newPoolEntry(PoolBase.java:210) ~[HikariCP-7.0.2.jar:na]
	at com.zaxxer.hikari.pool.HikariPool.createPoolEntry(HikariPool.java:488) ~[HikariCP-7.0.2.jar:na]
	at com.zaxxer.hikari.pool.HikariPool$PoolEntryCreator.call(HikariPool.java:752) ~[HikariCP-7.0.2.jar:na]
	at com.zaxxer.hikari.pool.HikariPool$PoolEntryCreator.call(HikariPool.java:731) ~[HikariCP-7.0.2.jar:na]
	at java.base/java.util.concurrent.FutureTask.run(FutureTask.java:317) ~[na:na]
	at java.base/java.util.concurrent.ThreadPoolExecutor.runWorker(ThreadPoolExecutor.java:1144) ~[na:na]
	at java.base/java.util.concurrent.ThreadPoolExecutor$Worker.run(ThreadPoolExecutor.java:642) ~[na:na]
	at java.base/java.lang.Thread.run(Thread.java:1583) ~[na:na]
Caused by: java.net.UnknownHostException: dpg-d4i2omjuibrs73du8tbg-a.oregon-postgres.render.com
	at java.base/sun.nio.ch.NioSocketImpl.connect(NioSocketImpl.java:567) ~[na:na]
	at java.base/java.net.SocksSocketImpl.connect(SocksSocketImpl.java:327) ~[na:na]
	at java.base/java.net.Socket.connect(Socket.java:751) ~[na:na]
	at org.postgresql.core.PGStream.createSocket(PGStream.java:261) ~[postgresql-42.7.8.jar:42.7.8]
	at org.postgresql.core.PGStream.<init>(PGStream.java:122) ~[postgresql-42.7.8.jar:42.7.8]
	at org.postgresql.core.v3.ConnectionFactoryImpl.tryConnect(ConnectionFactoryImpl.java:146) ~[postgresql-42.7.8.jar:42.7.8]
	at org.postgresql.core.v3.ConnectionFactoryImpl.openConnectionImpl(ConnectionFactoryImpl.java:289) ~[postgresql-42.7.8.jar:42.7.8]
	... 14 common frames omitted

2025-12-06T05:01:42.814+02:00  WARN 18296 --- [HikariPool-POSTGRE:connection-adder] com.zaxxer.hikari.pool.PoolBase          : HikariPool-POSTGRE - Pool is empty, failed to create/setup connection (7d135675-a8a3-4da9-9d32-e7ddfa301733)

org.postgresql.util.PSQLException: The connection attempt failed.
	at org.postgresql.core.v3.ConnectionFactoryImpl.openConnectionImpl(ConnectionFactoryImpl.java:385) ~[postgresql-42.7.8.jar:42.7.8]
	at org.postgresql.core.ConnectionFactory.openConnection(ConnectionFactory.java:57) ~[postgresql-42.7.8.jar:42.7.8]
	at org.postgresql.jdbc.PgConnection.<init>(PgConnection.java:279) ~[postgresql-42.7.8.jar:42.7.8]
	at org.postgresql.Driver.makeConnection(Driver.java:448) ~[postgresql-42.7.8.jar:42.7.8]
	at org.postgresql.Driver.connect(Driver.java:298) ~[postgresql-42.7.8.jar:42.7.8]
	at com.zaxxer.hikari.util.DriverDataSource.getConnection(DriverDataSource.java:144) ~[HikariCP-7.0.2.jar:na]
	at com.zaxxer.hikari.pool.PoolBase.newConnection(PoolBase.java:373) ~[HikariCP-7.0.2.jar:na]
	at com.zaxxer.hikari.pool.PoolBase.newPoolEntry(PoolBase.java:210) ~[HikariCP-7.0.2.jar:na]
	at com.zaxxer.hikari.pool.HikariPool.createPoolEntry(HikariPool.java:488) ~[HikariCP-7.0.2.jar:na]
	at com.zaxxer.hikari.pool.HikariPool$PoolEntryCreator.call(HikariPool.java:752) ~[HikariCP-7.0.2.jar:na]
	at com.zaxxer.hikari.pool.HikariPool$PoolEntryCreator.call(HikariPool.java:731) ~[HikariCP-7.0.2.jar:na]
	at java.base/java.util.concurrent.FutureTask.run(FutureTask.java:317) ~[na:na]
	at java.base/java.util.concurrent.ThreadPoolExecutor.runWorker(ThreadPoolExecutor.java:1144) ~[na:na]
	at java.base/java.util.concurrent.ThreadPoolExecutor$Worker.run(ThreadPoolExecutor.java:642) ~[na:na]
	at java.base/java.lang.Thread.run(Thread.java:1583) ~[na:na]
Caused by: java.net.UnknownHostException: dpg-d4i2omjuibrs73du8tbg-a.oregon-postgres.render.com
	at java.base/sun.nio.ch.NioSocketImpl.connect(NioSocketImpl.java:567) ~[na:na]
	at java.base/java.net.SocksSocketImpl.connect(SocksSocketImpl.java:327) ~[na:na]
	at java.base/java.net.Socket.connect(Socket.java:751) ~[na:na]
	at org.postgresql.core.PGStream.createSocket(PGStream.java:261) ~[postgresql-42.7.8.jar:42.7.8]
	at org.postgresql.core.PGStream.<init>(PGStream.java:122) ~[postgresql-42.7.8.jar:42.7.8]
	at org.postgresql.core.v3.ConnectionFactoryImpl.tryConnect(ConnectionFactoryImpl.java:146) ~[postgresql-42.7.8.jar:42.7.8]
	at org.postgresql.core.v3.ConnectionFactoryImpl.openConnectionImpl(ConnectionFactoryImpl.java:289) ~[postgresql-42.7.8.jar:42.7.8]
	... 14 common frames omitted

2025-12-06T05:02:05.293+02:00  WARN 18296 --- [HikariPool-POSTGRE:housekeeper] com.zaxxer.hikari.pool.HikariPool        : HikariPool-POSTGRE - Thread starvation or clock leap detected (housekeeper delta=1h32m42s635ms935µs400ns).
2025-12-06T05:02:47.940+02:00  WARN 18296 --- [HikariPool-POSTGRE:connection-adder] com.zaxxer.hikari.pool.PoolBase          : HikariPool-POSTGRE - Pool is empty, failed to create/setup connection (ab5a6f2c-d1b7-4d42-9627-3fcbc68823ff)

org.postgresql.util.PSQLException: The connection attempt failed.
	at org.postgresql.core.v3.ConnectionFactoryImpl.openConnectionImpl(ConnectionFactoryImpl.java:385) ~[postgresql-42.7.8.jar:42.7.8]
	at org.postgresql.core.ConnectionFactory.openConnection(ConnectionFactory.java:57) ~[postgresql-42.7.8.jar:42.7.8]
	at org.postgresql.jdbc.PgConnection.<init>(PgConnection.java:279) ~[postgresql-42.7.8.jar:42.7.8]
	at org.postgresql.Driver.makeConnection(Driver.java:448) ~[postgresql-42.7.8.jar:42.7.8]
	at org.postgresql.Driver.connect(Driver.java:298) ~[postgresql-42.7.8.jar:42.7.8]
	at com.zaxxer.hikari.util.DriverDataSource.getConnection(DriverDataSource.java:144) ~[HikariCP-7.0.2.jar:na]
	at com.zaxxer.hikari.pool.PoolBase.newConnection(PoolBase.java:373) ~[HikariCP-7.0.2.jar:na]
	at com.zaxxer.hikari.pool.PoolBase.newPoolEntry(PoolBase.java:210) ~[HikariCP-7.0.2.jar:na]
	at com.zaxxer.hikari.pool.HikariPool.createPoolEntry(HikariPool.java:488) ~[HikariCP-7.0.2.jar:na]
	at com.zaxxer.hikari.pool.HikariPool$PoolEntryCreator.call(HikariPool.java:752) ~[HikariCP-7.0.2.jar:na]
	at com.zaxxer.hikari.pool.HikariPool$PoolEntryCreator.call(HikariPool.java:731) ~[HikariCP-7.0.2.jar:na]
	at java.base/java.util.concurrent.FutureTask.run(FutureTask.java:317) ~[na:na]
	at java.base/java.util.concurrent.ThreadPoolExecutor.runWorker(ThreadPoolExecutor.java:1144) ~[na:na]
	at java.base/java.util.concurrent.ThreadPoolExecutor$Worker.run(ThreadPoolExecutor.java:642) ~[na:na]
	at java.base/java.lang.Thread.run(Thread.java:1583) ~[na:na]
Caused by: java.net.UnknownHostException: dpg-d4i2omjuibrs73du8tbg-a.oregon-postgres.render.com
	at java.base/sun.nio.ch.NioSocketImpl.connect(NioSocketImpl.java:567) ~[na:na]
	at java.base/java.net.SocksSocketImpl.connect(SocksSocketImpl.java:327) ~[na:na]
	at java.base/java.net.Socket.connect(Socket.java:751) ~[na:na]
	at org.postgresql.core.PGStream.createSocket(PGStream.java:261) ~[postgresql-42.7.8.jar:42.7.8]
	at org.postgresql.core.PGStream.<init>(PGStream.java:122) ~[postgresql-42.7.8.jar:42.7.8]
	at org.postgresql.core.v3.ConnectionFactoryImpl.tryConnect(ConnectionFactoryImpl.java:146) ~[postgresql-42.7.8.jar:42.7.8]
	at org.postgresql.core.v3.ConnectionFactoryImpl.openConnectionImpl(ConnectionFactoryImpl.java:289) ~[postgresql-42.7.8.jar:42.7.8]
	... 14 common frames omitted

2025-12-06T05:03:53.029+02:00  WARN 18296 --- [HikariPool-POSTGRE:connection-adder] com.zaxxer.hikari.pool.PoolBase          : HikariPool-POSTGRE - Pool is empty, failed to create/setup connection (1059cb03-1cb6-46db-b16d-104ac4cd7b95)

org.postgresql.util.PSQLException: The connection attempt failed.
	at org.postgresql.core.v3.ConnectionFactoryImpl.openConnectionImpl(ConnectionFactoryImpl.java:385) ~[postgresql-42.7.8.jar:42.7.8]
	at org.postgresql.core.ConnectionFactory.openConnection(ConnectionFactory.java:57) ~[postgresql-42.7.8.jar:42.7.8]
	at org.postgresql.jdbc.PgConnection.<init>(PgConnection.java:279) ~[postgresql-42.7.8.jar:42.7.8]
	at org.postgresql.Driver.makeConnection(Driver.java:448) ~[postgresql-42.7.8.jar:42.7.8]
	at org.postgresql.Driver.connect(Driver.java:298) ~[postgresql-42.7.8.jar:42.7.8]
	at com.zaxxer.hikari.util.DriverDataSource.getConnection(DriverDataSource.java:144) ~[HikariCP-7.0.2.jar:na]
	at com.zaxxer.hikari.pool.PoolBase.newConnection(PoolBase.java:373) ~[HikariCP-7.0.2.jar:na]
	at com.zaxxer.hikari.pool.PoolBase.newPoolEntry(PoolBase.java:210) ~[HikariCP-7.0.2.jar:na]
	at com.zaxxer.hikari.pool.HikariPool.createPoolEntry(HikariPool.java:488) ~[HikariCP-7.0.2.jar:na]
	at com.zaxxer.hikari.pool.HikariPool$PoolEntryCreator.call(HikariPool.java:752) ~[HikariCP-7.0.2.jar:na]
	at com.zaxxer.hikari.pool.HikariPool$PoolEntryCreator.call(HikariPool.java:731) ~[HikariCP-7.0.2.jar:na]
	at java.base/java.util.concurrent.FutureTask.run(FutureTask.java:317) ~[na:na]
	at java.base/java.util.concurrent.ThreadPoolExecutor.runWorker(ThreadPoolExecutor.java:1144) ~[na:na]
	at java.base/java.util.concurrent.ThreadPoolExecutor$Worker.run(ThreadPoolExecutor.java:642) ~[na:na]
	at java.base/java.lang.Thread.run(Thread.java:1583) ~[na:na]
Caused by: java.net.UnknownHostException: dpg-d4i2omjuibrs73du8tbg-a.oregon-postgres.render.com
	at java.base/sun.nio.ch.NioSocketImpl.connect(NioSocketImpl.java:567) ~[na:na]
	at java.base/java.net.SocksSocketImpl.connect(SocksSocketImpl.java:327) ~[na:na]
	at java.base/java.net.Socket.connect(Socket.java:751) ~[na:na]
	at org.postgresql.core.PGStream.createSocket(PGStream.java:261) ~[postgresql-42.7.8.jar:42.7.8]
	at org.postgresql.core.PGStream.<init>(PGStream.java:122) ~[postgresql-42.7.8.jar:42.7.8]
	at org.postgresql.core.v3.ConnectionFactoryImpl.tryConnect(ConnectionFactoryImpl.java:146) ~[postgresql-42.7.8.jar:42.7.8]
	at org.postgresql.core.v3.ConnectionFactoryImpl.openConnectionImpl(ConnectionFactoryImpl.java:289) ~[postgresql-42.7.8.jar:42.7.8]
	... 14 common frames omitted

2025-12-06T05:04:58.177+02:00  WARN 18296 --- [HikariPool-POSTGRE:connection-adder] com.zaxxer.hikari.pool.PoolBase          : HikariPool-POSTGRE - Pool is empty, failed to create/setup connection (09235fcb-c65e-4439-a29e-1f46a461baef)

org.postgresql.util.PSQLException: The connection attempt failed.
	at org.postgresql.core.v3.ConnectionFactoryImpl.openConnectionImpl(ConnectionFactoryImpl.java:385) ~[postgresql-42.7.8.jar:42.7.8]
	at org.postgresql.core.ConnectionFactory.openConnection(ConnectionFactory.java:57) ~[postgresql-42.7.8.jar:42.7.8]
	at org.postgresql.jdbc.PgConnection.<init>(PgConnection.java:279) ~[postgresql-42.7.8.jar:42.7.8]
	at org.postgresql.Driver.makeConnection(Driver.java:448) ~[postgresql-42.7.8.jar:42.7.8]
	at org.postgresql.Driver.connect(Driver.java:298) ~[postgresql-42.7.8.jar:42.7.8]
	at com.zaxxer.hikari.util.DriverDataSource.getConnection(DriverDataSource.java:144) ~[HikariCP-7.0.2.jar:na]
	at com.zaxxer.hikari.pool.PoolBase.newConnection(PoolBase.java:373) ~[HikariCP-7.0.2.jar:na]
	at com.zaxxer.hikari.pool.PoolBase.newPoolEntry(PoolBase.java:210) ~[HikariCP-7.0.2.jar:na]
	at com.zaxxer.hikari.pool.HikariPool.createPoolEntry(HikariPool.java:488) ~[HikariCP-7.0.2.jar:na]
	at com.zaxxer.hikari.pool.HikariPool$PoolEntryCreator.call(HikariPool.java:752) ~[HikariCP-7.0.2.jar:na]
	at com.zaxxer.hikari.pool.HikariPool$PoolEntryCreator.call(HikariPool.java:731) ~[HikariCP-7.0.2.jar:na]
	at java.base/java.util.concurrent.FutureTask.run(FutureTask.java:317) ~[na:na]
	at java.base/java.util.concurrent.ThreadPoolExecutor.runWorker(ThreadPoolExecutor.java:1144) ~[na:na]
	at java.base/java.util.concurrent.ThreadPoolExecutor$Worker.run(ThreadPoolExecutor.java:642) ~[na:na]
	at java.base/java.lang.Thread.run(Thread.java:1583) ~[na:na]
Caused by: java.net.UnknownHostException: dpg-d4i2omjuibrs73du8tbg-a.oregon-postgres.render.com
	at java.base/sun.nio.ch.NioSocketImpl.connect(NioSocketImpl.java:567) ~[na:na]
	at java.base/java.net.SocksSocketImpl.connect(SocksSocketImpl.java:327) ~[na:na]
	at java.base/java.net.Socket.connect(Socket.java:751) ~[na:na]
	at org.postgresql.core.PGStream.createSocket(PGStream.java:261) ~[postgresql-42.7.8.jar:42.7.8]
	at org.postgresql.core.PGStream.<init>(PGStream.java:122) ~[postgresql-42.7.8.jar:42.7.8]
	at org.postgresql.core.v3.ConnectionFactoryImpl.tryConnect(ConnectionFactoryImpl.java:146) ~[postgresql-42.7.8.jar:42.7.8]
	at org.postgresql.core.v3.ConnectionFactoryImpl.openConnectionImpl(ConnectionFactoryImpl.java:289) ~[postgresql-42.7.8.jar:42.7.8]
	... 14 common frames omitted

2025-12-06T05:06:03.313+02:00  WARN 18296 --- [HikariPool-POSTGRE:connection-adder] com.zaxxer.hikari.pool.PoolBase          : HikariPool-POSTGRE - Pool is empty, failed to create/setup connection (d0c78fa9-13da-42b0-bd94-2c694815bd16)

org.postgresql.util.PSQLException: The connection attempt failed.
	at org.postgresql.core.v3.ConnectionFactoryImpl.openConnectionImpl(ConnectionFactoryImpl.java:385) ~[postgresql-42.7.8.jar:42.7.8]
	at org.postgresql.core.ConnectionFactory.openConnection(ConnectionFactory.java:57) ~[postgresql-42.7.8.jar:42.7.8]
	at org.postgresql.jdbc.PgConnection.<init>(PgConnection.java:279) ~[postgresql-42.7.8.jar:42.7.8]
	at org.postgresql.Driver.makeConnection(Driver.java:448) ~[postgresql-42.7.8.jar:42.7.8]
	at org.postgresql.Driver.connect(Driver.java:298) ~[postgresql-42.7.8.jar:42.7.8]
	at com.zaxxer.hikari.util.DriverDataSource.getConnection(DriverDataSource.java:144) ~[HikariCP-7.0.2.jar:na]
	at com.zaxxer.hikari.pool.PoolBase.newConnection(PoolBase.java:373) ~[HikariCP-7.0.2.jar:na]
	at com.zaxxer.hikari.pool.PoolBase.newPoolEntry(PoolBase.java:210) ~[HikariCP-7.0.2.jar:na]
	at com.zaxxer.hikari.pool.HikariPool.createPoolEntry(HikariPool.java:488) ~[HikariCP-7.0.2.jar:na]
	at com.zaxxer.hikari.pool.HikariPool$PoolEntryCreator.call(HikariPool.java:752) ~[HikariCP-7.0.2.jar:na]
	at com.zaxxer.hikari.pool.HikariPool$PoolEntryCreator.call(HikariPool.java:731) ~[HikariCP-7.0.2.jar:na]
	at java.base/java.util.concurrent.FutureTask.run(FutureTask.java:317) ~[na:na]
	at java.base/java.util.concurrent.ThreadPoolExecutor.runWorker(ThreadPoolExecutor.java:1144) ~[na:na]
	at java.base/java.util.concurrent.ThreadPoolExecutor$Worker.run(ThreadPoolExecutor.java:642) ~[na:na]
	at java.base/java.lang.Thread.run(Thread.java:1583) ~[na:na]
Caused by: java.net.UnknownHostException: dpg-d4i2omjuibrs73du8tbg-a.oregon-postgres.render.com
	at java.base/sun.nio.ch.NioSocketImpl.connect(NioSocketImpl.java:567) ~[na:na]
	at java.base/java.net.SocksSocketImpl.connect(SocksSocketImpl.java:327) ~[na:na]
	at java.base/java.net.Socket.connect(Socket.java:751) ~[na:na]
	at org.postgresql.core.PGStream.createSocket(PGStream.java:261) ~[postgresql-42.7.8.jar:42.7.8]
	at org.postgresql.core.PGStream.<init>(PGStream.java:122) ~[postgresql-42.7.8.jar:42.7.8]
	at org.postgresql.core.v3.ConnectionFactoryImpl.tryConnect(ConnectionFactoryImpl.java:146) ~[postgresql-42.7.8.jar:42.7.8]
	at org.postgresql.core.v3.ConnectionFactoryImpl.openConnectionImpl(ConnectionFactoryImpl.java:289) ~[postgresql-42.7.8.jar:42.7.8]
	... 14 common frames omitted

2025-12-06T05:07:08.435+02:00  WARN 18296 --- [HikariPool-POSTGRE:connection-adder] com.zaxxer.hikari.pool.PoolBase          : HikariPool-POSTGRE - Pool is empty, failed to create/setup connection (444b9629-10fd-452e-b314-7692539310d3)

org.postgresql.util.PSQLException: The connection attempt failed.
	at org.postgresql.core.v3.ConnectionFactoryImpl.openConnectionImpl(ConnectionFactoryImpl.java:385) ~[postgresql-42.7.8.jar:42.7.8]
	at org.postgresql.core.ConnectionFactory.openConnection(ConnectionFactory.java:57) ~[postgresql-42.7.8.jar:42.7.8]
	at org.postgresql.jdbc.PgConnection.<init>(PgConnection.java:279) ~[postgresql-42.7.8.jar:42.7.8]
	at org.postgresql.Driver.makeConnection(Driver.java:448) ~[postgresql-42.7.8.jar:42.7.8]
	at org.postgresql.Driver.connect(Driver.java:298) ~[postgresql-42.7.8.jar:42.7.8]
	at com.zaxxer.hikari.util.DriverDataSource.getConnection(DriverDataSource.java:144) ~[HikariCP-7.0.2.jar:na]
	at com.zaxxer.hikari.pool.PoolBase.newConnection(PoolBase.java:373) ~[HikariCP-7.0.2.jar:na]
	at com.zaxxer.hikari.pool.PoolBase.newPoolEntry(PoolBase.java:210) ~[HikariCP-7.0.2.jar:na]
	at com.zaxxer.hikari.pool.HikariPool.createPoolEntry(HikariPool.java:488) ~[HikariCP-7.0.2.jar:na]
	at com.zaxxer.hikari.pool.HikariPool$PoolEntryCreator.call(HikariPool.java:752) ~[HikariCP-7.0.2.jar:na]
	at com.zaxxer.hikari.pool.HikariPool$PoolEntryCreator.call(HikariPool.java:731) ~[HikariCP-7.0.2.jar:na]
	at java.base/java.util.concurrent.FutureTask.run(FutureTask.java:317) ~[na:na]
	at java.base/java.util.concurrent.ThreadPoolExecutor.runWorker(ThreadPoolExecutor.java:1144) ~[na:na]
	at java.base/java.util.concurrent.ThreadPoolExecutor$Worker.run(ThreadPoolExecutor.java:642) ~[na:na]
	at java.base/java.lang.Thread.run(Thread.java:1583) ~[na:na]
Caused by: java.net.UnknownHostException: dpg-d4i2omjuibrs73du8tbg-a.oregon-postgres.render.com
	at java.base/sun.nio.ch.NioSocketImpl.connect(NioSocketImpl.java:567) ~[na:na]
	at java.base/java.net.SocksSocketImpl.connect(SocksSocketImpl.java:327) ~[na:na]
	at java.base/java.net.Socket.connect(Socket.java:751) ~[na:na]
	at org.postgresql.core.PGStream.createSocket(PGStream.java:261) ~[postgresql-42.7.8.jar:42.7.8]
	at org.postgresql.core.PGStream.<init>(PGStream.java:122) ~[postgresql-42.7.8.jar:42.7.8]
	at org.postgresql.core.v3.ConnectionFactoryImpl.tryConnect(ConnectionFactoryImpl.java:146) ~[postgresql-42.7.8.jar:42.7.8]
	at org.postgresql.core.v3.ConnectionFactoryImpl.openConnectionImpl(ConnectionFactoryImpl.java:289) ~[postgresql-42.7.8.jar:42.7.8]
	... 14 common frames omitted

2025-12-06T05:08:13.573+02:00  WARN 18296 --- [HikariPool-POSTGRE:connection-adder] com.zaxxer.hikari.pool.PoolBase          : HikariPool-POSTGRE - Pool is empty, failed to create/setup connection (4212cf9b-870c-4778-bc5e-1a395c04fe29)

org.postgresql.util.PSQLException: The connection attempt failed.
	at org.postgresql.core.v3.ConnectionFactoryImpl.openConnectionImpl(ConnectionFactoryImpl.java:385) ~[postgresql-42.7.8.jar:42.7.8]
	at org.postgresql.core.ConnectionFactory.openConnection(ConnectionFactory.java:57) ~[postgresql-42.7.8.jar:42.7.8]
	at org.postgresql.jdbc.PgConnection.<init>(PgConnection.java:279) ~[postgresql-42.7.8.jar:42.7.8]
	at org.postgresql.Driver.makeConnection(Driver.java:448) ~[postgresql-42.7.8.jar:42.7.8]
	at org.postgresql.Driver.connect(Driver.java:298) ~[postgresql-42.7.8.jar:42.7.8]
	at com.zaxxer.hikari.util.DriverDataSource.getConnection(DriverDataSource.java:144) ~[HikariCP-7.0.2.jar:na]
	at com.zaxxer.hikari.pool.PoolBase.newConnection(PoolBase.java:373) ~[HikariCP-7.0.2.jar:na]
	at com.zaxxer.hikari.pool.PoolBase.newPoolEntry(PoolBase.java:210) ~[HikariCP-7.0.2.jar:na]
	at com.zaxxer.hikari.pool.HikariPool.createPoolEntry(HikariPool.java:488) ~[HikariCP-7.0.2.jar:na]
	at com.zaxxer.hikari.pool.HikariPool$PoolEntryCreator.call(HikariPool.java:752) ~[HikariCP-7.0.2.jar:na]
	at com.zaxxer.hikari.pool.HikariPool$PoolEntryCreator.call(HikariPool.java:731) ~[HikariCP-7.0.2.jar:na]
	at java.base/java.util.concurrent.FutureTask.run(FutureTask.java:317) ~[na:na]
	at java.base/java.util.concurrent.ThreadPoolExecutor.runWorker(ThreadPoolExecutor.java:1144) ~[na:na]
	at java.base/java.util.concurrent.ThreadPoolExecutor$Worker.run(ThreadPoolExecutor.java:642) ~[na:na]
	at java.base/java.lang.Thread.run(Thread.java:1583) ~[na:na]
Caused by: java.net.UnknownHostException: dpg-d4i2omjuibrs73du8tbg-a.oregon-postgres.render.com
	at java.base/sun.nio.ch.NioSocketImpl.connect(NioSocketImpl.java:567) ~[na:na]
	at java.base/java.net.SocksSocketImpl.connect(SocksSocketImpl.java:327) ~[na:na]
	at java.base/java.net.Socket.connect(Socket.java:751) ~[na:na]
	at org.postgresql.core.PGStream.createSocket(PGStream.java:261) ~[postgresql-42.7.8.jar:42.7.8]
	at org.postgresql.core.PGStream.<init>(PGStream.java:122) ~[postgresql-42.7.8.jar:42.7.8]
	at org.postgresql.core.v3.ConnectionFactoryImpl.tryConnect(ConnectionFactoryImpl.java:146) ~[postgresql-42.7.8.jar:42.7.8]
	at org.postgresql.core.v3.ConnectionFactoryImpl.openConnectionImpl(ConnectionFactoryImpl.java:289) ~[postgresql-42.7.8.jar:42.7.8]
	... 14 common frames omitted

2025-12-06T05:09:18.713+02:00  WARN 18296 --- [HikariPool-POSTGRE:connection-adder] com.zaxxer.hikari.pool.PoolBase          : HikariPool-POSTGRE - Pool is empty, failed to create/setup connection (07f946ae-c01e-4988-89bf-a2cd0eafc226)

org.postgresql.util.PSQLException: The connection attempt failed.
	at org.postgresql.core.v3.ConnectionFactoryImpl.openConnectionImpl(ConnectionFactoryImpl.java:385) ~[postgresql-42.7.8.jar:42.7.8]
	at org.postgresql.core.ConnectionFactory.openConnection(ConnectionFactory.java:57) ~[postgresql-42.7.8.jar:42.7.8]
	at org.postgresql.jdbc.PgConnection.<init>(PgConnection.java:279) ~[postgresql-42.7.8.jar:42.7.8]
	at org.postgresql.Driver.makeConnection(Driver.java:448) ~[postgresql-42.7.8.jar:42.7.8]
	at org.postgresql.Driver.connect(Driver.java:298) ~[postgresql-42.7.8.jar:42.7.8]
	at com.zaxxer.hikari.util.DriverDataSource.getConnection(DriverDataSource.java:144) ~[HikariCP-7.0.2.jar:na]
	at com.zaxxer.hikari.pool.PoolBase.newConnection(PoolBase.java:373) ~[HikariCP-7.0.2.jar:na]
	at com.zaxxer.hikari.pool.PoolBase.newPoolEntry(PoolBase.java:210) ~[HikariCP-7.0.2.jar:na]
	at com.zaxxer.hikari.pool.HikariPool.createPoolEntry(HikariPool.java:488) ~[HikariCP-7.0.2.jar:na]
	at com.zaxxer.hikari.pool.HikariPool$PoolEntryCreator.call(HikariPool.java:752) ~[HikariCP-7.0.2.jar:na]
	at com.zaxxer.hikari.pool.HikariPool$PoolEntryCreator.call(HikariPool.java:731) ~[HikariCP-7.0.2.jar:na]
	at java.base/java.util.concurrent.FutureTask.run(FutureTask.java:317) ~[na:na]
	at java.base/java.util.concurrent.ThreadPoolExecutor.runWorker(ThreadPoolExecutor.java:1144) ~[na:na]
	at java.base/java.util.concurrent.ThreadPoolExecutor$Worker.run(ThreadPoolExecutor.java:642) ~[na:na]
	at java.base/java.lang.Thread.run(Thread.java:1583) ~[na:na]
Caused by: java.net.UnknownHostException: dpg-d4i2omjuibrs73du8tbg-a.oregon-postgres.render.com
	at java.base/sun.nio.ch.NioSocketImpl.connect(NioSocketImpl.java:567) ~[na:na]
	at java.base/java.net.SocksSocketImpl.connect(SocksSocketImpl.java:327) ~[na:na]
	at java.base/java.net.Socket.connect(Socket.java:751) ~[na:na]
	at org.postgresql.core.PGStream.createSocket(PGStream.java:261) ~[postgresql-42.7.8.jar:42.7.8]
	at org.postgresql.core.PGStream.<init>(PGStream.java:122) ~[postgresql-42.7.8.jar:42.7.8]
	at org.postgresql.core.v3.ConnectionFactoryImpl.tryConnect(ConnectionFactoryImpl.java:146) ~[postgresql-42.7.8.jar:42.7.8]
	at org.postgresql.core.v3.ConnectionFactoryImpl.openConnectionImpl(ConnectionFactoryImpl.java:289) ~[postgresql-42.7.8.jar:42.7.8]
	... 14 common frames omitted

2025-12-06T05:10:23.871+02:00  WARN 18296 --- [HikariPool-POSTGRE:connection-adder] com.zaxxer.hikari.pool.PoolBase          : HikariPool-POSTGRE - Pool is empty, failed to create/setup connection (cdef411f-9a08-4578-8e12-c17d974c052e)

org.postgresql.util.PSQLException: The connection attempt failed.
	at org.postgresql.core.v3.ConnectionFactoryImpl.openConnectionImpl(ConnectionFactoryImpl.java:385) ~[postgresql-42.7.8.jar:42.7.8]
	at org.postgresql.core.ConnectionFactory.openConnection(ConnectionFactory.java:57) ~[postgresql-42.7.8.jar:42.7.8]
	at org.postgresql.jdbc.PgConnection.<init>(PgConnection.java:279) ~[postgresql-42.7.8.jar:42.7.8]
	at org.postgresql.Driver.makeConnection(Driver.java:448) ~[postgresql-42.7.8.jar:42.7.8]
	at org.postgresql.Driver.connect(Driver.java:298) ~[postgresql-42.7.8.jar:42.7.8]
	at com.zaxxer.hikari.util.DriverDataSource.getConnection(DriverDataSource.java:144) ~[HikariCP-7.0.2.jar:na]
	at com.zaxxer.hikari.pool.PoolBase.newConnection(PoolBase.java:373) ~[HikariCP-7.0.2.jar:na]
	at com.zaxxer.hikari.pool.PoolBase.newPoolEntry(PoolBase.java:210) ~[HikariCP-7.0.2.jar:na]
	at com.zaxxer.hikari.pool.HikariPool.createPoolEntry(HikariPool.java:488) ~[HikariCP-7.0.2.jar:na]
	at com.zaxxer.hikari.pool.HikariPool$PoolEntryCreator.call(HikariPool.java:752) ~[HikariCP-7.0.2.jar:na]
	at com.zaxxer.hikari.pool.HikariPool$PoolEntryCreator.call(HikariPool.java:731) ~[HikariCP-7.0.2.jar:na]
	at java.base/java.util.concurrent.FutureTask.run(FutureTask.java:317) ~[na:na]
	at java.base/java.util.concurrent.ThreadPoolExecutor.runWorker(ThreadPoolExecutor.java:1144) ~[na:na]
	at java.base/java.util.concurrent.ThreadPoolExecutor$Worker.run(ThreadPoolExecutor.java:642) ~[na:na]
	at java.base/java.lang.Thread.run(Thread.java:1583) ~[na:na]
Caused by: java.net.UnknownHostException: dpg-d4i2omjuibrs73du8tbg-a.oregon-postgres.render.com
	at java.base/sun.nio.ch.NioSocketImpl.connect(NioSocketImpl.java:567) ~[na:na]
	at java.base/java.net.SocksSocketImpl.connect(SocksSocketImpl.java:327) ~[na:na]
	at java.base/java.net.Socket.connect(Socket.java:751) ~[na:na]
	at org.postgresql.core.PGStream.createSocket(PGStream.java:261) ~[postgresql-42.7.8.jar:42.7.8]
	at org.postgresql.core.PGStream.<init>(PGStream.java:122) ~[postgresql-42.7.8.jar:42.7.8]
	at org.postgresql.core.v3.ConnectionFactoryImpl.tryConnect(ConnectionFactoryImpl.java:146) ~[postgresql-42.7.8.jar:42.7.8]
	at org.postgresql.core.v3.ConnectionFactoryImpl.openConnectionImpl(ConnectionFactoryImpl.java:289) ~[postgresql-42.7.8.jar:42.7.8]
	... 14 common frames omitted

2025-12-06T05:11:28.994+02:00  WARN 18296 --- [HikariPool-POSTGRE:connection-adder] com.zaxxer.hikari.pool.PoolBase          : HikariPool-POSTGRE - Pool is empty, failed to create/setup connection (b32bcd39-7b65-492b-97f8-557a31c51271)

org.postgresql.util.PSQLException: The connection attempt failed.
	at org.postgresql.core.v3.ConnectionFactoryImpl.openConnectionImpl(ConnectionFactoryImpl.java:385) ~[postgresql-42.7.8.jar:42.7.8]
	at org.postgresql.core.ConnectionFactory.openConnection(ConnectionFactory.java:57) ~[postgresql-42.7.8.jar:42.7.8]
	at org.postgresql.jdbc.PgConnection.<init>(PgConnection.java:279) ~[postgresql-42.7.8.jar:42.7.8]
	at org.postgresql.Driver.makeConnection(Driver.java:448) ~[postgresql-42.7.8.jar:42.7.8]
	at org.postgresql.Driver.connect(Driver.java:298) ~[postgresql-42.7.8.jar:42.7.8]
	at com.zaxxer.hikari.util.DriverDataSource.getConnection(DriverDataSource.java:144) ~[HikariCP-7.0.2.jar:na]
	at com.zaxxer.hikari.pool.PoolBase.newConnection(PoolBase.java:373) ~[HikariCP-7.0.2.jar:na]
	at com.zaxxer.hikari.pool.PoolBase.newPoolEntry(PoolBase.java:210) ~[HikariCP-7.0.2.jar:na]
	at com.zaxxer.hikari.pool.HikariPool.createPoolEntry(HikariPool.java:488) ~[HikariCP-7.0.2.jar:na]
	at com.zaxxer.hikari.pool.HikariPool$PoolEntryCreator.call(HikariPool.java:752) ~[HikariCP-7.0.2.jar:na]
	at com.zaxxer.hikari.pool.HikariPool$PoolEntryCreator.call(HikariPool.java:731) ~[HikariCP-7.0.2.jar:na]
	at java.base/java.util.concurrent.FutureTask.run(FutureTask.java:317) ~[na:na]
	at java.base/java.util.concurrent.ThreadPoolExecutor.runWorker(ThreadPoolExecutor.java:1144) ~[na:na]
	at java.base/java.util.concurrent.ThreadPoolExecutor$Worker.run(ThreadPoolExecutor.java:642) ~[na:na]
	at java.base/java.lang.Thread.run(Thread.java:1583) ~[na:na]
Caused by: java.net.UnknownHostException: dpg-d4i2omjuibrs73du8tbg-a.oregon-postgres.render.com
	at java.base/sun.nio.ch.NioSocketImpl.connect(NioSocketImpl.java:567) ~[na:na]
	at java.base/java.net.SocksSocketImpl.connect(SocksSocketImpl.java:327) ~[na:na]
	at java.base/java.net.Socket.connect(Socket.java:751) ~[na:na]
	at org.postgresql.core.PGStream.createSocket(PGStream.java:261) ~[postgresql-42.7.8.jar:42.7.8]
	at org.postgresql.core.PGStream.<init>(PGStream.java:122) ~[postgresql-42.7.8.jar:42.7.8]
	at org.postgresql.core.v3.ConnectionFactoryImpl.tryConnect(ConnectionFactoryImpl.java:146) ~[postgresql-42.7.8.jar:42.7.8]
	at org.postgresql.core.v3.ConnectionFactoryImpl.openConnectionImpl(ConnectionFactoryImpl.java:289) ~[postgresql-42.7.8.jar:42.7.8]
	... 14 common frames omitted

2025-12-06T05:13:12.738+02:00  INFO 18296 --- [SpringApplicationShutdownHook] o.s.boot.tomcat.GracefulShutdown         : Commencing graceful shutdown. Waiting for active requests to complete
2025-12-06T05:13:12.753+02:00  INFO 18296 --- [tomcat-shutdown] o.s.boot.tomcat.GracefulShutdown         : Graceful shutdown complete
2025-12-06T05:13:14.928+02:00  INFO 18296 --- [SpringApplicationShutdownHook] j.LocalContainerEntityManagerFactoryBean : Closing JPA EntityManagerFactory for persistence unit 'default'
2025-12-06T05:13:14.943+02:00  INFO 18296 --- [SpringApplicationShutdownHook] com.zaxxer.hikari.HikariDataSource       : HikariPool-POSTGRE - Shutdown initiated...
2025-12-06T05:13:16.615+02:00  INFO 18296 --- [SpringApplicationShutdownHook] com.zaxxer.hikari.HikariDataSource       : HikariPool-POSTGRE - Shutdown completed.
2025-12-06T05:13:23.512+02:00  INFO 21920 --- [main] admin.gestao.GestaoApplication           : Starting GestaoApplication using Java 21.0.4 with PID 21920 (C:\Users\Tridon\IdeaProjects\administracao\gestao\target\classes started by Tridon in C:\Users\Tridon\IdeaProjects\administracao)
2025-12-06T05:13:23.527+02:00  INFO 21920 --- [main] admin.gestao.GestaoApplication           : The following 1 profile is active: "admin"
2025-12-06T05:13:25.952+02:00  INFO 21920 --- [main] .s.d.r.c.RepositoryConfigurationDelegate : Bootstrapping Spring Data JPA repositories in DEFAULT mode.
2025-12-06T05:13:26.280+02:00  INFO 21920 --- [main] .s.d.r.c.RepositoryConfigurationDelegate : Finished Spring Data repository scanning in 307 ms. Found 3 JPA repository interfaces.
2025-12-06T05:13:28.158+02:00  INFO 21920 --- [main] o.s.boot.tomcat.TomcatWebServer          : Tomcat initialized with port 8084 (http)
2025-12-06T05:13:28.189+02:00  INFO 21920 --- [main] o.apache.catalina.core.StandardService   : Starting service [Tomcat]
2025-12-06T05:13:28.189+02:00  INFO 21920 --- [main] o.apache.catalina.core.StandardEngine    : Starting Servlet engine: [Apache Tomcat/11.0.14]
2025-12-06T05:13:28.330+02:00  INFO 21920 --- [main] b.w.c.s.WebApplicationContextInitializer : Root WebApplicationContext: initialization completed in 4675 ms
2025-12-06T05:13:29.941+02:00  INFO 21920 --- [main] o.s.o.j.p.SpringPersistenceUnitInfo      : No LoadTimeWeaver setup: ignoring JPA class transformer
2025-12-06T05:13:30.004+02:00  INFO 21920 --- [main] com.zaxxer.hikari.HikariDataSource       : HikariPool-POSTGRE - Starting...
2025-12-06T05:13:33.443+02:00  INFO 21920 --- [main] com.zaxxer.hikari.pool.HikariPool        : HikariPool-POSTGRE - Added connection org.postgresql.jdbc.PgConnection@1cca2e9d
2025-12-06T05:13:33.443+02:00  INFO 21920 --- [main] com.zaxxer.hikari.HikariDataSource       : HikariPool-POSTGRE - Start completed.
2025-12-06T05:13:40.665+02:00  INFO 21920 --- [main] j.LocalContainerEntityManagerFactoryBean : Initialized JPA EntityManagerFactory for persistence unit 'default'
2025-12-06T05:13:40.821+02:00  INFO 21920 --- [main] o.s.d.j.r.query.QueryEnhancerFactories   : Hibernate is in classpath; If applicable, HQL parser will be used.
2025-12-06T05:13:42.961+02:00  INFO 21920 --- [main] r$InitializeUserDetailsManagerConfigurer : Global AuthenticationManager configured with UserDetailsService bean with name customUserDatail
2025-12-06T05:13:43.070+02:00  WARN 21920 --- [main] JpaBaseConfiguration$JpaWebConfiguration : spring.jpa.open-in-view is enabled by default. Therefore, database queries may be performed during view rendering. Explicitly configure spring.jpa.open-in-view to disable this warning
2025-12-06T05:13:44.399+02:00  INFO 21920 --- [main] o.s.b.a.e.web.EndpointLinksResolver      : Exposing 1 endpoint beneath base path '/actuator'
2025-12-06T05:13:44.555+02:00  INFO 21920 --- [main] o.s.boot.tomcat.TomcatWebServer          : Tomcat started on port 8084 (http) with context path '/'
2025-12-06T05:13:44.570+02:00  INFO 21920 --- [main] admin.gestao.GestaoApplication           : Started GestaoApplication in 22.372 seconds (process running for 23.873)
2025-12-06T05:13:54.802+02:00  INFO 21920 --- [http-nio-8084-exec-1] o.a.c.c.C.[Tomcat].[localhost].[/]       : Initializing Spring DispatcherServlet 'dispatcherServlet'
2025-12-06T05:13:54.802+02:00  INFO 21920 --- [http-nio-8084-exec-1] o.s.web.servlet.DispatcherServlet        : Initializing Servlet 'dispatcherServlet'
2025-12-06T05:13:54.802+02:00  INFO 21920 --- [http-nio-8084-exec-1] o.s.web.servlet.DispatcherServlet        : Completed initialization in 0 ms
2025-12-06T05:14:26.607+02:00  WARN 21920 --- [http-nio-8084-exec-2] .w.s.m.s.DefaultHandlerExceptionResolver : Resolved [org.springframework.web.context.request.async.AsyncRequestTimeoutException]
2025-12-06T05:15:10.571+02:00  WARN 21920 --- [http-nio-8084-exec-5] .w.s.m.s.DefaultHandlerExceptionResolver : Resolved [org.springframework.web.context.request.async.AsyncRequestTimeoutException]
2025-12-06T05:17:02.561+02:00  WARN 21920 --- [http-nio-8084-exec-8] .w.s.m.s.DefaultHandlerExceptionResolver : Resolved [org.springframework.web.context.request.async.AsyncRequestTimeoutException]
2025-12-06T05:17:14.390+02:00 DEBUG 21920 --- [http-nio-8084-exec-1] org.hibernate.SQL                        : 
    select
        u1_0.id,
        u1_0.deleted,
        u1_0.imagem,
        u1_0.password,
        u1_0.person,
        u1_0.role,
        u1_0.user_name 
    from
        users u1_0 
    where
        u1_0.user_name=?
2025-12-06T05:17:14.391+02:00 DEBUG 21920 --- [http-nio-8084-exec-10] org.hibernate.SQL                        : 
    select
        u1_0.id,
        u1_0.deleted,
        u1_0.imagem,
        u1_0.password,
        u1_0.person,
        u1_0.role,
        u1_0.user_name 
    from
        users u1_0 
    where
        u1_0.deleted=false
2025-12-06T05:17:15.148+02:00 DEBUG 21920 --- [http-nio-8084-exec-10] org.hibernate.SQL                        : 
    select
        p1_0.id,
        p1_0.adress,
        p1_0.last_name,
        p1_0.name 
    from
        person p1_0 
    where
        p1_0.id=?
2025-12-06T05:17:15.148+02:00 DEBUG 21920 --- [http-nio-8084-exec-1] org.hibernate.SQL                        : 
    select
        p1_0.id,
        p1_0.adress,
        p1_0.last_name,
        p1_0.name 
    from
        person p1_0 
    where
        p1_0.id=?
2025-12-06T05:17:15.606+02:00 DEBUG 21920 --- [http-nio-8084-exec-2] org.hibernate.SQL                        : 
    select
        u1_0.id,
        u1_0.deleted,
        u1_0.imagem,
        u1_0.password,
        u1_0.person,
        u1_0.role,
        u1_0.user_name 
    from
        users u1_0 
    where
        u1_0.user_name=?
2025-12-06T05:17:15.957+02:00 DEBUG 21920 --- [http-nio-8084-exec-2] org.hibernate.SQL                        : 
    select
        p1_0.id,
        p1_0.adress,
        p1_0.last_name,
        p1_0.name 
    from
        person p1_0 
    where
        p1_0.id=?
2025-12-06T05:17:33.246+02:00 DEBUG 21920 --- [http-nio-8084-exec-5] org.hibernate.SQL                        : 
    select
        u1_0.id,
        u1_0.deleted,
        u1_0.imagem,
        u1_0.password,
        u1_0.person,
        u1_0.role,
        u1_0.user_name 
    from
        users u1_0 
    where
        u1_0.user_name=?
2025-12-06T05:17:33.270+02:00 DEBUG 21920 --- [http-nio-8084-exec-6] org.hibernate.SQL                        : 
    select
        u1_0.id,
        u1_0.deleted,
        u1_0.imagem,
        u1_0.password,
        u1_0.person,
        u1_0.role,
        u1_0.user_name 
    from
        users u1_0 
    where
        u1_0.deleted=false
2025-12-06T05:17:33.950+02:00 DEBUG 21920 --- [http-nio-8084-exec-6] org.hibernate.SQL                        : 
    select
        p1_0.id,
        p1_0.adress,
        p1_0.last_name,
        p1_0.name 
    from
        person p1_0 
    where
        p1_0.id=?
2025-12-06T05:17:33.950+02:00 DEBUG 21920 --- [http-nio-8084-exec-5] org.hibernate.SQL                        : 
    select
        p1_0.id,
        p1_0.adress,
        p1_0.last_name,
        p1_0.name 
    from
        person p1_0 
    where
        p1_0.id=?
2025-12-06T05:17:34.347+02:00 DEBUG 21920 --- [http-nio-8084-exec-7] org.hibernate.SQL                        : 
    select
        u1_0.id,
        u1_0.deleted,
        u1_0.imagem,
        u1_0.password,
        u1_0.person,
        u1_0.role,
        u1_0.user_name 
    from
        users u1_0 
    where
        u1_0.user_name=?
2025-12-06T05:17:34.690+02:00 DEBUG 21920 --- [http-nio-8084-exec-7] org.hibernate.SQL                        : 
    select
        p1_0.id,
        p1_0.adress,
        p1_0.last_name,
        p1_0.name 
    from
        person p1_0 
    where
        p1_0.id=?
2025-12-06T05:29:39.406+02:00  WARN 21920 --- [HikariPool-POSTGRE:housekeeper] com.zaxxer.hikari.pool.PoolBase          : HikariPool-POSTGRE - Failed to validate connection org.postgresql.jdbc.PgConnection@77a318b6 (This connection has been closed.). Possibly consider using a shorter maxLifetime value.
2025-12-06T06:07:14.619+02:00  WARN 21920 --- [http-nio-8084-exec-9] .w.s.m.s.DefaultHandlerExceptionResolver : Resolved [org.springframework.web.context.request.async.AsyncRequestTimeoutException]
2025-12-06T06:07:30.573+02:00  WARN 21920 --- [http-nio-8084-exec-6] .w.s.m.s.DefaultHandlerExceptionResolver : Resolved [org.springframework.web.context.request.async.AsyncRequestTimeoutException]
2025-12-06T06:07:41.580+02:00  WARN 21920 --- [http-nio-8084-exec-5] .w.s.m.s.DefaultHandlerExceptionResolver : Resolved [org.springframework.web.context.request.async.AsyncRequestTimeoutException]
2025-12-06T06:07:51.579+02:00  WARN 21920 --- [http-nio-8084-exec-7] .w.s.m.s.DefaultHandlerExceptionResolver : Resolved [org.springframework.web.context.request.async.AsyncRequestTimeoutException]
2025-12-06T06:07:54.575+02:00  WARN 21920 --- [http-nio-8084-exec-8] .w.s.m.s.DefaultHandlerExceptionResolver : Resolved [org.springframework.web.context.request.async.AsyncRequestTimeoutException]
2025-12-06T06:08:00.584+02:00  WARN 21920 --- [http-nio-8084-exec-9] .w.s.m.s.DefaultHandlerExceptionResolver : Resolved [org.springframework.web.context.request.async.AsyncRequestTimeoutException]
2025-12-06T06:22:24.113+02:00  WARN 21920 --- [HikariPool-POSTGRE:housekeeper] com.zaxxer.hikari.pool.PoolBase          : HikariPool-POSTGRE - Failed to validate connection org.postgresql.jdbc.PgConnection@51afcd6 (This connection has been closed.). Possibly consider using a shorter maxLifetime value.
2025-12-06T06:22:50.816+02:00  WARN 21920 --- [HikariPool-POSTGRE:housekeeper] com.zaxxer.hikari.pool.PoolBase          : HikariPool-POSTGRE - Failed to validate connection org.postgresql.jdbc.PgConnection@58d97f48 (This connection has been closed.). Possibly consider using a shorter maxLifetime value.
2025-12-06T06:23:00.835+02:00  WARN 21920 --- [HikariPool-POSTGRE:housekeeper] com.zaxxer.hikari.pool.PoolBase          : HikariPool-POSTGRE - Failed to validate connection org.postgresql.jdbc.PgConnection@194c5a93 (This connection has been closed.). Possibly consider using a shorter maxLifetime value.
2025-12-06T06:23:21.111+02:00  WARN 21920 --- [HikariPool-POSTGRE:housekeeper] com.zaxxer.hikari.pool.PoolBase          : HikariPool-POSTGRE - Failed to validate connection org.postgresql.jdbc.PgConnection@1f285505 (This connection has been closed.). Possibly consider using a shorter maxLifetime value.
2025-12-06T07:09:38.643+02:00  INFO 21920 --- [SpringApplicationShutdownHook] o.s.boot.tomcat.GracefulShutdown         : Commencing graceful shutdown. Waiting for active requests to complete
2025-12-06T07:09:38.693+02:00  INFO 21920 --- [tomcat-shutdown] o.s.boot.tomcat.GracefulShutdown         : Graceful shutdown complete
2025-12-06T07:09:41.010+02:00  INFO 21920 --- [SpringApplicationShutdownHook] j.LocalContainerEntityManagerFactoryBean : Closing JPA EntityManagerFactory for persistence unit 'default'
2025-12-06T07:09:41.098+02:00  INFO 21920 --- [SpringApplicationShutdownHook] com.zaxxer.hikari.HikariDataSource       : HikariPool-POSTGRE - Shutdown initiated...
2025-12-06T07:09:42.749+02:00  INFO 21920 --- [SpringApplicationShutdownHook] com.zaxxer.hikari.HikariDataSource       : HikariPool-POSTGRE - Shutdown completed.
2025-12-06T07:10:04.632+02:00  INFO 23744 --- [main] admin.gestao.GestaoApplication           : Starting GestaoApplication using Java 21.0.4 with PID 23744 (C:\Users\Tridon\IdeaProjects\administracao\gestao\target\classes started by Tridon in C:\Users\Tridon\IdeaProjects\administracao)
2025-12-06T07:10:04.642+02:00  INFO 23744 --- [main] admin.gestao.GestaoApplication           : The following 1 profile is active: "admin"
2025-12-06T07:10:07.556+02:00  INFO 23744 --- [main] .s.d.r.c.RepositoryConfigurationDelegate : Bootstrapping Spring Data JPA repositories in DEFAULT mode.
2025-12-06T07:10:08.042+02:00  INFO 23744 --- [main] .s.d.r.c.RepositoryConfigurationDelegate : Finished Spring Data repository scanning in 450 ms. Found 4 JPA repository interfaces.
2025-12-06T07:10:10.010+02:00  INFO 23744 --- [main] o.s.boot.tomcat.TomcatWebServer          : Tomcat initialized with port 8084 (http)
2025-12-06T07:10:10.048+02:00  INFO 23744 --- [main] o.apache.catalina.core.StandardService   : Starting service [Tomcat]
2025-12-06T07:10:10.049+02:00  INFO 23744 --- [main] o.apache.catalina.core.StandardEngine    : Starting Servlet engine: [Apache Tomcat/11.0.14]
2025-12-06T07:10:10.230+02:00  INFO 23744 --- [main] b.w.c.s.WebApplicationContextInitializer : Root WebApplicationContext: initialization completed in 5444 ms
2025-12-06T07:10:12.295+02:00  INFO 23744 --- [main] o.s.o.j.p.SpringPersistenceUnitInfo      : No LoadTimeWeaver setup: ignoring JPA class transformer
2025-12-06T07:10:12.401+02:00  INFO 23744 --- [main] com.zaxxer.hikari.HikariDataSource       : HikariPool-POSTGRE - Starting...
2025-12-06T07:10:16.433+02:00  INFO 23744 --- [main] com.zaxxer.hikari.pool.HikariPool        : HikariPool-POSTGRE - Added connection org.postgresql.jdbc.PgConnection@5c3924fd
2025-12-06T07:10:16.437+02:00  INFO 23744 --- [main] com.zaxxer.hikari.HikariDataSource       : HikariPool-POSTGRE - Start completed.
2025-12-06T07:10:22.478+02:00 DEBUG 23744 --- [main] org.hibernate.SQL                        : 
    create table api_keys (
        id uuid not null,
        cliente varchar(255) not null,
        date_time timestamp(6) not null,
        endpoint varchar(255) not null,
        id_user uuid not null,
        keygen varchar(255) not null,
        status boolean not null,
        primary key (id)
    )
2025-12-06T07:10:22.855+02:00 DEBUG 23744 --- [main] org.hibernate.SQL                        : 
    alter table if exists security 
       add column cliente varchar(255)
2025-12-06T07:10:23.194+02:00 DEBUG 23744 --- [main] org.hibernate.SQL                        : 
    alter table if exists security 
       add column id_user uuid
2025-12-06T07:10:23.527+02:00 DEBUG 23744 --- [main] org.hibernate.SQL                        : 
    create index idx_api_keys_keygen 
       on api_keys (keygen)
2025-12-06T07:10:23.902+02:00 DEBUG 23744 --- [main] org.hibernate.SQL                        : 
    alter table if exists api_keys 
       drop constraint if exists UKpjkx69184ftwfkefae3ldqkcc
2025-12-06T07:10:24.337+02:00  WARN 23744 --- [main] org.hibernate.orm.jdbc.warn              : HHH000247: ErrorCode: 0, SQLState: 00000
2025-12-06T07:10:24.338+02:00  WARN 23744 --- [main] org.hibernate.orm.jdbc.warn              : constraint "ukpjkx69184ftwfkefae3ldqkcc" of relation "api_keys" does not exist, skipping
2025-12-06T07:10:24.339+02:00 DEBUG 23744 --- [main] org.hibernate.SQL                        : 
    alter table if exists api_keys 
       add constraint UKpjkx69184ftwfkefae3ldqkcc unique (keygen)
2025-12-06T07:10:26.474+02:00  INFO 23744 --- [main] j.LocalContainerEntityManagerFactoryBean : Initialized JPA EntityManagerFactory for persistence unit 'default'
2025-12-06T07:10:26.654+02:00  INFO 23744 --- [main] o.s.d.j.r.query.QueryEnhancerFactories   : Hibernate is in classpath; If applicable, HQL parser will be used.
2025-12-06T07:10:29.596+02:00  INFO 23744 --- [main] r$InitializeUserDetailsManagerConfigurer : Global AuthenticationManager configured with UserDetailsService bean with name customUserDatail
2025-12-06T07:10:29.678+02:00  WARN 23744 --- [main] JpaBaseConfiguration$JpaWebConfiguration : spring.jpa.open-in-view is enabled by default. Therefore, database queries may be performed during view rendering. Explicitly configure spring.jpa.open-in-view to disable this warning
2025-12-06T07:10:31.093+02:00  INFO 23744 --- [main] o.s.b.a.e.web.EndpointLinksResolver      : Exposing 1 endpoint beneath base path '/actuator'
2025-12-06T07:10:31.322+02:00  INFO 23744 --- [main] o.s.boot.tomcat.TomcatWebServer          : Tomcat started on port 8084 (http) with context path '/'
2025-12-06T07:10:31.624+02:00  INFO 23744 --- [main] admin.gestao.GestaoApplication           : Started GestaoApplication in 28.356 seconds (process running for 29.691)
2025-12-06T07:19:41.121+02:00  INFO 23744 --- [http-nio-8084-exec-1] o.a.c.c.C.[Tomcat].[localhost].[/]       : Initializing Spring DispatcherServlet 'dispatcherServlet'
2025-12-06T07:19:41.124+02:00  INFO 23744 --- [http-nio-8084-exec-1] o.s.web.servlet.DispatcherServlet        : Initializing Servlet 'dispatcherServlet'
2025-12-06T07:19:41.128+02:00  INFO 23744 --- [http-nio-8084-exec-1] o.s.web.servlet.DispatcherServlet        : Completed initialization in 4 ms
2025-12-06T07:47:46.050+02:00  INFO 23744 --- [SpringApplicationShutdownHook] o.s.boot.tomcat.GracefulShutdown         : Commencing graceful shutdown. Waiting for active requests to complete
2025-12-06T07:47:46.068+02:00  INFO 23744 --- [tomcat-shutdown] o.s.boot.tomcat.GracefulShutdown         : Graceful shutdown complete
2025-12-06T07:47:46.211+02:00  INFO 23744 --- [SpringApplicationShutdownHook] j.LocalContainerEntityManagerFactoryBean : Closing JPA EntityManagerFactory for persistence unit 'default'
2025-12-06T07:47:46.249+02:00  INFO 23744 --- [SpringApplicationShutdownHook] com.zaxxer.hikari.HikariDataSource       : HikariPool-POSTGRE - Shutdown initiated...
2025-12-06T07:47:47.897+02:00  INFO 23744 --- [SpringApplicationShutdownHook] com.zaxxer.hikari.HikariDataSource       : HikariPool-POSTGRE - Shutdown completed.
2025-12-06T07:48:06.885+02:00  INFO 24340 --- [main] admin.gestao.GestaoApplication           : Starting GestaoApplication using Java 21.0.4 with PID 24340 (C:\Users\Tridon\IdeaProjects\administracao\gestao\target\classes started by Tridon in C:\Users\Tridon\IdeaProjects\administracao)
2025-12-06T07:48:06.897+02:00  INFO 24340 --- [main] admin.gestao.GestaoApplication           : The following 1 profile is active: "admin"
2025-12-06T07:48:09.754+02:00  INFO 24340 --- [main] .s.d.r.c.RepositoryConfigurationDelegate : Bootstrapping Spring Data JPA repositories in DEFAULT mode.
2025-12-06T07:48:10.112+02:00  INFO 24340 --- [main] .s.d.r.c.RepositoryConfigurationDelegate : Finished Spring Data repository scanning in 314 ms. Found 4 JPA repository interfaces.
2025-12-06T07:48:13.731+02:00  INFO 24340 --- [main] o.s.boot.tomcat.TomcatWebServer          : Tomcat initialized with port 8084 (http)
2025-12-06T07:48:13.758+02:00  INFO 24340 --- [main] o.apache.catalina.core.StandardService   : Starting service [Tomcat]
2025-12-06T07:48:13.759+02:00  INFO 24340 --- [main] o.apache.catalina.core.StandardEngine    : Starting Servlet engine: [Apache Tomcat/11.0.14]
2025-12-06T07:48:13.900+02:00  INFO 24340 --- [main] b.w.c.s.WebApplicationContextInitializer : Root WebApplicationContext: initialization completed in 6797 ms
2025-12-06T07:48:16.256+02:00  INFO 24340 --- [main] o.s.o.j.p.SpringPersistenceUnitInfo      : No LoadTimeWeaver setup: ignoring JPA class transformer
2025-12-06T07:48:16.346+02:00  INFO 24340 --- [main] com.zaxxer.hikari.HikariDataSource       : HikariPool-POSTGRE - Starting...
2025-12-06T07:48:21.859+02:00  INFO 24340 --- [main] com.zaxxer.hikari.pool.HikariPool        : HikariPool-POSTGRE - Added connection org.postgresql.jdbc.PgConnection@5c3924fd
2025-12-06T07:48:21.862+02:00  INFO 24340 --- [main] com.zaxxer.hikari.HikariDataSource       : HikariPool-POSTGRE - Start completed.
2025-12-06T07:48:30.776+02:00  INFO 24340 --- [main] j.LocalContainerEntityManagerFactoryBean : Initialized JPA EntityManagerFactory for persistence unit 'default'
2025-12-06T07:48:30.911+02:00  INFO 24340 --- [main] o.s.d.j.r.query.QueryEnhancerFactories   : Hibernate is in classpath; If applicable, HQL parser will be used.
2025-12-06T07:48:33.362+02:00  INFO 24340 --- [main] r$InitializeUserDetailsManagerConfigurer : Global AuthenticationManager configured with UserDetailsService bean with name customUserDatail
2025-12-06T07:48:33.541+02:00  WARN 24340 --- [main] JpaBaseConfiguration$JpaWebConfiguration : spring.jpa.open-in-view is enabled by default. Therefore, database queries may be performed during view rendering. Explicitly configure spring.jpa.open-in-view to disable this warning
2025-12-06T07:48:35.291+02:00  INFO 24340 --- [main] o.s.b.a.e.web.EndpointLinksResolver      : Exposing 1 endpoint beneath base path '/actuator'
2025-12-06T07:48:35.523+02:00  INFO 24340 --- [main] o.s.boot.tomcat.TomcatWebServer          : Tomcat started on port 8084 (http) with context path '/'
2025-12-06T07:48:35.554+02:00  INFO 24340 --- [main] admin.gestao.GestaoApplication           : Started GestaoApplication in 30.51 seconds (process running for 32.227)
2025-12-06T07:50:29.141+02:00  INFO 24340 --- [http-nio-8084-exec-1] o.a.c.c.C.[Tomcat].[localhost].[/]       : Initializing Spring DispatcherServlet 'dispatcherServlet'
2025-12-06T07:50:29.141+02:00  INFO 24340 --- [http-nio-8084-exec-1] o.s.web.servlet.DispatcherServlet        : Initializing Servlet 'dispatcherServlet'
2025-12-06T07:50:29.153+02:00  INFO 24340 --- [http-nio-8084-exec-1] o.s.web.servlet.DispatcherServlet        : Completed initialization in 10 ms
2025-12-06T08:04:21.092+02:00  INFO 24340 --- [SpringApplicationShutdownHook] o.s.boot.tomcat.GracefulShutdown         : Commencing graceful shutdown. Waiting for active requests to complete
2025-12-06T08:04:21.102+02:00  INFO 24340 --- [tomcat-shutdown] o.s.boot.tomcat.GracefulShutdown         : Graceful shutdown complete
2025-12-06T08:04:21.155+02:00  INFO 24340 --- [SpringApplicationShutdownHook] j.LocalContainerEntityManagerFactoryBean : Closing JPA EntityManagerFactory for persistence unit 'default'
2025-12-06T08:04:21.162+02:00  INFO 24340 --- [SpringApplicationShutdownHook] com.zaxxer.hikari.HikariDataSource       : HikariPool-POSTGRE - Shutdown initiated...
2025-12-06T08:04:23.063+02:00  INFO 24340 --- [SpringApplicationShutdownHook] com.zaxxer.hikari.HikariDataSource       : HikariPool-POSTGRE - Shutdown completed.
2025-12-06T08:04:31.387+02:00  INFO 22260 --- [main] admin.gestao.GestaoApplication           : Starting GestaoApplication using Java 21.0.4 with PID 22260 (C:\Users\Tridon\IdeaProjects\administracao\gestao\target\classes started by Tridon in C:\Users\Tridon\IdeaProjects\administracao)
2025-12-06T08:04:31.395+02:00  INFO 22260 --- [main] admin.gestao.GestaoApplication           : The following 1 profile is active: "admin"
2025-12-06T08:04:33.761+02:00  INFO 22260 --- [main] .s.d.r.c.RepositoryConfigurationDelegate : Bootstrapping Spring Data JPA repositories in DEFAULT mode.
2025-12-06T08:04:34.064+02:00  INFO 22260 --- [main] .s.d.r.c.RepositoryConfigurationDelegate : Finished Spring Data repository scanning in 277 ms. Found 4 JPA repository interfaces.
2025-12-06T08:04:35.561+02:00  INFO 22260 --- [main] o.s.boot.tomcat.TomcatWebServer          : Tomcat initialized with port 8084 (http)
2025-12-06T08:04:35.583+02:00  INFO 22260 --- [main] o.apache.catalina.core.StandardService   : Starting service [Tomcat]
2025-12-06T08:04:35.584+02:00  INFO 22260 --- [main] o.apache.catalina.core.StandardEngine    : Starting Servlet engine: [Apache Tomcat/11.0.14]
2025-12-06T08:04:35.718+02:00  INFO 22260 --- [main] b.w.c.s.WebApplicationContextInitializer : Root WebApplicationContext: initialization completed in 4189 ms
2025-12-06T08:04:37.373+02:00  INFO 22260 --- [main] o.s.o.j.p.SpringPersistenceUnitInfo      : No LoadTimeWeaver setup: ignoring JPA class transformer
2025-12-06T08:04:37.445+02:00  INFO 22260 --- [main] com.zaxxer.hikari.HikariDataSource       : HikariPool-POSTGRE - Starting...
2025-12-06T08:04:41.098+02:00  INFO 22260 --- [main] com.zaxxer.hikari.pool.HikariPool        : HikariPool-POSTGRE - Added connection org.postgresql.jdbc.PgConnection@5c3924fd
2025-12-06T08:04:41.106+02:00  INFO 22260 --- [main] com.zaxxer.hikari.HikariDataSource       : HikariPool-POSTGRE - Start completed.
2025-12-06T08:04:48.746+02:00  INFO 22260 --- [main] j.LocalContainerEntityManagerFactoryBean : Initialized JPA EntityManagerFactory for persistence unit 'default'
2025-12-06T08:04:48.897+02:00  INFO 22260 --- [main] o.s.d.j.r.query.QueryEnhancerFactories   : Hibernate is in classpath; If applicable, HQL parser will be used.
2025-12-06T08:04:50.778+02:00  INFO 22260 --- [main] r$InitializeUserDetailsManagerConfigurer : Global AuthenticationManager configured with UserDetailsService bean with name customUserDatail
2025-12-06T08:04:50.875+02:00  WARN 22260 --- [main] JpaBaseConfiguration$JpaWebConfiguration : spring.jpa.open-in-view is enabled by default. Therefore, database queries may be performed during view rendering. Explicitly configure spring.jpa.open-in-view to disable this warning
2025-12-06T08:04:52.303+02:00  INFO 22260 --- [main] o.s.b.a.e.web.EndpointLinksResolver      : Exposing 1 endpoint beneath base path '/actuator'
2025-12-06T08:04:52.478+02:00  INFO 22260 --- [main] o.s.boot.tomcat.TomcatWebServer          : Tomcat started on port 8084 (http) with context path '/'
2025-12-06T08:04:52.494+02:00  INFO 22260 --- [main] admin.gestao.GestaoApplication           : Started GestaoApplication in 22.414 seconds (process running for 23.692)
2025-12-06T08:05:35.511+02:00  INFO 22260 --- [http-nio-8084-exec-1] o.a.c.c.C.[Tomcat].[localhost].[/]       : Initializing Spring DispatcherServlet 'dispatcherServlet'
2025-12-06T08:05:35.511+02:00  INFO 22260 --- [http-nio-8084-exec-1] o.s.web.servlet.DispatcherServlet        : Initializing Servlet 'dispatcherServlet'
2025-12-06T08:05:35.511+02:00  INFO 22260 --- [http-nio-8084-exec-1] o.s.web.servlet.DispatcherServlet        : Completed initialization in 0 ms
2025-12-06T08:11:31.531+02:00  INFO 22260 --- [SpringApplicationShutdownHook] o.s.boot.tomcat.GracefulShutdown         : Commencing graceful shutdown. Waiting for active requests to complete
2025-12-06T08:11:31.547+02:00  INFO 22260 --- [tomcat-shutdown] o.s.boot.tomcat.GracefulShutdown         : Graceful shutdown complete
2025-12-06T08:11:31.630+02:00  INFO 22260 --- [SpringApplicationShutdownHook] j.LocalContainerEntityManagerFactoryBean : Closing JPA EntityManagerFactory for persistence unit 'default'
2025-12-06T08:11:31.639+02:00  INFO 22260 --- [SpringApplicationShutdownHook] com.zaxxer.hikari.HikariDataSource       : HikariPool-POSTGRE - Shutdown initiated...
2025-12-06T08:11:33.531+02:00  INFO 22260 --- [SpringApplicationShutdownHook] com.zaxxer.hikari.HikariDataSource       : HikariPool-POSTGRE - Shutdown completed.
2025-12-06T08:11:43.477+02:00  INFO 21180 --- [main] admin.gestao.GestaoApplication           : Starting GestaoApplication using Java 21.0.4 with PID 21180 (C:\Users\Tridon\IdeaProjects\administracao\gestao\target\classes started by Tridon in C:\Users\Tridon\IdeaProjects\administracao)
2025-12-06T08:11:43.484+02:00  INFO 21180 --- [main] admin.gestao.GestaoApplication           : The following 1 profile is active: "admin"
2025-12-06T08:11:46.171+02:00  INFO 21180 --- [main] .s.d.r.c.RepositoryConfigurationDelegate : Bootstrapping Spring Data JPA repositories in DEFAULT mode.
2025-12-06T08:11:46.562+02:00  INFO 21180 --- [main] .s.d.r.c.RepositoryConfigurationDelegate : Finished Spring Data repository scanning in 358 ms. Found 4 JPA repository interfaces.
2025-12-06T08:11:48.398+02:00  INFO 21180 --- [main] o.s.boot.tomcat.TomcatWebServer          : Tomcat initialized with port 8084 (http)
2025-12-06T08:11:48.435+02:00  INFO 21180 --- [main] o.apache.catalina.core.StandardService   : Starting service [Tomcat]
2025-12-06T08:11:48.436+02:00  INFO 21180 --- [main] o.apache.catalina.core.StandardEngine    : Starting Servlet engine: [Apache Tomcat/11.0.14]
2025-12-06T08:11:48.602+02:00  INFO 21180 --- [main] b.w.c.s.WebApplicationContextInitializer : Root WebApplicationContext: initialization completed in 4954 ms
2025-12-06T08:11:50.494+02:00  INFO 21180 --- [main] o.s.o.j.p.SpringPersistenceUnitInfo      : No LoadTimeWeaver setup: ignoring JPA class transformer
2025-12-06T08:11:50.574+02:00  INFO 21180 --- [main] com.zaxxer.hikari.HikariDataSource       : HikariPool-POSTGRE - Starting...
2025-12-06T08:11:54.477+02:00  INFO 21180 --- [main] com.zaxxer.hikari.pool.HikariPool        : HikariPool-POSTGRE - Added connection org.postgresql.jdbc.PgConnection@5c3924fd
2025-12-06T08:11:54.486+02:00  INFO 21180 --- [main] com.zaxxer.hikari.HikariDataSource       : HikariPool-POSTGRE - Start completed.
2025-12-06T08:12:03.192+02:00  INFO 21180 --- [main] j.LocalContainerEntityManagerFactoryBean : Initialized JPA EntityManagerFactory for persistence unit 'default'
2025-12-06T08:12:03.329+02:00  INFO 21180 --- [main] o.s.d.j.r.query.QueryEnhancerFactories   : Hibernate is in classpath; If applicable, HQL parser will be used.
2025-12-06T08:12:05.350+02:00  INFO 21180 --- [main] r$InitializeUserDetailsManagerConfigurer : Global AuthenticationManager configured with UserDetailsService bean with name customUserDatail
2025-12-06T08:12:05.444+02:00  WARN 21180 --- [main] JpaBaseConfiguration$JpaWebConfiguration : spring.jpa.open-in-view is enabled by default. Therefore, database queries may be performed during view rendering. Explicitly configure spring.jpa.open-in-view to disable this warning
2025-12-06T08:12:07.028+02:00  INFO 21180 --- [main] o.s.b.a.e.web.EndpointLinksResolver      : Exposing 1 endpoint beneath base path '/actuator'
2025-12-06T08:12:07.396+02:00  INFO 21180 --- [main] o.s.boot.tomcat.TomcatWebServer          : Tomcat started on port 8084 (http) with context path '/'
2025-12-06T08:12:07.412+02:00  INFO 21180 --- [main] admin.gestao.GestaoApplication           : Started GestaoApplication in 25.342 seconds (process running for 26.604)
2025-12-06T08:12:40.504+02:00  INFO 21180 --- [http-nio-8084-exec-1] o.a.c.c.C.[Tomcat].[localhost].[/]       : Initializing Spring DispatcherServlet 'dispatcherServlet'
2025-12-06T08:12:40.507+02:00  INFO 21180 --- [http-nio-8084-exec-1] o.s.web.servlet.DispatcherServlet        : Initializing Servlet 'dispatcherServlet'
2025-12-06T08:12:40.529+02:00  INFO 21180 --- [http-nio-8084-exec-1] o.s.web.servlet.DispatcherServlet        : Completed initialization in 21 ms
2025-12-06T08:14:38.065+02:00  INFO 21180 --- [SpringApplicationShutdownHook] o.s.boot.tomcat.GracefulShutdown         : Commencing graceful shutdown. Waiting for active requests to complete
2025-12-06T08:14:38.087+02:00  INFO 21180 --- [tomcat-shutdown] o.s.boot.tomcat.GracefulShutdown         : Graceful shutdown complete
2025-12-06T08:14:38.142+02:00  INFO 21180 --- [SpringApplicationShutdownHook] j.LocalContainerEntityManagerFactoryBean : Closing JPA EntityManagerFactory for persistence unit 'default'
2025-12-06T08:14:38.147+02:00  INFO 21180 --- [SpringApplicationShutdownHook] com.zaxxer.hikari.HikariDataSource       : HikariPool-POSTGRE - Shutdown initiated...
2025-12-06T08:14:39.770+02:00  INFO 21180 --- [SpringApplicationShutdownHook] com.zaxxer.hikari.HikariDataSource       : HikariPool-POSTGRE - Shutdown completed.
2025-12-06T08:14:48.250+02:00  INFO 21824 --- [main] admin.gestao.GestaoApplication           : Starting GestaoApplication using Java 21.0.4 with PID 21824 (C:\Users\Tridon\IdeaProjects\administracao\gestao\target\classes started by Tridon in C:\Users\Tridon\IdeaProjects\administracao)
2025-12-06T08:14:48.257+02:00  INFO 21824 --- [main] admin.gestao.GestaoApplication           : The following 1 profile is active: "admin"
2025-12-06T08:14:50.818+02:00  INFO 21824 --- [main] .s.d.r.c.RepositoryConfigurationDelegate : Bootstrapping Spring Data JPA repositories in DEFAULT mode.
2025-12-06T08:14:51.150+02:00  INFO 21824 --- [main] .s.d.r.c.RepositoryConfigurationDelegate : Finished Spring Data repository scanning in 308 ms. Found 4 JPA repository interfaces.
2025-12-06T08:14:52.713+02:00  INFO 21824 --- [main] o.s.boot.tomcat.TomcatWebServer          : Tomcat initialized with port 8084 (http)
2025-12-06T08:14:52.741+02:00  INFO 21824 --- [main] o.apache.catalina.core.StandardService   : Starting service [Tomcat]
2025-12-06T08:14:52.742+02:00  INFO 21824 --- [main] o.apache.catalina.core.StandardEngine    : Starting Servlet engine: [Apache Tomcat/11.0.14]
2025-12-06T08:14:52.872+02:00  INFO 21824 --- [main] b.w.c.s.WebApplicationContextInitializer : Root WebApplicationContext: initialization completed in 4491 ms
2025-12-06T08:14:54.684+02:00  INFO 21824 --- [main] o.s.o.j.p.SpringPersistenceUnitInfo      : No LoadTimeWeaver setup: ignoring JPA class transformer
2025-12-06T08:14:54.750+02:00  INFO 21824 --- [main] com.zaxxer.hikari.HikariDataSource       : HikariPool-POSTGRE - Starting...
2025-12-06T08:14:58.556+02:00  INFO 21824 --- [main] com.zaxxer.hikari.pool.HikariPool        : HikariPool-POSTGRE - Added connection org.postgresql.jdbc.PgConnection@450f0d89
2025-12-06T08:14:58.563+02:00  INFO 21824 --- [main] com.zaxxer.hikari.HikariDataSource       : HikariPool-POSTGRE - Start completed.
2025-12-06T08:15:06.772+02:00  INFO 21824 --- [main] j.LocalContainerEntityManagerFactoryBean : Initialized JPA EntityManagerFactory for persistence unit 'default'
2025-12-06T08:15:06.913+02:00  INFO 21824 --- [main] o.s.d.j.r.query.QueryEnhancerFactories   : Hibernate is in classpath; If applicable, HQL parser will be used.
2025-12-06T08:15:09.042+02:00  INFO 21824 --- [main] r$InitializeUserDetailsManagerConfigurer : Global AuthenticationManager configured with UserDetailsService bean with name customUserDatail
2025-12-06T08:15:09.144+02:00  WARN 21824 --- [main] JpaBaseConfiguration$JpaWebConfiguration : spring.jpa.open-in-view is enabled by default. Therefore, database queries may be performed during view rendering. Explicitly configure spring.jpa.open-in-view to disable this warning
2025-12-06T08:15:10.580+02:00  INFO 21824 --- [main] o.s.b.a.e.web.EndpointLinksResolver      : Exposing 1 endpoint beneath base path '/actuator'
2025-12-06T08:15:10.734+02:00  INFO 21824 --- [main] o.s.boot.tomcat.TomcatWebServer          : Tomcat started on port 8084 (http) with context path '/'
2025-12-06T08:15:10.754+02:00  INFO 21824 --- [main] admin.gestao.GestaoApplication           : Started GestaoApplication in 23.736 seconds (process running for 24.933)
2025-12-06T08:15:51.864+02:00  INFO 21824 --- [http-nio-8084-exec-1] o.a.c.c.C.[Tomcat].[localhost].[/]       : Initializing Spring DispatcherServlet 'dispatcherServlet'
2025-12-06T08:15:51.866+02:00  INFO 21824 --- [http-nio-8084-exec-1] o.s.web.servlet.DispatcherServlet        : Initializing Servlet 'dispatcherServlet'
2025-12-06T08:15:51.896+02:00  INFO 21824 --- [http-nio-8084-exec-1] o.s.web.servlet.DispatcherServlet        : Completed initialization in 29 ms
2025-12-06T08:15:52.997+02:00 DEBUG 21824 --- [http-nio-8084-exec-2] org.hibernate.SQL                        : 
    insert 
    into
        api_keys
        (cliente, date_time, endpoint, id_user, keygen, status, id) 
    values
        (?, ?, ?, ?, ?, ?, ?)
2025-12-06T08:16:45.762+02:00  WARN 21824 --- [HikariPool-POSTGRE:housekeeper] com.zaxxer.hikari.pool.PoolBase          : HikariPool-POSTGRE - Failed to validate connection org.postgresql.jdbc.PgConnection@450f0d89 (This connection has been closed.). Possibly consider using a shorter maxLifetime value.
2025-12-06T08:16:55.777+02:00  WARN 21824 --- [HikariPool-POSTGRE:housekeeper] com.zaxxer.hikari.pool.PoolBase          : HikariPool-POSTGRE - Failed to validate connection org.postgresql.jdbc.PgConnection@1ec72d34 (This connection has been closed.). Possibly consider using a shorter maxLifetime value.
2025-12-06T08:17:05.785+02:00  WARN 21824 --- [HikariPool-POSTGRE:housekeeper] com.zaxxer.hikari.pool.PoolBase          : HikariPool-POSTGRE - Failed to validate connection org.postgresql.jdbc.PgConnection@4d2d8a7b (This connection has been closed.). Possibly consider using a shorter maxLifetime value.
2025-12-06T08:17:15.797+02:00  WARN 21824 --- [HikariPool-POSTGRE:housekeeper] com.zaxxer.hikari.pool.PoolBase          : HikariPool-POSTGRE - Failed to validate connection org.postgresql.jdbc.PgConnection@1471f551 (This connection has been closed.). Possibly consider using a shorter maxLifetime value.
2025-12-06T08:17:15.799+02:00  WARN 21824 --- [HikariPool-POSTGRE:housekeeper] com.zaxxer.hikari.pool.HikariPool        : HikariPool-POSTGRE - Thread starvation or clock leap detected (housekeeper delta=47s121ms802µs).
2025-12-06T08:17:25.821+02:00  WARN 21824 --- [HikariPool-POSTGRE:housekeeper] com.zaxxer.hikari.pool.PoolBase          : HikariPool-POSTGRE - Failed to validate connection org.postgresql.jdbc.PgConnection@34d29ccb (This connection has been closed.). Possibly consider using a shorter maxLifetime value.
2025-12-06T08:17:46.099+02:00  WARN 21824 --- [HikariPool-POSTGRE:connection-adder] com.zaxxer.hikari.pool.PoolBase          : HikariPool-POSTGRE - Pool is empty, failed to create/setup connection (33482c65-26d5-4ec7-9f4d-3d18897c7b66)

org.postgresql.util.PSQLException: The connection attempt failed.
	at org.postgresql.core.v3.ConnectionFactoryImpl.openConnectionImpl(ConnectionFactoryImpl.java:385) ~[postgresql-42.7.8.jar:42.7.8]
	at org.postgresql.core.ConnectionFactory.openConnection(ConnectionFactory.java:57) ~[postgresql-42.7.8.jar:42.7.8]
	at org.postgresql.jdbc.PgConnection.<init>(PgConnection.java:279) ~[postgresql-42.7.8.jar:42.7.8]
	at org.postgresql.Driver.makeConnection(Driver.java:448) ~[postgresql-42.7.8.jar:42.7.8]
	at org.postgresql.Driver.connect(Driver.java:298) ~[postgresql-42.7.8.jar:42.7.8]
	at com.zaxxer.hikari.util.DriverDataSource.getConnection(DriverDataSource.java:144) ~[HikariCP-7.0.2.jar:na]
	at com.zaxxer.hikari.pool.PoolBase.newConnection(PoolBase.java:373) ~[HikariCP-7.0.2.jar:na]
	at com.zaxxer.hikari.pool.PoolBase.newPoolEntry(PoolBase.java:210) ~[HikariCP-7.0.2.jar:na]
	at com.zaxxer.hikari.pool.HikariPool.createPoolEntry(HikariPool.java:488) ~[HikariCP-7.0.2.jar:na]
	at com.zaxxer.hikari.pool.HikariPool$PoolEntryCreator.call(HikariPool.java:752) ~[HikariCP-7.0.2.jar:na]
	at com.zaxxer.hikari.pool.HikariPool$PoolEntryCreator.call(HikariPool.java:731) ~[HikariCP-7.0.2.jar:na]
	at java.base/java.util.concurrent.FutureTask.run(FutureTask.java:317) ~[na:na]
	at java.base/java.util.concurrent.ThreadPoolExecutor.runWorker(ThreadPoolExecutor.java:1144) ~[na:na]
	at java.base/java.util.concurrent.ThreadPoolExecutor$Worker.run(ThreadPoolExecutor.java:642) ~[na:na]
	at java.base/java.lang.Thread.run(Thread.java:1583) ~[na:na]
Caused by: java.net.UnknownHostException: dpg-d4i2omjuibrs73du8tbg-a.oregon-postgres.render.com
	at java.base/sun.nio.ch.NioSocketImpl.connect(NioSocketImpl.java:567) ~[na:na]
	at java.base/java.net.SocksSocketImpl.connect(SocksSocketImpl.java:327) ~[na:na]
	at java.base/java.net.Socket.connect(Socket.java:751) ~[na:na]
	at org.postgresql.core.PGStream.createSocket(PGStream.java:261) ~[postgresql-42.7.8.jar:42.7.8]
	at org.postgresql.core.PGStream.<init>(PGStream.java:122) ~[postgresql-42.7.8.jar:42.7.8]
	at org.postgresql.core.v3.ConnectionFactoryImpl.tryConnect(ConnectionFactoryImpl.java:146) ~[postgresql-42.7.8.jar:42.7.8]
	at org.postgresql.core.v3.ConnectionFactoryImpl.openConnectionImpl(ConnectionFactoryImpl.java:289) ~[postgresql-42.7.8.jar:42.7.8]
	... 14 common frames omitted

2025-12-06T08:19:27.472+02:00 DEBUG 21824 --- [http-nio-8084-exec-4] org.hibernate.SQL                        : 
    select
        ak1_0.id,
        ak1_0.cliente,
        ak1_0.date_time,
        ak1_0.endpoint,
        ak1_0.id_user,
        ak1_0.keygen,
        ak1_0.status 
    from
        api_keys ak1_0 
    where
        ak1_0.status 
    order by
        ak1_0.date_time desc 
    offset
        ? rows 
    fetch
        first ? rows only
2025-12-06T08:19:28.694+02:00 DEBUG 21824 --- [http-nio-8084-exec-5] org.hibernate.SQL                        : 
    select
        ak1_0.id,
        ak1_0.cliente,
        ak1_0.date_time,
        ak1_0.endpoint,
        ak1_0.id_user,
        ak1_0.keygen,
        ak1_0.status 
    from
        api_keys ak1_0 
    where
        not(ak1_0.status) 
    order by
        ak1_0.date_time desc 
    offset
        ? rows 
    fetch
        first ? rows only
2025-12-06T08:19:31.832+02:00 DEBUG 21824 --- [http-nio-8084-exec-6] org.hibernate.SQL                        : 
    select
        ak1_0.id,
        ak1_0.cliente,
        ak1_0.date_time,
        ak1_0.endpoint,
        ak1_0.id_user,
        ak1_0.keygen,
        ak1_0.status 
    from
        api_keys ak1_0 
    where
        ak1_0.status 
    order by
        ak1_0.date_time desc 
    offset
        ? rows 
    fetch
        first ? rows only
2025-12-06T08:21:09.891+02:00 DEBUG 21824 --- [http-nio-8084-exec-9] org.hibernate.SQL                        : 
    select
        ak1_0.id,
        ak1_0.cliente,
        ak1_0.date_time,
        ak1_0.endpoint,
        ak1_0.id_user,
        ak1_0.keygen,
        ak1_0.status 
    from
        api_keys ak1_0 
    where
        1=1 
    order by
        ak1_0.date_time desc 
    offset
        ? rows 
    fetch
        first ? rows only
2025-12-06T08:21:10.820+02:00 DEBUG 21824 --- [http-nio-8084-exec-10] org.hibernate.SQL                        : 
    select
        ak1_0.id,
        ak1_0.cliente,
        ak1_0.date_time,
        ak1_0.endpoint,
        ak1_0.id_user,
        ak1_0.keygen,
        ak1_0.status 
    from
        api_keys ak1_0 
    where
        1=1 
    order by
        ak1_0.date_time desc 
    offset
        ? rows 
    fetch
        first ? rows only
2025-12-06T08:21:11.961+02:00 DEBUG 21824 --- [http-nio-8084-exec-2] org.hibernate.SQL                        : 
    select
        ak1_0.id,
        ak1_0.cliente,
        ak1_0.date_time,
        ak1_0.endpoint,
        ak1_0.id_user,
        ak1_0.keygen,
        ak1_0.status 
    from
        api_keys ak1_0 
    where
        1=1 
    order by
        ak1_0.date_time desc 
    offset
        ? rows 
    fetch
        first ? rows only
2025-12-06T08:29:03.355+02:00  WARN 21824 --- [HikariPool-POSTGRE:housekeeper] com.zaxxer.hikari.pool.PoolBase          : HikariPool-POSTGRE - Failed to validate connection org.postgresql.jdbc.PgConnection@5a1b3029 (This connection has been closed.). Possibly consider using a shorter maxLifetime value.
2025-12-06T08:29:34.404+02:00  WARN 21824 --- [HikariPool-POSTGRE:housekeeper] com.zaxxer.hikari.pool.PoolBase          : HikariPool-POSTGRE - Failed to validate connection org.postgresql.jdbc.PgConnection@2e8fad3 (This connection has been closed.). Possibly consider using a shorter maxLifetime value.
2025-12-06T08:29:50.776+02:00  WARN 21824 --- [HikariPool-POSTGRE:housekeeper] com.zaxxer.hikari.pool.PoolBase          : HikariPool-POSTGRE - Failed to validate connection org.postgresql.jdbc.PgConnection@1c464f64 (This connection has been closed.). Possibly consider using a shorter maxLifetime value.
2025-12-06T08:30:25.835+02:00  WARN 21824 --- [HikariPool-POSTGRE:housekeeper] com.zaxxer.hikari.pool.PoolBase          : HikariPool-POSTGRE - Failed to validate connection org.postgresql.jdbc.PgConnection@1b779509 (This connection has been closed.). Possibly consider using a shorter maxLifetime value.
2025-12-06T08:30:35.872+02:00  WARN 21824 --- [HikariPool-POSTGRE:housekeeper] com.zaxxer.hikari.pool.PoolBase          : HikariPool-POSTGRE - Failed to validate connection org.postgresql.jdbc.PgConnection@57af2ccb (This connection has been closed.). Possibly consider using a shorter maxLifetime value.
2025-12-06T08:30:39.108+02:00  WARN 21824 --- [HikariPool-POSTGRE:connection-adder] com.zaxxer.hikari.pool.PoolBase          : HikariPool-POSTGRE - Pool is empty, failed to create/setup connection (565dabba-8471-4736-bce0-01983aed8650)

org.postgresql.util.PSQLException: The connection attempt failed.
	at org.postgresql.core.v3.ConnectionFactoryImpl.openConnectionImpl(ConnectionFactoryImpl.java:385) ~[postgresql-42.7.8.jar:42.7.8]
	at org.postgresql.core.ConnectionFactory.openConnection(ConnectionFactory.java:57) ~[postgresql-42.7.8.jar:42.7.8]
	at org.postgresql.jdbc.PgConnection.<init>(PgConnection.java:279) ~[postgresql-42.7.8.jar:42.7.8]
	at org.postgresql.Driver.makeConnection(Driver.java:448) ~[postgresql-42.7.8.jar:42.7.8]
	at org.postgresql.Driver.connect(Driver.java:298) ~[postgresql-42.7.8.jar:42.7.8]
	at com.zaxxer.hikari.util.DriverDataSource.getConnection(DriverDataSource.java:144) ~[HikariCP-7.0.2.jar:na]
	at com.zaxxer.hikari.pool.PoolBase.newConnection(PoolBase.java:373) ~[HikariCP-7.0.2.jar:na]
	at com.zaxxer.hikari.pool.PoolBase.newPoolEntry(PoolBase.java:210) ~[HikariCP-7.0.2.jar:na]
	at com.zaxxer.hikari.pool.HikariPool.createPoolEntry(HikariPool.java:488) ~[HikariCP-7.0.2.jar:na]
	at com.zaxxer.hikari.pool.HikariPool$PoolEntryCreator.call(HikariPool.java:752) ~[HikariCP-7.0.2.jar:na]
	at com.zaxxer.hikari.pool.HikariPool$PoolEntryCreator.call(HikariPool.java:731) ~[HikariCP-7.0.2.jar:na]
	at java.base/java.util.concurrent.FutureTask.run(FutureTask.java:317) ~[na:na]
	at java.base/java.util.concurrent.ThreadPoolExecutor.runWorker(ThreadPoolExecutor.java:1144) ~[na:na]
	at java.base/java.util.concurrent.ThreadPoolExecutor$Worker.run(ThreadPoolExecutor.java:642) ~[na:na]
	at java.base/java.lang.Thread.run(Thread.java:1583) ~[na:na]
Caused by: java.net.UnknownHostException: dpg-d4i2omjuibrs73du8tbg-a.oregon-postgres.render.com
	at java.base/sun.nio.ch.NioSocketImpl.connect(NioSocketImpl.java:567) ~[na:na]
	at java.base/java.net.SocksSocketImpl.connect(SocksSocketImpl.java:327) ~[na:na]
	at java.base/java.net.Socket.connect(Socket.java:751) ~[na:na]
	at org.postgresql.core.PGStream.createSocket(PGStream.java:261) ~[postgresql-42.7.8.jar:42.7.8]
	at org.postgresql.core.PGStream.<init>(PGStream.java:122) ~[postgresql-42.7.8.jar:42.7.8]
	at org.postgresql.core.v3.ConnectionFactoryImpl.tryConnect(ConnectionFactoryImpl.java:146) ~[postgresql-42.7.8.jar:42.7.8]
	at org.postgresql.core.v3.ConnectionFactoryImpl.openConnectionImpl(ConnectionFactoryImpl.java:289) ~[postgresql-42.7.8.jar:42.7.8]
	... 14 common frames omitted

